/*
SQLyog Professional v13.1.1 (64 bit)
MySQL - 8.0.30 : Database - ciptapro_pbf_menjangan_enam
*********************************************************************
*/

/*!40101 SET NAMES utf8 */;

/*!40101 SET SQL_MODE=''*/;

/*!40014 SET @OLD_UNIQUE_CHECKS=@@UNIQUE_CHECKS, UNIQUE_CHECKS=0 */;
/*!40014 SET @OLD_FOREIGN_KEY_CHECKS=@@FOREIGN_KEY_CHECKS, FOREIGN_KEY_CHECKS=0 */;
/*!40101 SET @OLD_SQL_MODE=@@SQL_MODE, SQL_MODE='NO_AUTO_VALUE_ON_ZERO' */;
/*!40111 SET @OLD_SQL_NOTES=@@SQL_NOTES, SQL_NOTES=0 */;
CREATE DATABASE /*!32312 IF NOT EXISTS*/`ciptapro_pbf_menjangan_enam` /*!40100 DEFAULT CHARACTER SET utf8mb4 COLLATE utf8mb4_general_ci */ /*!80016 DEFAULT ENCRYPTION='N' */;

USE `ciptapro_pbf_menjangan_enam`;

/*Table structure for table `acct_account` */

DROP TABLE IF EXISTS `acct_account`;

CREATE TABLE `acct_account` (
  `account_id` int NOT NULL AUTO_INCREMENT,
  `account_type_id` int DEFAULT '0',
  `account_code` varchar(20) DEFAULT '',
  `account_name` varchar(100) DEFAULT '',
  `account_group` varchar(20) DEFAULT '',
  `account_suspended` decimal(1,0) DEFAULT '0' COMMENT '1 : Yes, 0 : No',
  `parent_account_status` int NOT NULL DEFAULT '0',
  `parent_account_id` int DEFAULT '0',
  `top_parent_account_id` int DEFAULT '0',
  `account_has_child` enum('1','0') DEFAULT '0',
  `opening_debit_balance` decimal(20,2) DEFAULT '0.00',
  `opening_credit_balance` decimal(20,2) DEFAULT '0.00',
  `debit_change` decimal(20,2) DEFAULT '0.00',
  `credit_change` decimal(20,2) DEFAULT '0.00',
  `account_default_status` int NOT NULL DEFAULT '0',
  `account_remark` text,
  `account_status` decimal(1,0) DEFAULT '1',
  `data_state` decimal(1,0) DEFAULT '0',
  `created_id` int NOT NULL DEFAULT '0',
  `created_at` datetime DEFAULT NULL,
  `updated_at` timestamp NOT NULL DEFAULT CURRENT_TIMESTAMP,
  PRIMARY KEY (`account_id`),
  KEY `FK_acct_account_account_type_id` (`account_type_id`),
  KEY `account_code` (`account_code`),
  KEY `parent_account_id` (`parent_account_id`),
  KEY `account_group` (`account_group`)
) ENGINE=InnoDB AUTO_INCREMENT=535 DEFAULT CHARSET=utf8mb3;

/*Data for the table `acct_account` */

insert  into `acct_account`(`account_id`,`account_type_id`,`account_code`,`account_name`,`account_group`,`account_suspended`,`parent_account_status`,`parent_account_id`,`top_parent_account_id`,`account_has_child`,`opening_debit_balance`,`opening_credit_balance`,`debit_change`,`credit_change`,`account_default_status`,`account_remark`,`account_status`,`data_state`,`created_id`,`created_at`,`updated_at`) values 
(1,0,'10000000','Aset','10000000',0,0,0,0,'0',0.00,0.00,0.00,0.00,1,'',1,0,0,'0000-00-00 00:00:00','0000-00-00 00:00:00'),
(2,0,'11000000','Aset Lancar','10000001',0,0,0,0,'0',0.00,0.00,0.00,0.00,1,'',1,0,0,'0000-00-00 00:00:00','0000-00-00 00:00:00'),
(3,0,'11010000','Kas dan Bank','10000002',0,0,0,0,'0',0.00,0.00,0.00,0.00,1,'',1,0,0,'0000-00-00 00:00:00','0000-00-00 00:00:00'),
(4,0,'11010100','Kas','10000003',0,0,0,0,'0',0.00,0.00,0.00,0.00,1,'',1,0,0,'0000-00-00 00:00:00','0000-00-00 00:00:00'),
(5,0,'11010101','Kas','10000004',0,0,0,0,'0',0.00,0.00,0.00,0.00,1,'',1,0,0,'0000-00-00 00:00:00','0000-00-00 00:00:00'),
(6,0,'11010102','Kas Kecil Penjualan','10000005',0,0,0,0,'0',0.00,0.00,0.00,0.00,1,'',1,0,0,'0000-00-00 00:00:00','0000-00-00 00:00:00'),
(7,0,'11010103','Kas Bendahara','10000006',0,0,0,0,'0',0.00,0.00,0.00,0.00,1,'',1,0,0,'0000-00-00 00:00:00','0000-00-00 00:00:00'),
(8,0,'11010200','Bank','10000007',0,0,0,0,'0',0.00,0.00,0.00,0.00,1,'',1,0,0,'0000-00-00 00:00:00','0000-00-00 00:00:00'),
(9,0,'11010201','Bank Mandiri 136-00-76630034','10000008',0,0,0,0,'0',0.00,0.00,0.00,0.00,1,'',1,0,0,'0000-00-00 00:00:00','0000-00-00 00:00:00'),
(10,0,'11010202','Bank Mandiri 136.00.00131000','10000009',0,0,0,0,'0',0.00,0.00,0.00,0.00,1,'',1,0,0,'0000-00-00 00:00:00','0000-00-00 00:00:00'),
(11,0,'11010203','Bank Mandiri 136-00-76632709','10000010',0,0,0,0,'0',0.00,0.00,0.00,0.00,1,'',1,0,0,'0000-00-00 00:00:00','0000-00-00 00:00:00'),
(12,0,'11010204','Bank Danamon Syariah','10000011',0,0,0,0,'0',0.00,0.00,0.00,0.00,1,'',1,0,0,'0000-00-00 00:00:00','0000-00-00 00:00:00'),
(13,0,'11010205','Bank Jateng','10000012',0,0,0,0,'0',0.00,0.00,0.00,0.00,1,'',1,0,0,'0000-00-00 00:00:00','0000-00-00 00:00:00'),
(14,0,'11010206','Bank BRI Syariah','10000013',0,0,0,0,'0',0.00,0.00,0.00,0.00,1,'',1,0,0,'0000-00-00 00:00:00','0000-00-00 00:00:00'),
(15,0,'11010207','Bank BII','10000014',0,0,0,0,'0',0.00,0.00,0.00,0.00,1,'',1,0,0,'0000-00-00 00:00:00','0000-00-00 00:00:00'),
(16,0,'11010208','Bank Mandiri 135.00.00131001','10000015',0,0,0,0,'0',0.00,0.00,0.00,0.00,1,'',1,0,0,'0000-00-00 00:00:00','0000-00-00 00:00:00'),
(17,0,'11010209','Bank BCA','10000016',0,0,0,0,'0',0.00,0.00,0.00,0.00,1,'',1,0,0,'0000-00-00 00:00:00','0000-00-00 00:00:00'),
(18,0,'11010210','Bank Mandiri 135-00-00132009','10000017',0,0,0,0,'0',0.00,0.00,0.00,0.00,1,'',1,0,0,'0000-00-00 00:00:00','0000-00-00 00:00:00'),
(19,0,'11010211','Bank Mandiri 135.00.00.131092','10000018',0,0,0,0,'0',0.00,0.00,0.00,0.00,1,'',1,0,0,'0000-00-00 00:00:00','0000-00-00 00:00:00'),
(20,0,'11010212','Bank Sinarmas Syariah','10000019',0,0,0,0,'0',0.00,0.00,0.00,0.00,1,'',1,0,0,'0000-00-00 00:00:00','0000-00-00 00:00:00'),
(21,0,'11010213','Bank BTPN Syariah','10000020',0,0,0,0,'0',0.00,0.00,0.00,0.00,1,'',1,0,0,'0000-00-00 00:00:00','0000-00-00 00:00:00'),
(22,0,'11010214','Bank Syariah Indonesia','10000021',0,0,0,0,'0',0.00,0.00,0.00,0.00,1,'',1,0,0,'0000-00-00 00:00:00','0000-00-00 00:00:00'),
(23,0,'11010215','Bank Mandiri 135.00.00.131027','10000022',0,0,0,0,'0',0.00,0.00,0.00,0.00,1,'',1,0,0,'0000-00-00 00:00:00','0000-00-00 00:00:00'),
(24,0,'11010216','Bank Mandiri 135.00.00.131035','10000023',0,0,0,0,'0',0.00,0.00,0.00,0.00,1,'',1,0,0,'0000-00-00 00:00:00','0000-00-00 00:00:00'),
(25,0,'11010217','Bank Banten 00138254','10000024',0,0,0,0,'0',0.00,0.00,0.00,0.00,1,'',1,0,0,'0000-00-00 00:00:00','0000-00-00 00:00:00'),
(26,0,'11010218','Bank Sinarmas Syariah 9930686457','10000025',0,0,0,0,'0',0.00,0.00,0.00,0.00,1,'',1,0,0,'0000-00-00 00:00:00','0000-00-00 00:00:00'),
(27,0,'11010300','Deposito','10000026',0,0,0,0,'0',0.00,0.00,0.00,0.00,1,'',1,0,0,'0000-00-00 00:00:00','0000-00-00 00:00:00'),
(28,0,'11010301','Deposito Bank','10000027',0,0,0,0,'0',0.00,0.00,0.00,0.00,1,'',1,0,0,'0000-00-00 00:00:00','0000-00-00 00:00:00'),
(29,0,'11020000','Investasi Jangka Pendek','10000028',0,0,0,0,'0',0.00,0.00,0.00,0.00,1,'',1,0,0,'0000-00-00 00:00:00','0000-00-00 00:00:00'),
(30,0,'11020100','Surat Berharga','10000029',0,0,0,0,'0',0.00,0.00,0.00,0.00,1,'',1,0,0,'0000-00-00 00:00:00','0000-00-00 00:00:00'),
(31,0,'11020101','Surat Berharga','10000030',0,0,0,0,'0',0.00,0.00,0.00,0.00,1,'',1,0,0,'0000-00-00 00:00:00','0000-00-00 00:00:00'),
(32,0,'11030000','Piutang Usaha','10000031',0,0,0,0,'0',0.00,0.00,0.00,0.00,1,'',1,0,0,'0000-00-00 00:00:00','0000-00-00 00:00:00'),
(33,0,'11030100','Piutang Anggota','10000032',0,0,0,0,'0',0.00,0.00,0.00,0.00,1,'',1,0,0,'0000-00-00 00:00:00','0000-00-00 00:00:00'),
(34,0,'11030101','Piutang Uang','10000033',0,0,0,0,'0',0.00,0.00,0.00,0.00,1,'',1,0,0,'0000-00-00 00:00:00','0000-00-00 00:00:00'),
(35,0,'11030102','Piutang Elektronik','10000034',0,0,0,0,'0',0.00,0.00,0.00,0.00,1,'',1,0,0,'0000-00-00 00:00:00','0000-00-00 00:00:00'),
(36,0,'11030103','Piutang SIM / STNK','10000035',0,0,0,0,'0',0.00,0.00,0.00,0.00,1,'',1,0,0,'0000-00-00 00:00:00','0000-00-00 00:00:00'),
(37,0,'11030104','Piutang Konsinyasi','10000036',0,0,0,0,'0',0.00,0.00,0.00,0.00,1,'',1,0,0,'0000-00-00 00:00:00','0000-00-00 00:00:00'),
(38,0,'11030105','Piutang Listrik Air','10000037',0,0,0,0,'0',0.00,0.00,0.00,0.00,1,'',1,0,0,'0000-00-00 00:00:00','0000-00-00 00:00:00'),
(39,0,'11030106','Piutang Toko','10000038',0,0,0,0,'0',0.00,0.00,0.00,0.00,1,'',1,0,0,'0000-00-00 00:00:00','0000-00-00 00:00:00'),
(40,0,'11030107','Piutang Sepeda','10000039',0,0,0,0,'0',0.00,0.00,0.00,0.00,1,'',1,0,0,'0000-00-00 00:00:00','0000-00-00 00:00:00'),
(41,0,'11030200','Piutang Non Anggota','10000040',0,0,0,0,'0',0.00,0.00,0.00,0.00,1,'',1,0,0,'0000-00-00 00:00:00','0000-00-00 00:00:00'),
(42,0,'11030201','Piutang Non Anggota','10000041',0,0,0,0,'0',0.00,0.00,0.00,0.00,1,'',1,0,0,'0000-00-00 00:00:00','0000-00-00 00:00:00'),
(43,0,'11030202','Piutang Non Anggota Diskon','10000042',0,0,0,0,'0',0.00,0.00,0.00,0.00,1,'',1,0,0,'0000-00-00 00:00:00','0000-00-00 00:00:00'),
(44,0,'11030203','Piutang Non Anggota Unit Jasa Sewa Mobil','10000043',0,0,0,0,'0',0.00,0.00,0.00,0.00,1,'',1,0,0,'0000-00-00 00:00:00','0000-00-00 00:00:00'),
(45,0,'11030204','Piutang Non Anggota Unit Jasa Sewa Genset','10000044',0,0,0,0,'0',0.00,0.00,0.00,0.00,1,'',1,0,0,'0000-00-00 00:00:00','0000-00-00 00:00:00'),
(46,0,'11030205','Piutang Non Anggota Unit Jasa Fotocopy','10000045',0,0,0,0,'0',0.00,0.00,0.00,0.00,1,'',1,0,0,'0000-00-00 00:00:00','0000-00-00 00:00:00'),
(47,0,'11030206','Piutang Non Anggota Unit Jasa Perumahan','10000046',0,0,0,0,'0',0.00,0.00,0.00,0.00,1,'',1,0,0,'0000-00-00 00:00:00','0000-00-00 00:00:00'),
(48,0,'11030207','Piutang Retur Penjualan','10000047',0,0,0,0,'0',0.00,0.00,0.00,0.00,1,'',1,0,0,'0000-00-00 00:00:00','0000-00-00 00:00:00'),
(49,0,'11030208','Piutang Non Anggota Unit Alfamart','10000048',0,0,0,0,'0',0.00,0.00,0.00,0.00,1,'',1,0,0,'0000-00-00 00:00:00','0000-00-00 00:00:00'),
(50,0,'11030209','Piutang Non Anggota Promosi','10000049',0,0,0,0,'0',0.00,0.00,0.00,0.00,1,'',1,0,0,'0000-00-00 00:00:00','0000-00-00 00:00:00'),
(51,0,'11030210','Piutang PT Phapros','10000050',0,0,0,0,'0',0.00,0.00,0.00,0.00,1,'',1,0,0,'0000-00-00 00:00:00','0000-00-00 00:00:00'),
(52,0,'11030211','Piutang Lain - Lain','10000051',0,0,0,0,'0',0.00,0.00,0.00,0.00,1,'',1,0,0,'0000-00-00 00:00:00','0000-00-00 00:00:00'),
(53,0,'11030212','Piutang PT Mesm','10000052',0,0,0,0,'0',0.00,0.00,0.00,0.00,1,'',1,0,0,'0000-00-00 00:00:00','0000-00-00 00:00:00'),
(54,0,'11030213','Piutang Sertifikasi','10000053',0,0,0,0,'0',0.00,0.00,0.00,0.00,1,'',1,0,0,'0000-00-00 00:00:00','0000-00-00 00:00:00'),
(55,0,'11030214','Piutang Investasi','10000054',0,0,0,0,'0',0.00,0.00,0.00,0.00,1,'',1,0,0,'0000-00-00 00:00:00','0000-00-00 00:00:00'),
(56,0,'11030215','Piutang Apotik','10000055',0,0,0,0,'0',0.00,0.00,0.00,0.00,1,'',1,0,0,'0000-00-00 00:00:00','0000-00-00 00:00:00'),
(57,0,'11030216','Piutang QRIS','10000056',0,0,0,0,'0',0.00,0.00,0.00,0.00,1,'',1,0,0,'0000-00-00 00:00:00','0000-00-00 00:00:00'),
(58,0,'11030217','Piutang Biaya Kirim - Kimia Farma','10000057',0,0,0,0,'0',0.00,0.00,0.00,0.00,1,'',1,0,0,'0000-00-00 00:00:00','0000-00-00 00:00:00'),
(59,0,'11030300','Ayat Silang','10000058',0,0,0,0,'0',0.00,0.00,0.00,0.00,1,'',1,0,0,'0000-00-00 00:00:00','0000-00-00 00:00:00'),
(60,0,'11030301','Ayat Silang','10000059',0,0,0,0,'0',0.00,0.00,0.00,0.00,1,'',1,0,0,'0000-00-00 00:00:00','0000-00-00 00:00:00'),
(61,0,'11030302','Ayat Silang Hutang','10000060',0,0,0,0,'0',0.00,0.00,0.00,0.00,1,'',1,0,0,'0000-00-00 00:00:00','0000-00-00 00:00:00'),
(62,0,'11030400','Piutang/Hutang Unit','10000061',0,0,0,0,'0',0.00,0.00,0.00,0.00,1,'',1,0,0,'0000-00-00 00:00:00','0000-00-00 00:00:00'),
(63,0,'11030401','Piutang/Hutang Toko','10000062',0,0,0,0,'0',0.00,0.00,0.00,0.00,1,'',1,0,0,'0000-00-00 00:00:00','0000-00-00 00:00:00'),
(64,0,'11030402','Piutang/Hutang Simpin','10000063',0,0,0,0,'0',0.00,0.00,0.00,0.00,1,'',1,0,0,'0000-00-00 00:00:00','0000-00-00 00:00:00'),
(65,0,'11030403','Piutang/Hutang Apotik','10000064',0,0,0,0,'0',0.00,0.00,0.00,0.00,1,'',1,0,0,'0000-00-00 00:00:00','0000-00-00 00:00:00'),
(66,0,'11030404','Piutang/Hutang PBF','10000065',0,0,0,0,'0',0.00,0.00,0.00,0.00,1,'',1,0,0,'0000-00-00 00:00:00','0000-00-00 00:00:00'),
(67,0,'11030405','Piutang/Hutang Alfamart','10000066',0,0,0,0,'0',0.00,0.00,0.00,0.00,1,'',1,0,0,'0000-00-00 00:00:00','0000-00-00 00:00:00'),
(68,0,'11030406','Piutang/Hutang Jasa','10000067',0,0,0,0,'0',0.00,0.00,0.00,0.00,1,'',1,0,0,'0000-00-00 00:00:00','0000-00-00 00:00:00'),
(69,0,'11030407','Piutang/Hutang Induk','10000068',0,0,0,0,'0',0.00,0.00,0.00,0.00,1,'',1,0,0,'0000-00-00 00:00:00','0000-00-00 00:00:00'),
(70,0,'11040000','Cadangan Kerugian Piutang','10000069',0,0,0,0,'0',0.00,0.00,0.00,0.00,1,'',1,0,0,'0000-00-00 00:00:00','0000-00-00 00:00:00'),
(71,0,'11040100','Cadangan Kerugian Piutang Anggota','10000070',0,0,0,0,'0',0.00,0.00,0.00,0.00,1,'',1,0,0,'0000-00-00 00:00:00','0000-00-00 00:00:00'),
(72,0,'11040101','Cad. Kerugian Piutang Anggota','10000071',0,0,0,0,'0',0.00,0.00,0.00,0.00,1,'',1,0,0,'0000-00-00 00:00:00','0000-00-00 00:00:00'),
(73,0,'11040102','Penyisihan Piutang Tak Tertagih','10000072',0,0,0,0,'0',0.00,0.00,0.00,0.00,1,'',1,0,0,'0000-00-00 00:00:00','0000-00-00 00:00:00'),
(74,0,'11040200','Cadangan Kerugian Piutang Non Anggota','10000073',0,0,0,0,'0',0.00,0.00,0.00,0.00,1,'',1,0,0,'0000-00-00 00:00:00','0000-00-00 00:00:00'),
(75,0,'11040201','Cad. Kerugian Piutang Non Anggota','10000074',0,0,0,0,'0',0.00,0.00,0.00,0.00,1,'',1,0,0,'0000-00-00 00:00:00','0000-00-00 00:00:00'),
(76,0,'11050000','Perlengkapan','10000075',0,0,0,0,'0',0.00,0.00,0.00,0.00,1,'',1,0,0,'0000-00-00 00:00:00','0000-00-00 00:00:00'),
(77,0,'11050100','Perlengkapan Habis Pakai','10000076',0,0,0,0,'0',0.00,0.00,0.00,0.00,1,'',1,0,0,'0000-00-00 00:00:00','0000-00-00 00:00:00'),
(78,0,'11050101','Perlengkapan Habis Pakai','10000077',0,0,0,0,'0',0.00,0.00,0.00,0.00,1,'',1,0,0,'0000-00-00 00:00:00','0000-00-00 00:00:00'),
(79,0,'11050102','Perlengkapan Kemas','10000078',0,0,0,0,'0',0.00,0.00,0.00,0.00,1,'',1,0,0,'0000-00-00 00:00:00','0000-00-00 00:00:00'),
(80,0,'11060000','Persediaan Barang','10000079',0,0,0,0,'0',0.00,0.00,0.00,0.00,1,'',1,0,0,'0000-00-00 00:00:00','0000-00-00 00:00:00'),
(81,0,'11060100','Persediaan Barang Dagang','10000080',0,0,0,0,'0',0.00,0.00,0.00,0.00,1,'',1,0,0,'0000-00-00 00:00:00','0000-00-00 00:00:00'),
(82,0,'11060101','Persediaan Barang Dagang','10000081',0,0,0,0,'0',0.00,0.00,0.00,0.00,1,'',1,0,0,'0000-00-00 00:00:00','0000-00-00 00:00:00'),
(83,0,'11060102','Persediaan Barang Retur Penjualan Intransit','10000082',0,0,0,0,'0',0.00,0.00,0.00,0.00,1,'',1,0,0,'0000-00-00 00:00:00','0000-00-00 00:00:00'),
(84,0,'11060200','Persediaan Barang Dalam Proses','10000083',0,0,0,0,'0',0.00,0.00,0.00,0.00,1,'',1,0,0,'0000-00-00 00:00:00','0000-00-00 00:00:00'),
(85,0,'11060201','Persediaan Dalam Proses Unit Jasa Perumahan','10000084',0,0,0,0,'0',0.00,0.00,0.00,0.00,1,'',1,0,0,'0000-00-00 00:00:00','0000-00-00 00:00:00'),
(86,0,'11060300','Persediaan Barang Dalam Perjalanan','10000085',0,0,0,0,'0',0.00,0.00,0.00,0.00,1,'',1,0,0,'0000-00-00 00:00:00','0000-00-00 00:00:00'),
(87,0,'11060301','Persediaan Barang Dalam Perjalanan','10000086',0,0,0,0,'0',0.00,0.00,0.00,0.00,1,'',1,0,0,'0000-00-00 00:00:00','0000-00-00 00:00:00'),
(88,0,'11070000','Biaya Dibayar Dimuka','10000087',0,0,0,0,'0',0.00,0.00,0.00,0.00,1,'',1,0,0,'0000-00-00 00:00:00','0000-00-00 00:00:00'),
(89,0,'11070100','Asuransi Dibayar Dimuka','10000088',0,0,0,0,'0',0.00,0.00,0.00,0.00,0,'',0,0,0,'0000-00-00 00:00:00','0000-00-00 00:00:00'),
(90,0,'11070101','Asuransi Dibayar Dimuka','10000089',0,0,0,0,'0',0.00,0.00,0.00,0.00,0,'',0,0,0,'0000-00-00 00:00:00','0000-00-00 00:00:00'),
(91,0,'11070102','Franchise Fee Dibayar Dimuka','10000090',0,0,0,0,'0',0.00,0.00,0.00,0.00,1,'',1,0,0,'0000-00-00 00:00:00','0000-00-00 00:00:00'),
(92,0,'11070103','Biaya Dibayar Dimuka','10000091',0,0,0,0,'0',0.00,0.00,0.00,0.00,1,'',1,0,0,'0000-00-00 00:00:00','0000-00-00 00:00:00'),
(93,0,'11070200','Uang Muka Pembelian Karyawan','10000092',0,0,0,0,'0',0.00,0.00,0.00,0.00,1,'',1,0,0,'0000-00-00 00:00:00','0000-00-00 00:00:00'),
(94,0,'11070201','Uang Muka Pembelian Karyawan','10000093',0,0,0,0,'0',0.00,0.00,0.00,0.00,1,'',1,0,0,'0000-00-00 00:00:00','0000-00-00 00:00:00'),
(95,0,'11070202','Deposit Ubrg','10000094',0,0,0,0,'0',0.00,0.00,0.00,0.00,1,'',1,0,0,'0000-00-00 00:00:00','0000-00-00 00:00:00'),
(96,0,'11070203','Uang Muka SHU','10000095',0,0,0,0,'0',0.00,0.00,0.00,0.00,1,'',1,0,0,'0000-00-00 00:00:00','0000-00-00 00:00:00'),
(97,0,'11070300','Pajak Penghasilan Dibayar Dimuka','10000096',0,0,0,0,'0',0.00,0.00,0.00,0.00,1,'',1,0,0,'0000-00-00 00:00:00','0000-00-00 00:00:00'),
(98,0,'11070301','PPh Dibayar Dimuka Ps. 21','10000097',0,0,0,0,'0',0.00,0.00,0.00,0.00,1,'',1,0,0,'0000-00-00 00:00:00','0000-00-00 00:00:00'),
(99,0,'11070302','PPh Dibayar Dimuka Ps. 22','10000098',0,0,0,0,'0',0.00,0.00,0.00,0.00,1,'',1,0,0,'0000-00-00 00:00:00','0000-00-00 00:00:00'),
(100,0,'11070303','PPh Dibayar Dimuka Ps. 23','10000099',0,0,0,0,'0',0.00,0.00,0.00,0.00,1,'',1,0,0,'0000-00-00 00:00:00','0000-00-00 00:00:00'),
(101,0,'11070304','PPh Dibayar Dimuka Ps. 25','10000100',0,0,0,0,'0',0.00,0.00,0.00,0.00,1,'',1,0,0,'0000-00-00 00:00:00','0000-00-00 00:00:00'),
(102,0,'11070305','Pajak Dibayar Dimuka Alfamart','10000101',0,0,0,0,'0',0.00,0.00,0.00,0.00,1,'',1,0,0,'0000-00-00 00:00:00','0000-00-00 00:00:00'),
(103,0,'11070306','Piutang PPh Ps. 29','10000102',0,0,0,0,'0',0.00,0.00,0.00,0.00,1,'',1,0,0,'0000-00-00 00:00:00','0000-00-00 00:00:00'),
(104,0,'11070400','PPN Masukan','10000103',0,0,0,0,'0',0.00,0.00,0.00,0.00,1,'',1,0,0,'0000-00-00 00:00:00','0000-00-00 00:00:00'),
(105,0,'11070401','PPN Masukan','10000104',0,0,0,0,'0',0.00,0.00,0.00,0.00,1,'',1,0,0,'0000-00-00 00:00:00','0000-00-00 00:00:00'),
(106,0,'11070402','PPN Masukan Belum Diterima','10000105',0,0,0,0,'0',0.00,0.00,0.00,0.00,1,'',1,0,0,'0000-00-00 00:00:00','0000-00-00 00:00:00'),
(107,0,'11070500','PPN Lebih Bayar','10000106',0,0,0,0,'0',0.00,0.00,0.00,0.00,1,'',1,0,0,'0000-00-00 00:00:00','0000-00-00 00:00:00'),
(108,0,'11070501','PPN Lebih Bayar','10000107',0,0,0,0,'0',0.00,0.00,0.00,0.00,1,'',1,0,0,'0000-00-00 00:00:00','0000-00-00 00:00:00'),
(109,0,'11080000','Pendapatan Yang Masih Harus Diterima','10000108',0,0,0,0,'0',0.00,0.00,0.00,0.00,1,'',1,0,0,'0000-00-00 00:00:00','0000-00-00 00:00:00'),
(110,0,'11080100','Piutang Pendapatan Bunga','10000109',0,0,0,0,'0',0.00,0.00,0.00,0.00,1,'',1,0,0,'0000-00-00 00:00:00','0000-00-00 00:00:00'),
(111,0,'11080101','Piutang Pendapatan Bunga','10000110',0,0,0,0,'0',0.00,0.00,0.00,0.00,1,'',1,0,0,'0000-00-00 00:00:00','0000-00-00 00:00:00'),
(112,0,'11080102','Piutang Pendapatan Bunga Unit Jasa Sewa Mobil','10000111',0,0,0,0,'0',0.00,0.00,0.00,0.00,1,'',1,0,0,'0000-00-00 00:00:00','0000-00-00 00:00:00'),
(113,0,'11080103','Piutang Pendapatan Bunga Unit Jasa Sewa Gen Set','10000112',0,0,0,0,'0',0.00,0.00,0.00,0.00,1,'',1,0,0,'0000-00-00 00:00:00','0000-00-00 00:00:00'),
(114,0,'11080104','Piutang Tenan','10000113',0,0,0,0,'0',0.00,0.00,0.00,0.00,1,'',1,0,0,'0000-00-00 00:00:00','0000-00-00 00:00:00'),
(115,0,'11080200','Piutang Bunga Deposito','10000114',0,0,0,0,'0',0.00,0.00,0.00,0.00,1,'',1,0,0,'0000-00-00 00:00:00','0000-00-00 00:00:00'),
(116,0,'11080201','Piutang Bunga Deposito','10000115',0,0,0,0,'0',0.00,0.00,0.00,0.00,1,'',1,0,0,'0000-00-00 00:00:00','0000-00-00 00:00:00'),
(117,0,'11080300','Piutang Deviden','10000116',0,0,0,0,'0',0.00,0.00,0.00,0.00,1,'',1,0,0,'0000-00-00 00:00:00','0000-00-00 00:00:00'),
(118,0,'11080301','Piutang Deviden','10000117',0,0,0,0,'0',0.00,0.00,0.00,0.00,1,'',1,0,0,'0000-00-00 00:00:00','0000-00-00 00:00:00'),
(119,0,'12000000','Aset Tidak Lancar','10000118',0,0,0,0,'0',0.00,0.00,0.00,0.00,1,'',1,0,0,'0000-00-00 00:00:00','0000-00-00 00:00:00'),
(120,0,'12010000','Investasi Jangka Panjang','10000119',0,0,0,0,'0',0.00,0.00,0.00,0.00,1,'',1,0,0,'0000-00-00 00:00:00','0000-00-00 00:00:00'),
(121,0,'12010100','Investasi Jangka Panjang Saham','10000120',0,0,0,0,'0',0.00,0.00,0.00,0.00,1,'',1,0,0,'0000-00-00 00:00:00','0000-00-00 00:00:00'),
(122,0,'12010101','Investasi Jangka Panjang Saham PT.Phapros','10000121',0,0,0,0,'0',0.00,0.00,0.00,0.00,1,'',1,0,0,'0000-00-00 00:00:00','0000-00-00 00:00:00'),
(123,0,'12010102','Investasi Dalam Pelaksanaan','10000122',0,0,0,0,'0',0.00,0.00,0.00,0.00,1,'',1,0,0,'0000-00-00 00:00:00','0000-00-00 00:00:00'),
(124,0,'12010103','Investasi Emas Batangan','10000123',0,0,0,0,'0',0.00,0.00,0.00,0.00,1,'',1,0,0,'0000-00-00 00:00:00','0000-00-00 00:00:00'),
(125,0,'12010200','Investasi Jangka Panjang Franchise','10000124',0,0,0,0,'0',0.00,0.00,0.00,0.00,1,'',1,0,0,'0000-00-00 00:00:00','0000-00-00 00:00:00'),
(126,0,'12010201','Investasi Tanah Alfamart','10000125',0,0,0,0,'0',0.00,0.00,0.00,0.00,1,'',1,0,0,'0000-00-00 00:00:00','0000-00-00 00:00:00'),
(127,0,'12010202','Investasi Bangunan Alfamart','10000126',0,0,0,0,'0',0.00,0.00,0.00,0.00,1,'',1,0,0,'0000-00-00 00:00:00','0000-00-00 00:00:00'),
(128,0,'12010203','Investasi Inventaris Alfamart','10000127',0,0,0,0,'0',0.00,0.00,0.00,0.00,1,'',1,0,0,'0000-00-00 00:00:00','0000-00-00 00:00:00'),
(129,0,'12010204','Investasi Modal Alfamart','10000128',0,0,0,0,'0',0.00,0.00,0.00,0.00,1,'',1,0,0,'0000-00-00 00:00:00','0000-00-00 00:00:00'),
(130,0,'12010300','Investasi Jangka Panjang Unit Jasa','10000129',0,0,0,0,'0',0.00,0.00,0.00,0.00,1,'',1,0,0,'0000-00-00 00:00:00','0000-00-00 00:00:00'),
(131,0,'12010301','Investasi Mobil Unit Jasa','10000130',0,0,0,0,'0',0.00,0.00,0.00,0.00,1,'',1,0,0,'0000-00-00 00:00:00','0000-00-00 00:00:00'),
(132,0,'12010302','Investasi Gen Set Unit Jasa','10000131',0,0,0,0,'0',0.00,0.00,0.00,0.00,1,'',1,0,0,'0000-00-00 00:00:00','0000-00-00 00:00:00'),
(133,0,'12010303','Investasi Perumahan','10000132',0,0,0,0,'0',0.00,0.00,0.00,0.00,1,'',1,0,0,'0000-00-00 00:00:00','0000-00-00 00:00:00'),
(134,0,'12010304','Investasi PT MESM','10000133',0,0,0,0,'0',0.00,0.00,0.00,0.00,1,'',1,0,0,'0000-00-00 00:00:00','0000-00-00 00:00:00'),
(135,0,'12010400','Modal Disetor','10000134',0,0,0,0,'0',0.00,0.00,0.00,0.00,1,'',1,0,0,'0000-00-00 00:00:00','0000-00-00 00:00:00'),
(136,0,'12010401','Modal Disetor Unit Toko','10000135',0,0,0,0,'0',0.00,0.00,0.00,0.00,1,'',1,0,0,'0000-00-00 00:00:00','0000-00-00 00:00:00'),
(137,0,'12010402','Modal Disetor Unit Simpan Pinjam','10000136',0,0,0,0,'0',0.00,0.00,0.00,0.00,1,'',1,0,0,'0000-00-00 00:00:00','0000-00-00 00:00:00'),
(138,0,'12010403','Modal Disetor Unit Apotek','10000137',0,0,0,0,'0',0.00,0.00,0.00,0.00,1,'',1,0,0,'0000-00-00 00:00:00','0000-00-00 00:00:00'),
(139,0,'12010404','Modal Disetor Unit PBF','10000138',0,0,0,0,'0',0.00,0.00,0.00,0.00,1,'',1,0,0,'0000-00-00 00:00:00','0000-00-00 00:00:00'),
(140,0,'12010405','Modal Disetor Unit Alfamart','10000139',0,0,0,0,'0',0.00,0.00,0.00,0.00,1,'',1,0,0,'0000-00-00 00:00:00','0000-00-00 00:00:00'),
(141,0,'12010406','Modal Disetor Unit Jasa','10000140',0,0,0,0,'0',0.00,0.00,0.00,0.00,1,'',1,0,0,'0000-00-00 00:00:00','0000-00-00 00:00:00'),
(142,0,'12010407','Modal Disetor Unit PT MESM','10000141',0,0,0,0,'0',0.00,0.00,0.00,0.00,1,'',1,0,0,'0000-00-00 00:00:00','0000-00-00 00:00:00'),
(143,0,'12010500','Modal Tetap Tambahan','10000142',0,0,0,0,'0',0.00,0.00,0.00,0.00,1,'',1,0,0,'0000-00-00 00:00:00','0000-00-00 00:00:00'),
(144,0,'12010501','Modal Tetap Tambahan Unit Toko','10000143',0,0,0,0,'0',0.00,0.00,0.00,0.00,1,'',1,0,0,'0000-00-00 00:00:00','0000-00-00 00:00:00'),
(145,0,'12010502','Modal Tetap Tambahan Unit Simpan Pinjam','10000144',0,0,0,0,'0',0.00,0.00,0.00,0.00,1,'',1,0,0,'0000-00-00 00:00:00','0000-00-00 00:00:00'),
(146,0,'12010503','Modal Tetap Tambahan Unit Apotek','10000145',0,0,0,0,'0',0.00,0.00,0.00,0.00,1,'',1,0,0,'0000-00-00 00:00:00','0000-00-00 00:00:00'),
(147,0,'12010504','Modal Tetap Tambahan Unit PBF','10000146',0,0,0,0,'0',0.00,0.00,0.00,0.00,1,'',1,0,0,'0000-00-00 00:00:00','0000-00-00 00:00:00'),
(148,0,'12010505','Modal Tetap Tambahan Unit Alfamart','10000147',0,0,0,0,'0',0.00,0.00,0.00,0.00,1,'',1,0,0,'0000-00-00 00:00:00','0000-00-00 00:00:00'),
(149,0,'12010506','Modal Tetap Tambahan Unit Jasa','10000148',0,0,0,0,'0',0.00,0.00,0.00,0.00,1,'',1,0,0,'0000-00-00 00:00:00','0000-00-00 00:00:00'),
(150,0,'12010507','Modal Tetap Tambahan PT MESM','10000149',0,0,0,0,'0',0.00,0.00,0.00,0.00,1,'',1,0,0,'0000-00-00 00:00:00','0000-00-00 00:00:00'),
(151,0,'12010508','Modal Tetap Tambahan Unit Induk','10000150',0,0,0,0,'0',0.00,0.00,0.00,0.00,1,'',1,0,0,'0000-00-00 00:00:00','0000-00-00 00:00:00'),
(152,0,'12020000','Akumulasi Penyusutan Investasi','10000151',0,0,0,0,'0',0.00,0.00,0.00,0.00,0,'',0,0,0,'0000-00-00 00:00:00','0000-00-00 00:00:00'),
(153,0,'12020100','Akumulasi Penyusutan Investasi Alfamart','10000152',0,0,0,0,'0',0.00,0.00,0.00,0.00,0,'',0,0,0,'0000-00-00 00:00:00','0000-00-00 00:00:00'),
(154,0,'12020101','Akumulasi Penyusutan Bangunan Alfamart','10000153',0,0,0,0,'0',0.00,0.00,0.00,0.00,0,'',0,0,0,'0000-00-00 00:00:00','0000-00-00 00:00:00'),
(155,0,'12020102','Akumulasi Penyusutan Inventaris Alfamart','10000154',0,0,0,0,'0',0.00,0.00,0.00,0.00,0,'',0,0,0,'0000-00-00 00:00:00','0000-00-00 00:00:00'),
(156,0,'12020103','Akumulasi Penyusutan Investasi Unit Jasa','10000155',0,0,0,0,'0',0.00,0.00,0.00,0.00,0,'',0,0,0,'0000-00-00 00:00:00','0000-00-00 00:00:00'),
(157,0,'12020104','Akumulasi Penyusutan Mobil Unit Jasa','10000156',0,0,0,0,'0',0.00,0.00,0.00,0.00,0,'',0,0,0,'0000-00-00 00:00:00','0000-00-00 00:00:00'),
(158,0,'12020105','Akumulasi Penyusutan Gen Set Unit Jasa','10000157',0,0,0,0,'0',0.00,0.00,0.00,0.00,0,'',0,0,0,'0000-00-00 00:00:00','0000-00-00 00:00:00'),
(159,0,'12030000','Aset Tetap','10000158',0,0,0,0,'0',0.00,0.00,0.00,0.00,1,'',1,0,0,'0000-00-00 00:00:00','0000-00-00 00:00:00'),
(160,0,'12030100','Tanah','10000159',0,0,0,0,'0',0.00,0.00,0.00,0.00,1,'',1,0,0,'0000-00-00 00:00:00','0000-00-00 00:00:00'),
(161,0,'12030101','Tanah','10000160',0,0,0,0,'0',0.00,0.00,0.00,0.00,1,'',1,0,0,'0000-00-00 00:00:00','0000-00-00 00:00:00'),
(162,0,'12030200','Bangunan','10000161',0,0,0,0,'0',0.00,0.00,0.00,0.00,1,'',1,0,0,'0000-00-00 00:00:00','0000-00-00 00:00:00'),
(163,0,'12030201','Bangunan','10000162',0,0,0,0,'0',0.00,0.00,0.00,0.00,1,'',1,0,0,'0000-00-00 00:00:00','0000-00-00 00:00:00'),
(164,0,'12030202','Bangunan Dalam Proses','10000163',0,0,0,0,'0',0.00,0.00,0.00,0.00,1,'',1,0,0,'0000-00-00 00:00:00','0000-00-00 00:00:00'),
(165,0,'12030300','Kendaraan Operasional','10000164',0,0,0,0,'0',0.00,0.00,0.00,0.00,1,'',1,0,0,'0000-00-00 00:00:00','0000-00-00 00:00:00'),
(166,0,'12030301','Kendaraan Operasional','10000165',0,0,0,0,'0',0.00,0.00,0.00,0.00,1,'',1,0,0,'0000-00-00 00:00:00','0000-00-00 00:00:00'),
(167,0,'12030400','Inventaris Kantor','10000166',0,0,0,0,'0',0.00,0.00,0.00,0.00,1,'',1,0,0,'0000-00-00 00:00:00','0000-00-00 00:00:00'),
(168,0,'12030401','Inventaris Kantor','10000167',0,0,0,0,'0',0.00,0.00,0.00,0.00,1,'',1,0,0,'0000-00-00 00:00:00','0000-00-00 00:00:00'),
(169,0,'12040000','Akumulasi Penyusutan','10000168',0,0,0,0,'0',0.00,0.00,0.00,0.00,0,'',0,0,0,'0000-00-00 00:00:00','0000-00-00 00:00:00'),
(170,0,'12040100','Akumulasi Penyusutan Bangunan','10000169',0,0,0,0,'0',0.00,0.00,0.00,0.00,0,'',0,0,0,'0000-00-00 00:00:00','0000-00-00 00:00:00'),
(171,0,'12040101','Akm. Penyusutan Bangunan','10000170',0,0,0,0,'0',0.00,0.00,0.00,0.00,0,'',0,0,0,'0000-00-00 00:00:00','0000-00-00 00:00:00'),
(172,0,'12040200','Akumulasi Penyusutan Kendaraan Operasional','10000171',0,0,0,0,'0',0.00,0.00,0.00,0.00,0,'',0,0,0,'0000-00-00 00:00:00','0000-00-00 00:00:00'),
(173,0,'12040201','Akm. Penyusutan Kendaraan Operasional','10000172',0,0,0,0,'0',0.00,0.00,0.00,0.00,0,'',0,0,0,'0000-00-00 00:00:00','0000-00-00 00:00:00'),
(174,0,'12040300','Akumulasi Penyusutan Investaris Kantor','10000173',0,0,0,0,'0',0.00,0.00,0.00,0.00,0,'',0,0,0,'0000-00-00 00:00:00','0000-00-00 00:00:00'),
(175,0,'12040301','Akm. Penyusutan Investaris Kantor','10000174',0,0,0,0,'0',0.00,0.00,0.00,0.00,0,'',0,0,0,'0000-00-00 00:00:00','0000-00-00 00:00:00'),
(176,0,'12050000','Aset Tidak Berwujud','10000175',0,0,0,0,'0',0.00,0.00,0.00,0.00,1,'',1,0,0,'0000-00-00 00:00:00','0000-00-00 00:00:00'),
(177,0,'12050100','Aset Tidak Berwujud Franchise','10000176',0,0,0,0,'0',0.00,0.00,0.00,0.00,1,'',1,0,0,'0000-00-00 00:00:00','0000-00-00 00:00:00'),
(178,0,'12050101','Aset Tidak Berwujud Franchise Alfamart 5 tahunan','10000177',0,0,0,0,'0',0.00,0.00,0.00,0.00,1,'',1,0,0,'0000-00-00 00:00:00','0000-00-00 00:00:00'),
(179,0,'12050200','Aset Tidak Berwujud Lainnya','10000178',0,0,0,0,'0',0.00,0.00,0.00,0.00,1,'',1,0,0,'0000-00-00 00:00:00','0000-00-00 00:00:00'),
(180,0,'12050201','Software Dalam Proses','10000179',0,0,0,0,'0',0.00,0.00,0.00,0.00,1,'',1,0,0,'0000-00-00 00:00:00','0000-00-00 00:00:00'),
(181,0,'12060000','Akumulasi Amortisasi Aset Tidak Berwujud','10000180',0,0,0,0,'0',0.00,0.00,0.00,0.00,0,'',0,0,0,'0000-00-00 00:00:00','0000-00-00 00:00:00'),
(182,0,'12060100','Akumulasi Amortisasi Aset Tidak Berwujud Franchise','10000181',0,0,0,0,'0',0.00,0.00,0.00,0.00,0,'',0,0,0,'0000-00-00 00:00:00','0000-00-00 00:00:00'),
(183,0,'12060101','Akm. Amortisasi Aset Tidak Berwujud Franchise Alfa','10000182',0,0,0,0,'0',0.00,0.00,0.00,0.00,0,'',0,0,0,'0000-00-00 00:00:00','0000-00-00 00:00:00'),
(184,0,'12070000','Aset Tidak Lancar Lainnya','10000183',0,0,0,0,'0',0.00,0.00,0.00,0.00,1,'',1,0,0,'0000-00-00 00:00:00','0000-00-00 00:00:00'),
(185,0,'12070100','Peralatan','10000184',0,0,0,0,'0',0.00,0.00,0.00,0.00,1,'',1,0,0,'0000-00-00 00:00:00','0000-00-00 00:00:00'),
(186,0,'12070101','Peralatan Kantor','10000185',0,0,0,0,'0',0.00,0.00,0.00,0.00,1,'',1,0,0,'0000-00-00 00:00:00','0000-00-00 00:00:00'),
(187,0,'20000000','Kewajiban','10000186',0,0,0,0,'0',0.00,0.00,0.00,0.00,0,'',0,0,0,'0000-00-00 00:00:00','0000-00-00 00:00:00'),
(188,0,'21000000','Kewajiban Lancar','10000187',0,0,0,0,'0',0.00,0.00,0.00,0.00,0,'',0,0,0,'0000-00-00 00:00:00','0000-00-00 00:00:00'),
(189,0,'21010000','Simpanan Anggota','10000188',0,0,0,0,'0',0.00,0.00,0.00,0.00,0,'',0,0,0,'0000-00-00 00:00:00','0000-00-00 00:00:00'),
(190,0,'21010100','Simpanan Anggota Koperasi','10000189',0,0,0,0,'0',0.00,0.00,0.00,0.00,0,'',0,0,0,'0000-00-00 00:00:00','0000-00-00 00:00:00'),
(191,0,'21010101','Simpanan Sukarela Anggota Koperasi','10000190',0,0,0,0,'0',0.00,0.00,0.00,0.00,0,'',0,0,0,'0000-00-00 00:00:00','0000-00-00 00:00:00'),
(192,0,'21010102','Simpanan Berencana Simpatik Anggota Koperasi','10000191',0,0,0,0,'0',0.00,0.00,0.00,0.00,0,'',0,0,0,'0000-00-00 00:00:00','0000-00-00 00:00:00'),
(193,0,'21010103','Simpanan Masa Depan Anggota Koperasi','10000192',0,0,0,0,'0',0.00,0.00,0.00,0.00,0,'',0,0,0,'0000-00-00 00:00:00','0000-00-00 00:00:00'),
(194,0,'21010104','SHU Tidak Dibagi','10000193',0,0,0,0,'0',0.00,0.00,0.00,0.00,0,'',0,0,0,'0000-00-00 00:00:00','0000-00-00 00:00:00'),
(195,0,'21020000','Dana SHU','10000194',0,0,0,0,'0',0.00,0.00,0.00,0.00,0,'',0,0,0,'0000-00-00 00:00:00','0000-00-00 00:00:00'),
(196,0,'21020100','Dana SHU Anggota','10000195',0,0,0,0,'0',0.00,0.00,0.00,0.00,0,'',0,0,0,'0000-00-00 00:00:00','0000-00-00 00:00:00'),
(197,0,'21020101','Dana SHU Anggota Simpin','10000196',0,0,0,0,'0',0.00,0.00,0.00,0.00,0,'',0,0,0,'0000-00-00 00:00:00','0000-00-00 00:00:00'),
(198,0,'21020102','Dana SHU Pengurus','10000197',0,0,0,0,'0',0.00,0.00,0.00,0.00,0,'',0,0,0,'0000-00-00 00:00:00','0000-00-00 00:00:00'),
(199,0,'21020104','Dana SHU Karyawan','10000198',0,0,0,0,'0',0.00,0.00,0.00,0.00,0,'',0,0,0,'0000-00-00 00:00:00','0000-00-00 00:00:00'),
(200,0,'21020105','Dana SHU Pendidikan','10000199',0,0,0,0,'0',0.00,0.00,0.00,0.00,0,'',0,0,0,'0000-00-00 00:00:00','0000-00-00 00:00:00'),
(201,0,'21020106','Dana SHU Sosial','10000200',0,0,0,0,'0',0.00,0.00,0.00,0.00,0,'',0,0,0,'0000-00-00 00:00:00','0000-00-00 00:00:00'),
(202,0,'21020107','Dana SHU Anggota','10000201',0,0,0,0,'0',0.00,0.00,0.00,0.00,0,'',0,0,0,'0000-00-00 00:00:00','0000-00-00 00:00:00'),
(203,0,'21030000','Hutang Usaha','10000202',0,0,0,0,'0',0.00,0.00,0.00,0.00,0,'',0,0,0,'0000-00-00 00:00:00','0000-00-00 00:00:00'),
(204,0,'21030100','Hutang Suplier','10000203',0,0,0,0,'0',0.00,0.00,0.00,0.00,0,'',0,0,0,'0000-00-00 00:00:00','0000-00-00 00:00:00'),
(205,0,'21030101','Hutang Suplier','10000204',0,0,0,0,'0',0.00,0.00,0.00,0.00,0,'',0,0,0,'0000-00-00 00:00:00','0000-00-00 00:00:00'),
(206,0,'21030200','Hutang Sewa','10000205',0,0,0,0,'0',0.00,0.00,0.00,0.00,0,'',0,0,0,'0000-00-00 00:00:00','0000-00-00 00:00:00'),
(207,0,'21030201','Hutang Sewa Mobil','10000206',0,0,0,0,'0',0.00,0.00,0.00,0.00,0,'',0,0,0,'0000-00-00 00:00:00','0000-00-00 00:00:00'),
(208,0,'21030202','Hutang Sewa Gen Set','10000207',0,0,0,0,'0',0.00,0.00,0.00,0.00,0,'',0,0,0,'0000-00-00 00:00:00','0000-00-00 00:00:00'),
(209,0,'21030203','Hutang Sewa Fotocopy','10000208',0,0,0,0,'0',0.00,0.00,0.00,0.00,0,'',0,0,0,'0000-00-00 00:00:00','0000-00-00 00:00:00'),
(210,0,'21030204','Hutang Apotek','10000209',0,0,0,0,'0',0.00,0.00,0.00,0.00,0,'',0,0,0,'0000-00-00 00:00:00','0000-00-00 00:00:00'),
(211,0,'21030205','Hutang PBF','10000210',0,0,0,0,'0',0.00,0.00,0.00,0.00,0,'',0,0,0,'0000-00-00 00:00:00','0000-00-00 00:00:00'),
(212,0,'21030206','Hutang Induk','10000211',0,0,0,0,'0',0.00,0.00,0.00,0.00,0,'',0,0,0,'0000-00-00 00:00:00','0000-00-00 00:00:00'),
(213,0,'21030300','Hutang Properti','10000212',0,0,0,0,'0',0.00,0.00,0.00,0.00,0,'',0,0,0,'0000-00-00 00:00:00','0000-00-00 00:00:00'),
(214,0,'21030301','Hutang Properti','10000213',0,0,0,0,'0',0.00,0.00,0.00,0.00,0,'',0,0,0,'0000-00-00 00:00:00','0000-00-00 00:00:00'),
(215,0,'21040000','Hutang Jangka Pendek','10000214',0,0,0,0,'0',0.00,0.00,0.00,0.00,0,'',0,0,0,'0000-00-00 00:00:00','0000-00-00 00:00:00'),
(216,0,'21040100','Hutang Bank Jangka Pendek','10000215',0,0,0,0,'0',0.00,0.00,0.00,0.00,0,'',0,0,0,'0000-00-00 00:00:00','0000-00-00 00:00:00'),
(217,0,'21040101','Hutang Bank Jangka Pendek Toko','10000216',0,0,0,0,'0',0.00,0.00,0.00,0.00,0,'',0,0,0,'0000-00-00 00:00:00','0000-00-00 00:00:00'),
(218,0,'21050000','Biaya Yang Masih Harus Dibayar','10000217',0,0,0,0,'0',0.00,0.00,0.00,0.00,0,'',0,0,0,'0000-00-00 00:00:00','0000-00-00 00:00:00'),
(219,0,'21050100','Hutang Bunga','10000218',0,0,0,0,'0',0.00,0.00,0.00,0.00,0,'',0,0,0,'0000-00-00 00:00:00','0000-00-00 00:00:00'),
(220,0,'21050101','Hutang Bunga Simpin','10000219',0,0,0,0,'0',0.00,0.00,0.00,0.00,0,'',0,0,0,'0000-00-00 00:00:00','0000-00-00 00:00:00'),
(221,0,'21050200','Hutang Voucher Belanja','10000220',0,0,0,0,'0',0.00,0.00,0.00,0.00,0,'',0,0,0,'0000-00-00 00:00:00','0000-00-00 00:00:00'),
(222,0,'21050201','Hutang Voucher Belanja','10000221',0,0,0,0,'0',0.00,0.00,0.00,0.00,0,'',0,0,0,'0000-00-00 00:00:00','0000-00-00 00:00:00'),
(223,0,'21050300','Hutang Biaya Pengurusan','10000222',0,0,0,0,'0',0.00,0.00,0.00,0.00,0,'',0,0,0,'0000-00-00 00:00:00','0000-00-00 00:00:00'),
(224,0,'21050301','Hutang Biaya Pengurusan Perumahan','10000223',0,0,0,0,'0',0.00,0.00,0.00,0.00,0,'',0,0,0,'0000-00-00 00:00:00','0000-00-00 00:00:00'),
(225,0,'21050302','Hutang Sertifikasi Tanah','10000224',0,0,0,0,'0',0.00,0.00,0.00,0.00,0,'',0,0,0,'0000-00-00 00:00:00','0000-00-00 00:00:00'),
(226,0,'21050400','Hutang Biaya Listrik, PDAM & Telepon','10000225',0,0,0,0,'0',0.00,0.00,0.00,0.00,0,'',0,0,0,'0000-00-00 00:00:00','0000-00-00 00:00:00'),
(227,0,'21050401','Hutang Biaya Listrik, PDAM, Telp','10000226',0,0,0,0,'0',0.00,0.00,0.00,0.00,0,'',0,0,0,'0000-00-00 00:00:00','0000-00-00 00:00:00'),
(228,0,'21050500','Hutang Biaya CSR','10000227',0,0,0,0,'0',0.00,0.00,0.00,0.00,0,'',0,0,0,'0000-00-00 00:00:00','0000-00-00 00:00:00'),
(229,0,'21050501','Hutang Biaya CSR','10000228',0,0,0,0,'0',0.00,0.00,0.00,0.00,0,'',0,0,0,'0000-00-00 00:00:00','0000-00-00 00:00:00'),
(230,0,'21050600','Hutang Pajak','10000229',0,0,0,0,'0',0.00,0.00,0.00,0.00,0,'',0,0,0,'0000-00-00 00:00:00','0000-00-00 00:00:00'),
(231,0,'21050601','Hutang PPh 21','10000230',0,0,0,0,'0',0.00,0.00,0.00,0.00,0,'',0,0,0,'0000-00-00 00:00:00','0000-00-00 00:00:00'),
(232,0,'21050602','Hutang PPh 4 (2)','10000231',0,0,0,0,'0',0.00,0.00,0.00,0.00,0,'',0,0,0,'0000-00-00 00:00:00','0000-00-00 00:00:00'),
(233,0,'21050603','Hutang PPh 29','10000232',0,0,0,0,'0',0.00,0.00,0.00,0.00,0,'',0,0,0,'0000-00-00 00:00:00','0000-00-00 00:00:00'),
(234,0,'21050604','Hutang PPh 23','10000233',0,0,0,0,'0',0.00,0.00,0.00,0.00,0,'',0,0,0,'0000-00-00 00:00:00','0000-00-00 00:00:00'),
(235,0,'21050605','Hutang PPh 25','10000234',0,0,0,0,'0',0.00,0.00,0.00,0.00,0,'',0,0,0,'0000-00-00 00:00:00','0000-00-00 00:00:00'),
(236,0,'21050606','Hutang Pajak Alfamart','10000235',0,0,0,0,'0',0.00,0.00,0.00,0.00,0,'',0,0,0,'0000-00-00 00:00:00','0000-00-00 00:00:00'),
(237,0,'21050700','PPN Keluaran','10000236',0,0,0,0,'0',0.00,0.00,0.00,0.00,0,'',0,0,0,'0000-00-00 00:00:00','0000-00-00 00:00:00'),
(238,0,'21050701','PPN Keluaran','10000237',0,0,0,0,'0',0.00,0.00,0.00,0.00,0,'',0,0,0,'0000-00-00 00:00:00','0000-00-00 00:00:00'),
(239,0,'21050702','PPN Keluaran Belum Diterima','10000238',0,0,0,0,'0',0.00,0.00,0.00,0.00,0,'',0,0,0,'0000-00-00 00:00:00','0000-00-00 00:00:00'),
(240,0,'21050800','PPN Kurang Bayar','10000239',0,0,0,0,'0',0.00,0.00,0.00,0.00,0,'',0,0,0,'0000-00-00 00:00:00','0000-00-00 00:00:00'),
(241,0,'21050801','PPN Kurang Bayar','10000240',0,0,0,0,'0',0.00,0.00,0.00,0.00,0,'',0,0,0,'0000-00-00 00:00:00','0000-00-00 00:00:00'),
(242,0,'21060000','Pendapatan Diterima Dimuka','10000241',0,0,0,0,'0',0.00,0.00,0.00,0.00,0,'',0,0,0,'0000-00-00 00:00:00','0000-00-00 00:00:00'),
(243,0,'21060100','Sewa Diterima Dimuka','10000242',0,0,0,0,'0',0.00,0.00,0.00,0.00,0,'',0,0,0,'0000-00-00 00:00:00','0000-00-00 00:00:00'),
(244,0,'21060101','Sewa Mobil Diterima Dimuka','10000243',0,0,0,0,'0',0.00,0.00,0.00,0.00,0,'',0,0,0,'0000-00-00 00:00:00','0000-00-00 00:00:00'),
(245,0,'21060102','Sewa Gen Set Diterima Dimuka','10000244',0,0,0,0,'0',0.00,0.00,0.00,0.00,0,'',0,0,0,'0000-00-00 00:00:00','0000-00-00 00:00:00'),
(246,0,'21060200','Uang Muka Penjualan','10000245',0,0,0,0,'0',0.00,0.00,0.00,0.00,0,'',0,0,0,'0000-00-00 00:00:00','0000-00-00 00:00:00'),
(247,0,'21060201','Uang Muka Penjualan Perumahan','10000246',0,0,0,0,'0',0.00,0.00,0.00,0.00,0,'',0,0,0,'0000-00-00 00:00:00','0000-00-00 00:00:00'),
(248,0,'21070000','Hutang Pihak Ketiga','10000247',0,0,0,0,'0',0.00,0.00,0.00,0.00,0,'',0,0,0,'0000-00-00 00:00:00','0000-00-00 00:00:00'),
(249,0,'21070100','Hutang Pihak Ketiga Koperasi','10000248',0,0,0,0,'0',0.00,0.00,0.00,0.00,0,'',0,0,0,'0000-00-00 00:00:00','0000-00-00 00:00:00'),
(250,0,'21070101','Hutang SPPH','10000249',0,0,0,0,'0',0.00,0.00,0.00,0.00,0,'',0,0,0,'0000-00-00 00:00:00','0000-00-00 00:00:00'),
(251,0,'21070102','Hutang Olahraga','10000250',0,0,0,0,'0',0.00,0.00,0.00,0.00,0,'',0,0,0,'0000-00-00 00:00:00','0000-00-00 00:00:00'),
(252,0,'21070103','Hutang Jamsostek','10000251',0,0,0,0,'0',0.00,0.00,0.00,0.00,0,'',0,0,0,'0000-00-00 00:00:00','0000-00-00 00:00:00'),
(253,0,'21070200','Hutang Pihak Ketiga Lainnya','10000252',0,0,0,0,'0',0.00,0.00,0.00,0.00,0,'',0,0,0,'0000-00-00 00:00:00','0000-00-00 00:00:00'),
(254,0,'21070201','Hutang Phapros','10000253',0,0,0,0,'0',0.00,0.00,0.00,0.00,0,'',0,0,0,'0000-00-00 00:00:00','0000-00-00 00:00:00'),
(255,0,'21070202','Hutang Konsinyasi','10000254',0,0,0,0,'0',0.00,0.00,0.00,0.00,0,'',0,0,0,'0000-00-00 00:00:00','0000-00-00 00:00:00'),
(256,0,'21070203','Hutang Lain - Lain','10000255',0,0,0,0,'0',0.00,0.00,0.00,0.00,0,'',0,0,0,'0000-00-00 00:00:00','0000-00-00 00:00:00'),
(257,0,'21070204','Pajak Tangguhan','10000256',0,0,0,0,'0',0.00,0.00,0.00,0.00,0,'',0,0,0,'0000-00-00 00:00:00','0000-00-00 00:00:00'),
(258,0,'21070205','Hutang Biaya','10000257',0,0,0,0,'0',0.00,0.00,0.00,0.00,0,'',0,0,0,'0000-00-00 00:00:00','0000-00-00 00:00:00'),
(259,0,'21070206','Hutang KME','10000258',0,0,0,0,'0',0.00,0.00,0.00,0.00,0,'',0,0,0,'0000-00-00 00:00:00','0000-00-00 00:00:00'),
(260,0,'21070207','Hutang Gaji','10000259',0,0,0,0,'0',0.00,0.00,0.00,0.00,0,'',0,0,0,'0000-00-00 00:00:00','0000-00-00 00:00:00'),
(261,0,'21070208','Hutang BPJS Ketenagakerjaan','10000260',0,0,0,0,'0',0.00,0.00,0.00,0.00,0,'',0,0,0,'0000-00-00 00:00:00','0000-00-00 00:00:00'),
(262,0,'21070209','Hutang BPJS Kesehatan','10000261',0,0,0,0,'0',0.00,0.00,0.00,0.00,0,'',0,0,0,'0000-00-00 00:00:00','0000-00-00 00:00:00'),
(263,0,'21070210','Hutang THR','10000262',0,0,0,0,'0',0.00,0.00,0.00,0.00,0,'',0,0,0,'0000-00-00 00:00:00','0000-00-00 00:00:00'),
(264,0,'21070211','Hutang KME','10000263',0,0,0,0,'0',0.00,0.00,0.00,0.00,0,'',0,0,0,'0000-00-00 00:00:00','0000-00-00 00:00:00'),
(265,0,'21070212','Hutang Kompensasi','10000264',0,0,0,0,'0',0.00,0.00,0.00,0.00,0,'',0,0,0,'0000-00-00 00:00:00','0000-00-00 00:00:00'),
(266,0,'21070213','Hutang SHU','10000265',0,0,0,0,'0',0.00,0.00,0.00,0.00,0,'',0,0,0,'0000-00-00 00:00:00','0000-00-00 00:00:00'),
(267,0,'21070214','Hutang Dividen KME','10000266',0,0,0,0,'0',0.00,0.00,0.00,0.00,0,'',0,0,0,'0000-00-00 00:00:00','0000-00-00 00:00:00'),
(268,0,'21070215','Hutang Dividen Minoritas','10000267',0,0,0,0,'0',0.00,0.00,0.00,0.00,0,'',0,0,0,'0000-00-00 00:00:00','0000-00-00 00:00:00'),
(269,0,'21070216','Hutang Asuransi Jiwa','10000268',0,0,0,0,'0',0.00,0.00,0.00,0.00,0,'',0,0,0,'0000-00-00 00:00:00','0000-00-00 00:00:00'),
(270,0,'21080000','Hutang Dana Pensiun','10000269',0,0,0,0,'0',0.00,0.00,0.00,0.00,0,'',0,0,0,'0000-00-00 00:00:00','0000-00-00 00:00:00'),
(271,0,'21080100','Hutang Dana Pensiun Koperasi','10000270',0,0,0,0,'0',0.00,0.00,0.00,0.00,0,'',0,0,0,'0000-00-00 00:00:00','0000-00-00 00:00:00'),
(272,0,'21080101','Hutang Dana Pensiun','10000271',0,0,0,0,'0',0.00,0.00,0.00,0.00,0,'',0,0,0,'0000-00-00 00:00:00','0000-00-00 00:00:00'),
(273,0,'22000000','Kewajiban Jangka Panjang','10000272',0,0,0,0,'0',0.00,0.00,0.00,0.00,0,'',0,0,0,'0000-00-00 00:00:00','0000-00-00 00:00:00'),
(274,0,'22010000','Hutang Bank Jangka Panjang','10000273',0,0,0,0,'0',0.00,0.00,0.00,0.00,0,'',0,0,0,'0000-00-00 00:00:00','0000-00-00 00:00:00'),
(275,0,'22010100','Hutang Bank Jangka Panjang Koperasi','10000274',0,0,0,0,'0',0.00,0.00,0.00,0.00,0,'',0,0,0,'0000-00-00 00:00:00','0000-00-00 00:00:00'),
(276,0,'22010101','Hutang Bank BII Jangka Panjang Simpin','10000275',0,0,0,0,'0',0.00,0.00,0.00,0.00,0,'',0,0,0,'0000-00-00 00:00:00','0000-00-00 00:00:00'),
(277,0,'22010102','Hutang Bank Jateng Jangka Panjang Simpin','10000276',0,0,0,0,'0',0.00,0.00,0.00,0.00,0,'',0,0,0,'0000-00-00 00:00:00','0000-00-00 00:00:00'),
(278,0,'22010103','Hutang BRI Syariah Jangka Panjang Simpin','10000277',0,0,0,0,'0',0.00,0.00,0.00,0.00,0,'',0,0,0,'0000-00-00 00:00:00','0000-00-00 00:00:00'),
(279,0,'22010104','Hutang Bank Danamon Syariah Jangka Panjang Simpin','10000278',0,0,0,0,'0',0.00,0.00,0.00,0.00,0,'',0,0,0,'0000-00-00 00:00:00','0000-00-00 00:00:00'),
(280,0,'22010105','Hutang Bank Mandiri','10000279',0,0,0,0,'0',0.00,0.00,0.00,0.00,0,'',0,0,0,'0000-00-00 00:00:00','0000-00-00 00:00:00'),
(281,0,'22010200','Hutang Jangka Panjang Koperasi','10000280',0,0,0,0,'0',0.00,0.00,0.00,0.00,0,'',0,0,0,'0000-00-00 00:00:00','0000-00-00 00:00:00'),
(282,0,'22010201','Hutang Imbalan Pasca Kerja','10000281',0,0,0,0,'0',0.00,0.00,0.00,0.00,0,'',0,0,0,'0000-00-00 00:00:00','0000-00-00 00:00:00'),
(283,0,'22010202','Hutang Karyawan Koperasi','10000282',0,0,0,0,'0',0.00,0.00,0.00,0.00,0,'',0,0,0,'0000-00-00 00:00:00','0000-00-00 00:00:00'),
(284,0,'22020000','Hutang Dana Pensiun','10000283',0,0,0,0,'0',0.00,0.00,0.00,0.00,0,'',0,0,0,'0000-00-00 00:00:00','0000-00-00 00:00:00'),
(285,0,'22020100','Hutang Dana Pensiun Koperasi','10000284',0,0,0,0,'0',0.00,0.00,0.00,0.00,0,'',0,0,0,'0000-00-00 00:00:00','0000-00-00 00:00:00'),
(286,0,'22020101','Hutang Dana Pensiun','10000285',0,0,0,0,'0',0.00,0.00,0.00,0.00,0,'',0,0,0,'0000-00-00 00:00:00','0000-00-00 00:00:00'),
(287,0,'30000000','Ekuitas','10000286',0,0,0,0,'0',0.00,0.00,0.00,0.00,0,'',0,0,0,'0000-00-00 00:00:00','0000-00-00 00:00:00'),
(288,0,'31000000','Modal Usaha','10000287',0,0,0,0,'0',0.00,0.00,0.00,0.00,0,'',0,0,0,'0000-00-00 00:00:00','0000-00-00 00:00:00'),
(289,0,'31010000','Modal Disetor','10000288',0,0,0,0,'0',0.00,0.00,0.00,0.00,0,'',0,0,0,'0000-00-00 00:00:00','0000-00-00 00:00:00'),
(290,0,'31010100','Modal Disetor Unit Usaha','10000289',0,0,0,0,'0',0.00,0.00,0.00,0.00,0,'',0,0,0,'0000-00-00 00:00:00','0000-00-00 00:00:00'),
(291,0,'31010101','Modal Disetor Unit Usaha','10000290',0,0,0,0,'0',0.00,0.00,0.00,0.00,0,'',0,0,0,'0000-00-00 00:00:00','0000-00-00 00:00:00'),
(292,0,'31010200','Modal Disetor Unit Usaha Lainnya','10000291',0,0,0,0,'0',0.00,0.00,0.00,0.00,0,'',0,0,0,'0000-00-00 00:00:00','0000-00-00 00:00:00'),
(293,0,'31010201','Modal Disetor Unit Usaha Alfamart','10000292',0,0,0,0,'0',0.00,0.00,0.00,0.00,0,'',0,0,0,'0000-00-00 00:00:00','0000-00-00 00:00:00'),
(294,0,'31010202','Modal Saham','10000293',0,0,0,0,'0',0.00,0.00,0.00,0.00,0,'',0,0,0,'0000-00-00 00:00:00','0000-00-00 00:00:00'),
(295,0,'31010203','Hutang Non Pengendali','10000294',0,0,0,0,'0',0.00,0.00,0.00,0.00,0,'',0,0,0,'0000-00-00 00:00:00','0000-00-00 00:00:00'),
(296,0,'31010204','Modal Tetap Tambahan','10000295',0,0,0,0,'0',0.00,0.00,0.00,0.00,0,'',0,0,0,'0000-00-00 00:00:00','0000-00-00 00:00:00'),
(297,0,'31020000','Modal Simpanan Anggota','10000296',0,0,0,0,'0',0.00,0.00,0.00,0.00,0,'',0,0,0,'0000-00-00 00:00:00','0000-00-00 00:00:00'),
(298,0,'31020100','Modal Simpanan Pokok','10000297',0,0,0,0,'0',0.00,0.00,0.00,0.00,0,'',0,0,0,'0000-00-00 00:00:00','0000-00-00 00:00:00'),
(299,0,'31020101','Modal Simpanan Pokok Anggota','10000298',0,0,0,0,'0',0.00,0.00,0.00,0.00,0,'',0,0,0,'0000-00-00 00:00:00','0000-00-00 00:00:00'),
(300,0,'31020200','Modal Simpanan Wajib','10000299',0,0,0,0,'0',0.00,0.00,0.00,0.00,0,'',0,0,0,'0000-00-00 00:00:00','0000-00-00 00:00:00'),
(301,0,'31020201','Modal Simpanan Wajib Anggota','10000300',0,0,0,0,'0',0.00,0.00,0.00,0.00,0,'',0,0,0,'0000-00-00 00:00:00','0000-00-00 00:00:00'),
(302,0,'31020202','Laba Unit Usaha Alfamart','10000301',0,0,0,0,'0',0.00,0.00,0.00,0.00,0,'',0,0,0,'0000-00-00 00:00:00','0000-00-00 00:00:00'),
(303,0,'31020203','Donasi','10000302',0,0,0,0,'0',0.00,0.00,0.00,0.00,0,'',0,0,0,'0000-00-00 00:00:00','0000-00-00 00:00:00'),
(304,0,'31020204','Laba Unit Usaha Alfamart Dibagi','10000303',0,0,0,0,'0',0.00,0.00,0.00,0.00,0,'',0,0,0,'0000-00-00 00:00:00','0000-00-00 00:00:00'),
(305,0,'31020205','Simpanan Wajib Khusus','10000304',0,0,0,0,'0',0.00,0.00,0.00,0.00,0,'',0,0,0,'0000-00-00 00:00:00','0000-00-00 00:00:00'),
(306,0,'31020206','Laba Unit Usaha Alfamart Diterima','10000305',0,0,0,0,'0',0.00,0.00,0.00,0.00,0,'',0,0,0,'0000-00-00 00:00:00','0000-00-00 00:00:00'),
(307,0,'32000000','Cadangan','10000306',0,0,0,0,'0',0.00,0.00,0.00,0.00,0,'',0,0,0,'0000-00-00 00:00:00','0000-00-00 00:00:00'),
(308,0,'32010000','Cadangan Koperasi','10000307',0,0,0,0,'0',0.00,0.00,0.00,0.00,0,'',0,0,0,'0000-00-00 00:00:00','0000-00-00 00:00:00'),
(309,0,'32010100','Cadangan SHU Koperasi Tidak Dibagi','10000308',0,0,0,0,'0',0.00,0.00,0.00,0.00,0,'',0,0,0,'0000-00-00 00:00:00','0000-00-00 00:00:00'),
(310,0,'32010101','Cadangan SHU Koperasi Tidak Dibagi','10000309',0,0,0,0,'0',0.00,0.00,0.00,0.00,0,'',0,0,0,'0000-00-00 00:00:00','0000-00-00 00:00:00'),
(311,0,'32010200','Cadangan THR Karyawan Koperasi','10000310',0,0,0,0,'0',0.00,0.00,0.00,0.00,0,'',0,0,0,'0000-00-00 00:00:00','0000-00-00 00:00:00'),
(312,0,'32010201','Cadangan THR Karyawan','10000311',0,0,0,0,'0',0.00,0.00,0.00,0.00,0,'',0,0,0,'0000-00-00 00:00:00','0000-00-00 00:00:00'),
(313,0,'33000000','Sisa Hasil Usaha','10000312',0,0,0,0,'0',0.00,0.00,0.00,0.00,0,'',0,0,0,'0000-00-00 00:00:00','0000-00-00 00:00:00'),
(314,0,'33010000','Sisa Hasil Usaha Koperasi','10000313',0,0,0,0,'0',0.00,0.00,0.00,0.00,1,'',1,0,0,'0000-00-00 00:00:00','0000-00-00 00:00:00'),
(315,0,'33010100','Sisa Hasil Usaha Koperasi Tahun Berjalan','10000314',0,0,0,0,'0',0.00,0.00,0.00,0.00,0,'',0,0,0,'0000-00-00 00:00:00','0000-00-00 00:00:00'),
(316,0,'33010101','Sisa Hasil Usaha Koperasi Tahun Berjalan','10000315',0,0,0,0,'0',0.00,0.00,0.00,0.00,0,'',0,0,0,'0000-00-00 00:00:00','0000-00-00 00:00:00'),
(317,0,'33010300','Sisa Hasil Usaha Koperasi Ditahan','10000316',0,0,0,0,'0',0.00,0.00,0.00,0.00,0,'',0,0,0,'0000-00-00 00:00:00','0000-00-00 00:00:00'),
(318,0,'33010301','Sisa Hasil Usaha Koperasi Ditahan','10000317',0,0,0,0,'0',0.00,0.00,0.00,0.00,0,'',0,0,0,'0000-00-00 00:00:00','0000-00-00 00:00:00'),
(319,0,'33010302','Laba Ditahan Pengendali','10000318',0,0,0,0,'0',0.00,0.00,0.00,0.00,0,'',0,0,0,'0000-00-00 00:00:00','0000-00-00 00:00:00'),
(320,0,'33010303','Laba Ditahan Non Pengendali','10000319',0,0,0,0,'0',0.00,0.00,0.00,0.00,0,'',0,0,0,'0000-00-00 00:00:00','0000-00-00 00:00:00'),
(321,0,'40000000','Pendapatan','10000320',0,0,0,0,'0',0.00,0.00,0.00,0.00,0,'',0,0,0,'0000-00-00 00:00:00','0000-00-00 00:00:00'),
(322,0,'41000000','Pendapatan Anggota','10000321',0,0,0,0,'0',0.00,0.00,0.00,0.00,0,'',0,0,0,'0000-00-00 00:00:00','0000-00-00 00:00:00'),
(323,0,'41010000','Penjualan Barang Anggota','10000322',0,0,0,0,'0',0.00,0.00,0.00,0.00,0,'',0,0,0,'0000-00-00 00:00:00','0000-00-00 00:00:00'),
(324,0,'41010100','Penjualan Barang Dagang Anggota','10000323',0,0,0,0,'0',0.00,0.00,0.00,0.00,0,'',0,0,0,'0000-00-00 00:00:00','0000-00-00 00:00:00'),
(325,0,'41010101','Penjualan Barang Dagang Anggota - BKP','10000324',0,0,0,0,'0',0.00,0.00,0.00,0.00,0,'',0,0,0,'0000-00-00 00:00:00','0000-00-00 00:00:00'),
(326,0,'41010102','Penjualan Barang Dagang Anggota - Non BKP','10000325',0,0,0,0,'0',0.00,0.00,0.00,0.00,0,'',0,0,0,'0000-00-00 00:00:00','0000-00-00 00:00:00'),
(327,0,'41020000','Pendapatan Jasa Anggota','10000326',0,0,0,0,'0',0.00,0.00,0.00,0.00,0,'',0,0,0,'0000-00-00 00:00:00','0000-00-00 00:00:00'),
(328,0,'41020100','Pendapatan Jasa Anggota Koperasi','10000327',0,0,0,0,'0',0.00,0.00,0.00,0.00,0,'',0,0,0,'0000-00-00 00:00:00','0000-00-00 00:00:00'),
(329,0,'41020101','Pendapatan Jasa Pembayaran PLN/PDAM/Telp','10000328',0,0,0,0,'0',0.00,0.00,0.00,0.00,0,'',0,0,0,'0000-00-00 00:00:00','0000-00-00 00:00:00'),
(330,0,'41020102','Pendapatan Jasa Pembayaran Surat Kendaraan','10000329',0,0,0,0,'0',0.00,0.00,0.00,0.00,0,'',0,0,0,'0000-00-00 00:00:00','0000-00-00 00:00:00'),
(331,0,'41020103','Pendapatan Jasa Bunga Simpin','10000330',0,0,0,0,'0',0.00,0.00,0.00,0.00,1,'',1,0,0,'0000-00-00 00:00:00','0000-00-00 00:00:00'),
(332,0,'41020104','Pendapatan Jasa Sewa Mobil Anggota','10000331',0,0,0,0,'0',0.00,0.00,0.00,0.00,0,'',0,0,0,'0000-00-00 00:00:00','0000-00-00 00:00:00'),
(333,0,'41020105','Pendapatan Jasa Elektronik','10000332',0,0,0,0,'0',0.00,0.00,0.00,0.00,0,'',0,0,0,'0000-00-00 00:00:00','0000-00-00 00:00:00'),
(334,0,'41020106','Pendapatan Jasa Uang Barang','10000333',0,0,0,0,'0',0.00,0.00,0.00,0.00,0,'',0,0,0,'0000-00-00 00:00:00','0000-00-00 00:00:00'),
(335,0,'42000000','Pendapatan Non Anggota','10000334',0,0,0,0,'0',0.00,0.00,0.00,0.00,0,'',0,0,0,'0000-00-00 00:00:00','0000-00-00 00:00:00'),
(336,0,'42010000','Penjualan Barang Non Anggota','10000335',0,0,0,0,'0',0.00,0.00,0.00,0.00,0,'',0,0,0,'0000-00-00 00:00:00','0000-00-00 00:00:00'),
(337,0,'42010100','Penjualan Barang Dagang Non Anggota','10000336',0,0,0,0,'0',0.00,0.00,0.00,0.00,0,'',0,0,0,'0000-00-00 00:00:00','0000-00-00 00:00:00'),
(338,0,'42010101','Penjualan Barang Dagang Non Anggota Apotek','10000337',0,0,0,0,'0',0.00,0.00,0.00,0.00,0,'',0,0,0,'0000-00-00 00:00:00','0000-00-00 00:00:00'),
(339,0,'42010102','Penjualan Barang Dagang Non Anggota - Non BKP','10000338',0,0,0,0,'0',0.00,0.00,0.00,0.00,0,'',0,0,0,'0000-00-00 00:00:00','0000-00-00 00:00:00'),
(340,0,'42020000','Pendapatan Jasa Non Anggota','10000339',0,0,0,0,'0',0.00,0.00,0.00,0.00,0,'',0,0,0,'0000-00-00 00:00:00','0000-00-00 00:00:00'),
(341,0,'42020100','Pendapatan Jasa Non Anggota Koperasi','10000340',0,0,0,0,'0',0.00,0.00,0.00,0.00,0,'',0,0,0,'0000-00-00 00:00:00','0000-00-00 00:00:00'),
(342,0,'42020101','Pendapatan Jasa Non Anggota Sewa Mobil','10000341',0,0,0,0,'0',0.00,0.00,0.00,0.00,0,'',0,0,0,'0000-00-00 00:00:00','0000-00-00 00:00:00'),
(343,0,'42020102','Pendapatan Jasa Non Anggota Sewa Gen Set','10000342',0,0,0,0,'0',0.00,0.00,0.00,0.00,0,'',0,0,0,'0000-00-00 00:00:00','0000-00-00 00:00:00'),
(344,0,'42020103','Pendapatan Jasa Non Anggota Fotocopy','10000343',0,0,0,0,'0',0.00,0.00,0.00,0.00,0,'',0,0,0,'0000-00-00 00:00:00','0000-00-00 00:00:00'),
(345,0,'42020104','Pendapatan Jasa Non Anggota Perumahan','10000344',0,0,0,0,'0',0.00,0.00,0.00,0.00,0,'',0,0,0,'0000-00-00 00:00:00','0000-00-00 00:00:00'),
(346,0,'42020105','Pendapatan Jasa Non Anggota Alfamart','10000345',0,0,0,0,'0',0.00,0.00,0.00,0.00,0,'',0,0,0,'0000-00-00 00:00:00','0000-00-00 00:00:00'),
(347,0,'43000000','Pendapatan Usaha Lainnya','10000346',0,0,0,0,'0',0.00,0.00,0.00,0.00,0,'',0,0,0,'0000-00-00 00:00:00','0000-00-00 00:00:00'),
(348,0,'43010000','Pendapatan Usaha Lainnya Anggota','10000347',0,0,0,0,'0',0.00,0.00,0.00,0.00,0,'',0,0,0,'0000-00-00 00:00:00','0000-00-00 00:00:00'),
(349,0,'43010100','Pendapatan Usaha Lainnya Anggota','10000348',0,0,0,0,'0',0.00,0.00,0.00,0.00,0,'',0,0,0,'0000-00-00 00:00:00','0000-00-00 00:00:00'),
(350,0,'43010101','Pendapatan Adm Pinjaman','10000349',0,0,0,0,'0',0.00,0.00,0.00,0.00,0,'',0,0,0,'0000-00-00 00:00:00','0000-00-00 00:00:00'),
(351,0,'43020000','Pendapatan Usaha Lainnya Non Anggota','10000350',0,0,0,0,'0',0.00,0.00,0.00,0.00,0,'',0,0,0,'0000-00-00 00:00:00','0000-00-00 00:00:00'),
(352,0,'43020001','Pendapatan Jasa Non Anggota Lainnya','10000351',0,0,0,0,'0',0.00,0.00,0.00,0.00,0,'',0,0,0,'0000-00-00 00:00:00','0000-00-00 00:00:00'),
(353,0,'43020100','Pendapatan Usaha Lainnya Non Anggota Alfamart','10000352',0,0,0,0,'0',0.00,0.00,0.00,0.00,0,'',0,0,0,'0000-00-00 00:00:00','0000-00-00 00:00:00'),
(354,0,'43020101','Pendapatan Usaha Lainnya Alfamart Selisih Kas','10000353',0,0,0,0,'0',0.00,0.00,0.00,0.00,0,'',0,0,0,'0000-00-00 00:00:00','0000-00-00 00:00:00'),
(355,0,'44000000','Retur Penjualan & Potongan Penjualan Anggota','10000354',0,0,0,0,'0',0.00,0.00,0.00,0.00,0,'',0,0,0,'0000-00-00 00:00:00','0000-00-00 00:00:00'),
(356,0,'44010000','Retur Penjualan & Potongan Penjualan Barang Anggot','10000355',0,0,0,0,'0',0.00,0.00,0.00,0.00,0,'',0,0,0,'0000-00-00 00:00:00','0000-00-00 00:00:00'),
(357,0,'44010100','Retur Penjualan Barang Anggota','10000356',0,0,0,0,'0',0.00,0.00,0.00,0.00,0,'',0,0,0,'0000-00-00 00:00:00','0000-00-00 00:00:00'),
(358,0,'44010101','Retur Penjualan Anggota Barang BKP','10000357',0,0,0,0,'0',0.00,0.00,0.00,0.00,0,'',0,0,0,'0000-00-00 00:00:00','0000-00-00 00:00:00'),
(359,0,'44010102','Retur Penjualan Anggota Barang Non BKP','10000358',0,0,0,0,'0',0.00,0.00,0.00,0.00,0,'',0,0,0,'0000-00-00 00:00:00','0000-00-00 00:00:00'),
(360,0,'44010200','Potongan Penjualan Barang Anggota','10000359',0,0,0,0,'0',0.00,0.00,0.00,0.00,0,'',0,0,0,'0000-00-00 00:00:00','0000-00-00 00:00:00'),
(361,0,'44010201','Potongan Penjualan Anggota Barang BKP','10000360',0,0,0,0,'0',0.00,0.00,0.00,0.00,0,'',0,0,0,'0000-00-00 00:00:00','0000-00-00 00:00:00'),
(362,0,'44010202','Potongan Penjualan Anggota Barang Non BKP','10000361',0,0,0,0,'0',0.00,0.00,0.00,0.00,0,'',0,0,0,'0000-00-00 00:00:00','0000-00-00 00:00:00'),
(363,0,'45000000','Retur Penjualan & Potongan Penjualan Non Anggota','10000362',0,0,0,0,'0',0.00,0.00,0.00,0.00,0,'',0,0,0,'0000-00-00 00:00:00','0000-00-00 00:00:00'),
(364,0,'45010000','Retur Penjualan & Potongan Penjualan Barang Non An','10000363',0,0,0,0,'0',0.00,0.00,0.00,0.00,0,'',0,0,0,'0000-00-00 00:00:00','0000-00-00 00:00:00'),
(365,0,'45010100','Retur Penjualan Barang Non Anggota','10000364',0,0,0,0,'0',0.00,0.00,0.00,0.00,0,'',0,0,0,'0000-00-00 00:00:00','0000-00-00 00:00:00'),
(366,0,'45010101','Retur Penjualan Barang Non Anggota Apotek','10000365',0,0,0,0,'0',0.00,0.00,0.00,0.00,0,'',0,0,0,'0000-00-00 00:00:00','0000-00-00 00:00:00'),
(367,0,'45010200','Potongan Penjualan Barang Non Anggota','10000366',0,0,0,0,'0',0.00,0.00,0.00,0.00,0,'',0,0,0,'0000-00-00 00:00:00','0000-00-00 00:00:00'),
(368,0,'45010201','Potongan Penjualan Barang Non Anggota Apotek','10000367',0,0,0,0,'0',0.00,0.00,0.00,0.00,0,'',0,0,0,'0000-00-00 00:00:00','0000-00-00 00:00:00'),
(369,0,'49999999','Total Pendapatan Usaha','10000368',0,0,0,0,'0',0.00,0.00,0.00,0.00,0,'',0,0,0,'0000-00-00 00:00:00','0000-00-00 00:00:00'),
(370,0,'50000000','Beban Pokok','10000369',0,0,0,0,'0',0.00,0.00,0.00,0.00,1,'',1,0,0,'0000-00-00 00:00:00','0000-00-00 00:00:00'),
(371,0,'51000000','Beban Pokok Anggota','10000370',0,0,0,0,'0',0.00,0.00,0.00,0.00,1,'',1,0,0,'0000-00-00 00:00:00','0000-00-00 00:00:00'),
(372,0,'51010000','Beban Pokok Penjualan Anggota','10000371',0,0,0,0,'0',0.00,0.00,0.00,0.00,1,'',1,0,0,'0000-00-00 00:00:00','0000-00-00 00:00:00'),
(373,0,'51010100','Beban Pokok Penjualan Barang Anggota','10000372',0,0,0,0,'0',0.00,0.00,0.00,0.00,1,'',1,0,0,'0000-00-00 00:00:00','0000-00-00 00:00:00'),
(374,0,'51010101','Beban Pokok Penjualan Barang Anggota BKP','10000373',0,0,0,0,'0',0.00,0.00,0.00,0.00,1,'',1,0,0,'0000-00-00 00:00:00','0000-00-00 00:00:00'),
(375,0,'51010102','Beban Pokok Penjualan Barang Anggota Non BK','10000374',0,0,0,0,'0',0.00,0.00,0.00,0.00,1,'',1,0,0,'0000-00-00 00:00:00','0000-00-00 00:00:00'),
(376,0,'51010103','Beban Penghapusan Persediaan Barang Anggota','10000375',0,0,0,0,'0',0.00,0.00,0.00,0.00,1,'',1,0,0,'0000-00-00 00:00:00','0000-00-00 00:00:00'),
(377,0,'51020000','Beban Pokok Pelayanan Anggota','10000376',0,0,0,0,'0',0.00,0.00,0.00,0.00,1,'',1,0,0,'0000-00-00 00:00:00','0000-00-00 00:00:00'),
(378,0,'51020100','Beban Pokok Pelayanan Jasa Anggota','10000377',0,0,0,0,'0',0.00,0.00,0.00,0.00,1,'',1,0,0,'0000-00-00 00:00:00','0000-00-00 00:00:00'),
(379,0,'51020101','Beban Pokok Pelayanan Jasa Anggota Simpin','10000378',0,0,0,0,'0',0.00,0.00,0.00,0.00,1,'',1,0,0,'0000-00-00 00:00:00','0000-00-00 00:00:00'),
(380,0,'51030000','Beban Bunga Simpanan','10000379',0,0,0,0,'0',0.00,0.00,0.00,0.00,1,'',1,0,0,'0000-00-00 00:00:00','0000-00-00 00:00:00'),
(381,0,'51030100','Beban Bunga Simpanan Pajak','10000380',0,0,0,0,'0',0.00,0.00,0.00,0.00,1,'',1,0,0,'0000-00-00 00:00:00','0000-00-00 00:00:00'),
(382,0,'51030101','Beban Bunga Simpanan Pajak','10000381',0,0,0,0,'0',0.00,0.00,0.00,0.00,1,'',1,0,0,'0000-00-00 00:00:00','0000-00-00 00:00:00'),
(383,0,'51030200','Beban Bunga Simpanan Non Pajak','10000382',0,0,0,0,'0',0.00,0.00,0.00,0.00,1,'',1,0,0,'0000-00-00 00:00:00','0000-00-00 00:00:00'),
(384,0,'51030201','Beban Bunga Simpanan Non Pajak','10000383',0,0,0,0,'0',0.00,0.00,0.00,0.00,1,'',1,0,0,'0000-00-00 00:00:00','0000-00-00 00:00:00'),
(385,0,'51040000','Beban Bunga Pinjaman Bank','10000384',0,0,0,0,'0',0.00,0.00,0.00,0.00,1,'',1,0,0,'0000-00-00 00:00:00','0000-00-00 00:00:00'),
(386,0,'51040100','Beban Bunga Pinjaman Anggota','10000385',0,0,0,0,'0',0.00,0.00,0.00,0.00,1,'',1,0,0,'0000-00-00 00:00:00','0000-00-00 00:00:00'),
(387,0,'52000000','Beban Pokok Non Anggota','10000386',0,0,0,0,'0',0.00,0.00,0.00,0.00,1,'',1,0,0,'0000-00-00 00:00:00','0000-00-00 00:00:00'),
(388,0,'52010000','Beban Pokok Penjualan Non Anggota','10000387',0,0,0,0,'0',0.00,0.00,0.00,0.00,1,'',1,0,0,'0000-00-00 00:00:00','0000-00-00 00:00:00'),
(389,0,'52010100','Beban Pokok Penjualan Barang Non Anggota','10000388',0,0,0,0,'0',0.00,0.00,0.00,0.00,1,'',1,0,0,'0000-00-00 00:00:00','0000-00-00 00:00:00'),
(390,0,'52010101','Beban Pokok Penjualan Barang Non Anggota','10000389',0,0,0,0,'0',0.00,0.00,0.00,0.00,1,'',1,0,0,'0000-00-00 00:00:00','0000-00-00 00:00:00'),
(391,0,'52010102','Beban Penghapusan Persediaan Barang Non Anggota','10000390',0,0,0,0,'0',0.00,0.00,0.00,0.00,1,'',1,0,0,'0000-00-00 00:00:00','0000-00-00 00:00:00'),
(392,0,'52010200','Beban Pokok Penjualan Perumahan','10000391',0,0,0,0,'0',0.00,0.00,0.00,0.00,1,'',1,0,0,'0000-00-00 00:00:00','0000-00-00 00:00:00'),
(393,0,'52010201','Beban Pokok Penjualan Perumahan','10000392',0,0,0,0,'0',0.00,0.00,0.00,0.00,1,'',1,0,0,'0000-00-00 00:00:00','0000-00-00 00:00:00'),
(394,0,'52020000','Beban Pokok Pelayanan Non Anggota','10000393',0,0,0,0,'0',0.00,0.00,0.00,0.00,1,'',1,0,0,'0000-00-00 00:00:00','0000-00-00 00:00:00'),
(395,0,'52020100','Beban Sewa','10000394',0,0,0,0,'0',0.00,0.00,0.00,0.00,1,'',1,0,0,'0000-00-00 00:00:00','0000-00-00 00:00:00'),
(396,0,'52020101','Beban Sewa Mobil','10000395',0,0,0,0,'0',0.00,0.00,0.00,0.00,1,'',1,0,0,'0000-00-00 00:00:00','0000-00-00 00:00:00'),
(397,0,'52020102','Beban Sewa Mesin Fotocopy','10000396',0,0,0,0,'0',0.00,0.00,0.00,0.00,1,'',1,0,0,'0000-00-00 00:00:00','0000-00-00 00:00:00'),
(398,0,'52020200','Beban Asuransi','10000397',0,0,0,0,'0',0.00,0.00,0.00,0.00,1,'',1,0,0,'0000-00-00 00:00:00','0000-00-00 00:00:00'),
(399,0,'52020201','Beban Asuransi Mobil Sewa','10000398',0,0,0,0,'0',0.00,0.00,0.00,0.00,1,'',1,0,0,'0000-00-00 00:00:00','0000-00-00 00:00:00'),
(400,0,'52020202','Beban Asuransi Gen Set Sewa','10000399',0,0,0,0,'0',0.00,0.00,0.00,0.00,1,'',1,0,0,'0000-00-00 00:00:00','0000-00-00 00:00:00'),
(401,0,'52020300','Beban Penyusutan','10000400',0,0,0,0,'0',0.00,0.00,0.00,0.00,1,'',1,0,0,'0000-00-00 00:00:00','0000-00-00 00:00:00'),
(402,0,'52020301','Beban Penyusutan Mobil Sewa','10000401',0,0,0,0,'0',0.00,0.00,0.00,0.00,1,'',1,0,0,'0000-00-00 00:00:00','0000-00-00 00:00:00'),
(403,0,'52020302','Beban Penyusutan Gen Set Sewa','10000402',0,0,0,0,'0',0.00,0.00,0.00,0.00,1,'',1,0,0,'0000-00-00 00:00:00','0000-00-00 00:00:00'),
(404,0,'52020500','Beban Pajak','10000403',0,0,0,0,'0',0.00,0.00,0.00,0.00,1,'',1,0,0,'0000-00-00 00:00:00','0000-00-00 00:00:00'),
(405,0,'52020501','Beban Pajak Mobil Sewa','10000404',0,0,0,0,'0',0.00,0.00,0.00,0.00,1,'',1,0,0,'0000-00-00 00:00:00','0000-00-00 00:00:00'),
(406,0,'52020600','Beban Perlengkapan','10000405',0,0,0,0,'0',0.00,0.00,0.00,0.00,1,'',1,0,0,'0000-00-00 00:00:00','0000-00-00 00:00:00'),
(407,0,'52020601','Beban Perlengkapan Habis Pakai Fotocopy','10000406',0,0,0,0,'0',0.00,0.00,0.00,0.00,1,'',1,0,0,'0000-00-00 00:00:00','0000-00-00 00:00:00'),
(408,0,'52020700','Beban Pemeliharaan','10000407',0,0,0,0,'0',0.00,0.00,0.00,0.00,1,'',1,0,0,'0000-00-00 00:00:00','0000-00-00 00:00:00'),
(409,0,'52020701','Beban Pemeliharaan Mobil Sewa','10000408',0,0,0,0,'0',0.00,0.00,0.00,0.00,1,'',1,0,0,'0000-00-00 00:00:00','0000-00-00 00:00:00'),
(410,0,'52020702','Beban Pemeliharaan Gen Set Sewa','10000409',0,0,0,0,'0',0.00,0.00,0.00,0.00,1,'',1,0,0,'0000-00-00 00:00:00','0000-00-00 00:00:00'),
(411,0,'52020800','Beban Bunga Pinjaman Bank','10000410',0,0,0,0,'0',0.00,0.00,0.00,0.00,1,'',1,0,0,'0000-00-00 00:00:00','0000-00-00 00:00:00'),
(412,0,'52020801','Beban Bunga Pinjaman Non Anggota','10000411',0,0,0,0,'0',0.00,0.00,0.00,0.00,1,'',1,0,0,'0000-00-00 00:00:00','0000-00-00 00:00:00'),
(413,0,'53000000','Beban Pokok Usaha Lainnya','10000412',0,0,0,0,'0',0.00,0.00,0.00,0.00,1,'',1,0,0,'0000-00-00 00:00:00','0000-00-00 00:00:00'),
(414,0,'53010000','Beban Pokok Usaha Lainnya Anggota','10000413',0,0,0,0,'0',0.00,0.00,0.00,0.00,1,'',1,0,0,'0000-00-00 00:00:00','0000-00-00 00:00:00'),
(415,0,'53020000','Beban Pokok Usaha Lainnya Non Anggota','10000414',0,0,0,0,'0',0.00,0.00,0.00,0.00,1,'',1,0,0,'0000-00-00 00:00:00','0000-00-00 00:00:00'),
(416,0,'53020001','Beban Gaji/THR/Bonus','10000415',0,0,0,0,'0',0.00,0.00,0.00,0.00,1,'',1,0,0,'0000-00-00 00:00:00','0000-00-00 00:00:00'),
(417,0,'53020002','Beban BPJS Ketenagakerjaan','10000416',0,0,0,0,'0',0.00,0.00,0.00,0.00,1,'',1,0,0,'0000-00-00 00:00:00','0000-00-00 00:00:00'),
(418,0,'53020004','Beban BPJS Kesehatan','10000417',0,0,0,0,'0',0.00,0.00,0.00,0.00,1,'',1,0,0,'0000-00-00 00:00:00','0000-00-00 00:00:00'),
(419,0,'53020005','Beban Seragam Kerja','10000418',0,0,0,0,'0',0.00,0.00,0.00,0.00,1,'',1,0,0,'0000-00-00 00:00:00','0000-00-00 00:00:00'),
(420,0,'53020006','Beban Kompensasi','10000419',0,0,0,0,'0',0.00,0.00,0.00,0.00,1,'',1,0,0,'0000-00-00 00:00:00','0000-00-00 00:00:00'),
(421,0,'59999998','Total HPP','10000420',0,0,0,0,'0',0.00,0.00,0.00,0.00,1,'',1,0,0,'0000-00-00 00:00:00','0000-00-00 00:00:00'),
(422,0,'59999999','Total Laba Kotor','10000421',0,0,0,0,'0',0.00,0.00,0.00,0.00,1,'',1,0,0,'0000-00-00 00:00:00','0000-00-00 00:00:00'),
(423,0,'60000000','Beban Operasional','10000422',0,0,0,0,'0',0.00,0.00,0.00,0.00,1,'',1,0,0,'0000-00-00 00:00:00','0000-00-00 00:00:00'),
(424,0,'61000000','Beban Usaha','10000423',0,0,0,0,'0',0.00,0.00,0.00,0.00,1,'',1,0,0,'0000-00-00 00:00:00','0000-00-00 00:00:00'),
(425,0,'61010000','Beban Tenaga Kerja','10000424',0,0,0,0,'0',0.00,0.00,0.00,0.00,1,'',1,0,0,'0000-00-00 00:00:00','0000-00-00 00:00:00'),
(426,0,'61010100','Beban Gaji, Upah, dan Bonus','10000425',0,0,0,0,'0',0.00,0.00,0.00,0.00,1,'',1,0,0,'0000-00-00 00:00:00','0000-00-00 00:00:00'),
(427,0,'61010101','Beban Gaji, Upah, dan Bonus','10000426',0,0,0,0,'0',0.00,0.00,0.00,0.00,1,'',1,0,0,'0000-00-00 00:00:00','0000-00-00 00:00:00'),
(428,0,'61010200','Beban Tunjangan Karyawan','10000427',0,0,0,0,'0',0.00,0.00,0.00,0.00,1,'',1,0,0,'0000-00-00 00:00:00','0000-00-00 00:00:00'),
(429,0,'61010201','Beban Tunjangan PPh ps.21 Karyawan','10000428',0,0,0,0,'0',0.00,0.00,0.00,0.00,1,'',1,0,0,'0000-00-00 00:00:00','0000-00-00 00:00:00'),
(430,0,'61010202','Beban Tunjangan BPJS Kesehatan Karyawan','10000429',0,0,0,0,'0',0.00,0.00,0.00,0.00,1,'',1,0,0,'0000-00-00 00:00:00','0000-00-00 00:00:00'),
(431,0,'61010203','Beban Tunjangan BPJS Ketenagakerjaan Karyawan','10000430',0,0,0,0,'0',0.00,0.00,0.00,0.00,1,'',1,0,0,'0000-00-00 00:00:00','0000-00-00 00:00:00'),
(432,0,'61010204','Beban Tunjangan Seragam Karyawan','10000431',0,0,0,0,'0',0.00,0.00,0.00,0.00,1,'',1,0,0,'0000-00-00 00:00:00','0000-00-00 00:00:00'),
(433,0,'61010205','Beban Tunjangan Hari Raya Karyawan','10000432',0,0,0,0,'0',0.00,0.00,0.00,0.00,1,'',1,0,0,'0000-00-00 00:00:00','0000-00-00 00:00:00'),
(434,0,'61010206','Beban Tunjangan Pensiun Karyawan','10000433',0,0,0,0,'0',0.00,0.00,0.00,0.00,1,'',1,0,0,'0000-00-00 00:00:00','0000-00-00 00:00:00'),
(435,0,'61010207','Beban Tunjangan Rekreasi Karyawan','10000434',0,0,0,0,'0',0.00,0.00,0.00,0.00,1,'',1,0,0,'0000-00-00 00:00:00','0000-00-00 00:00:00'),
(436,0,'61010208','Beban Tunjangan Pendidikan Karyawan','10000435',0,0,0,0,'0',0.00,0.00,0.00,0.00,1,'',1,0,0,'0000-00-00 00:00:00','0000-00-00 00:00:00'),
(437,0,'62000000','Beban Administrasi','10000436',0,0,0,0,'0',0.00,0.00,0.00,0.00,1,'',1,0,0,'0000-00-00 00:00:00','0000-00-00 00:00:00'),
(438,0,'62010000','Beban Administrasi','10000437',0,0,0,0,'0',0.00,0.00,0.00,0.00,1,'',1,0,0,'0000-00-00 00:00:00','0000-00-00 00:00:00'),
(439,0,'62010100','Beban Alat Tulis Kantor','10000438',0,0,0,0,'0',0.00,0.00,0.00,0.00,1,'',1,0,0,'0000-00-00 00:00:00','0000-00-00 00:00:00'),
(440,0,'62010101','Beban Alat Tulis Kantor','10000439',0,0,0,0,'0',0.00,0.00,0.00,0.00,1,'',1,0,0,'0000-00-00 00:00:00','0000-00-00 00:00:00'),
(441,0,'62010200','Beban Perizinan','10000440',0,0,0,0,'0',0.00,0.00,0.00,0.00,1,'',1,0,0,'0000-00-00 00:00:00','0000-00-00 00:00:00'),
(442,0,'62010201','Beban Perizinan','10000441',0,0,0,0,'0',0.00,0.00,0.00,0.00,1,'',1,0,0,'0000-00-00 00:00:00','0000-00-00 00:00:00'),
(443,0,'62010300','Beban Materai','10000442',0,0,0,0,'0',0.00,0.00,0.00,0.00,1,'',1,0,0,'0000-00-00 00:00:00','0000-00-00 00:00:00'),
(444,0,'62010301','Beban Materai','10000443',0,0,0,0,'0',0.00,0.00,0.00,0.00,1,'',1,0,0,'0000-00-00 00:00:00','0000-00-00 00:00:00'),
(445,0,'62010302','Beban Kirim Surat / Barang','10000444',0,0,0,0,'0',0.00,0.00,0.00,0.00,1,'',1,0,0,'0000-00-00 00:00:00','0000-00-00 00:00:00'),
(446,0,'62010303','Beban Fotocopy','10000445',0,0,0,0,'0',0.00,0.00,0.00,0.00,1,'',1,0,0,'0000-00-00 00:00:00','0000-00-00 00:00:00'),
(447,0,'62010400','Beban Administrasi Kantor','10000446',0,0,0,0,'0',0.00,0.00,0.00,0.00,1,'',1,0,0,'0000-00-00 00:00:00','0000-00-00 00:00:00'),
(448,0,'62010401','Beban Administrasi Kantor','10000447',0,0,0,0,'0',0.00,0.00,0.00,0.00,1,'',1,0,0,'0000-00-00 00:00:00','0000-00-00 00:00:00'),
(449,0,'62010500','Beban Listrik, Air, dan Telepon','10000448',0,0,0,0,'0',0.00,0.00,0.00,0.00,1,'',1,0,0,'0000-00-00 00:00:00','0000-00-00 00:00:00'),
(450,0,'62010501','Beban Listrik, Air, dan Telepon','10000449',0,0,0,0,'0',0.00,0.00,0.00,0.00,1,'',1,0,0,'0000-00-00 00:00:00','0000-00-00 00:00:00'),
(451,0,'62010600','Beban Transportasi Karyawan','10000450',0,0,0,0,'0',0.00,0.00,0.00,0.00,1,'',1,0,0,'0000-00-00 00:00:00','0000-00-00 00:00:00'),
(452,0,'62010601','Beban Transportasi Karyawan','10000451',0,0,0,0,'0',0.00,0.00,0.00,0.00,1,'',1,0,0,'0000-00-00 00:00:00','0000-00-00 00:00:00'),
(453,0,'62010700','Beban Sumbangan dan Iuran','10000452',0,0,0,0,'0',0.00,0.00,0.00,0.00,1,'',1,0,0,'0000-00-00 00:00:00','0000-00-00 00:00:00'),
(454,0,'62010701','Beban Sumbangan dan Iuran','10000453',0,0,0,0,'0',0.00,0.00,0.00,0.00,1,'',1,0,0,'0000-00-00 00:00:00','0000-00-00 00:00:00'),
(455,0,'62010800','Beban Perlengkapan Habis Pakai','10000454',0,0,0,0,'0',0.00,0.00,0.00,0.00,1,'',1,0,0,'0000-00-00 00:00:00','0000-00-00 00:00:00'),
(456,0,'62010801','Beban Perlengkapan','10000455',0,0,0,0,'0',0.00,0.00,0.00,0.00,1,'',1,0,0,'0000-00-00 00:00:00','0000-00-00 00:00:00'),
(457,0,'62010802','Beban Pengemasan','10000456',0,0,0,0,'0',0.00,0.00,0.00,0.00,1,'',1,0,0,'0000-00-00 00:00:00','0000-00-00 00:00:00'),
(458,0,'62010900','Beban Sewa Operasional','10000457',0,0,0,0,'0',0.00,0.00,0.00,0.00,1,'',1,0,0,'0000-00-00 00:00:00','0000-00-00 00:00:00'),
(459,0,'62010901','Beban Sewa Operasional','10000458',0,0,0,0,'0',0.00,0.00,0.00,0.00,1,'',1,0,0,'0000-00-00 00:00:00','0000-00-00 00:00:00'),
(460,0,'62011000','Beban Pajak','10000459',0,0,0,0,'0',0.00,0.00,0.00,0.00,1,'',1,0,0,'0000-00-00 00:00:00','0000-00-00 00:00:00'),
(461,0,'62011001','Beban Sanksi Adminitrasi Pajak','10000460',0,0,0,0,'0',0.00,0.00,0.00,0.00,1,'',1,0,0,'0000-00-00 00:00:00','0000-00-00 00:00:00'),
(462,0,'62011002','Beban PPh 4 (2)','10000461',0,0,0,0,'0',0.00,0.00,0.00,0.00,1,'',1,0,0,'0000-00-00 00:00:00','0000-00-00 00:00:00'),
(463,0,'62011003','Beban PPh 29','10000462',0,0,0,0,'0',0.00,0.00,0.00,0.00,1,'',1,0,0,'0000-00-00 00:00:00','0000-00-00 00:00:00'),
(464,0,'62011100','Beban Penyisihan Kerugian Piutang','10000463',0,0,0,0,'0',0.00,0.00,0.00,0.00,1,'',1,0,0,'0000-00-00 00:00:00','0000-00-00 00:00:00'),
(465,0,'62011101','Beban Penyisihan Kerugian Piutang','10000464',0,0,0,0,'0',0.00,0.00,0.00,0.00,1,'',1,0,0,'0000-00-00 00:00:00','0000-00-00 00:00:00'),
(466,0,'62011102','Beban Penghapusan Persediaan','10000465',0,0,0,0,'0',0.00,0.00,0.00,0.00,1,'',1,0,0,'0000-00-00 00:00:00','0000-00-00 00:00:00'),
(467,0,'62011103','Beban Penyisihan Piutang Tak Tertagih','10000466',0,0,0,0,'0',0.00,0.00,0.00,0.00,1,'',1,0,0,'0000-00-00 00:00:00','0000-00-00 00:00:00'),
(468,0,'62011200','Beban Iklan dan Promosi','10000467',0,0,0,0,'0',0.00,0.00,0.00,0.00,1,'',1,0,0,'0000-00-00 00:00:00','0000-00-00 00:00:00'),
(469,0,'62011201','Beban Iklan dan Promosi','10000468',0,0,0,0,'0',0.00,0.00,0.00,0.00,1,'',1,0,0,'0000-00-00 00:00:00','0000-00-00 00:00:00'),
(470,0,'62011202','Beban Hadiah','10000469',0,0,0,0,'0',0.00,0.00,0.00,0.00,1,'',1,0,0,'0000-00-00 00:00:00','0000-00-00 00:00:00'),
(471,0,'62011300','Beban Administrasi Lain-lain','10000470',0,0,0,0,'0',0.00,0.00,0.00,0.00,1,'',1,0,0,'0000-00-00 00:00:00','0000-00-00 00:00:00'),
(472,0,'62011301','Beban Administrasi Lain-lain','10000471',0,0,0,0,'0',0.00,0.00,0.00,0.00,1,'',1,0,0,'0000-00-00 00:00:00','0000-00-00 00:00:00'),
(473,0,'63000000','Beban Perkoperasian','10000472',0,0,0,0,'0',0.00,0.00,0.00,0.00,1,'',1,0,0,'0000-00-00 00:00:00','0000-00-00 00:00:00'),
(474,0,'63010000','Beban Perkoperasian Anggota','10000473',0,0,0,0,'0',0.00,0.00,0.00,0.00,1,'',1,0,0,'0000-00-00 00:00:00','0000-00-00 00:00:00'),
(475,0,'63010100','Beban Perkoperasian Anggota','10000474',0,0,0,0,'0',0.00,0.00,0.00,0.00,1,'',1,0,0,'0000-00-00 00:00:00','0000-00-00 00:00:00'),
(476,0,'63010101','Beban Rapat dan RAT','10000475',0,0,0,0,'0',0.00,0.00,0.00,0.00,1,'',1,0,0,'0000-00-00 00:00:00','0000-00-00 00:00:00'),
(477,0,'63010200','Beban Perjalanan Dinas Luar Kota/Luar Negeri','10000476',0,0,0,0,'0',0.00,0.00,0.00,0.00,1,'',1,0,0,'0000-00-00 00:00:00','0000-00-00 00:00:00'),
(478,0,'63010201','Beban Perjalanan Dinas Luar Kota/Luar Negeri','10000477',0,0,0,0,'0',0.00,0.00,0.00,0.00,1,'',1,0,0,'0000-00-00 00:00:00','0000-00-00 00:00:00'),
(479,0,'63010300','Beban Honor Pengurus','10000478',0,0,0,0,'0',0.00,0.00,0.00,0.00,1,'',1,0,0,'0000-00-00 00:00:00','0000-00-00 00:00:00'),
(480,0,'63010301','Beban Honor Pengurus','10000479',0,0,0,0,'0',0.00,0.00,0.00,0.00,1,'',1,0,0,'0000-00-00 00:00:00','0000-00-00 00:00:00'),
(481,0,'63010400','Beban Fee Manajemen/Profesional','10000480',0,0,0,0,'0',0.00,0.00,0.00,0.00,1,'',1,0,0,'0000-00-00 00:00:00','0000-00-00 00:00:00'),
(482,0,'63010401','Beban Fee Manajemen/Profesional','10000481',0,0,0,0,'0',0.00,0.00,0.00,0.00,1,'',1,0,0,'0000-00-00 00:00:00','0000-00-00 00:00:00'),
(483,0,'64000000','Beban Aset','10000482',0,0,0,0,'0',0.00,0.00,0.00,0.00,1,'',1,0,0,'0000-00-00 00:00:00','0000-00-00 00:00:00'),
(484,0,'64010000','Beban Pemeliharaan Gedung','10000483',0,0,0,0,'0',0.00,0.00,0.00,0.00,1,'',1,0,0,'0000-00-00 00:00:00','0000-00-00 00:00:00'),
(485,0,'64010100','Beban Pemeliharaan Gedung','10000484',0,0,0,0,'0',0.00,0.00,0.00,0.00,1,'',1,0,0,'0000-00-00 00:00:00','0000-00-00 00:00:00'),
(486,0,'64010101','Beban Pemeliharaan Gedung','10000485',0,0,0,0,'0',0.00,0.00,0.00,0.00,1,'',1,0,0,'0000-00-00 00:00:00','0000-00-00 00:00:00'),
(487,0,'64010200','Beban Pemeliharaan Kendaraan Operasional','10000486',0,0,0,0,'0',0.00,0.00,0.00,0.00,1,'',1,0,0,'0000-00-00 00:00:00','0000-00-00 00:00:00'),
(488,0,'64010201','Beban Pemeliharaan Kendaraan Operasional','10000487',0,0,0,0,'0',0.00,0.00,0.00,0.00,1,'',1,0,0,'0000-00-00 00:00:00','0000-00-00 00:00:00'),
(489,0,'64010300','Beban Pemeliharaan Inventaris','10000488',0,0,0,0,'0',0.00,0.00,0.00,0.00,1,'',1,0,0,'0000-00-00 00:00:00','0000-00-00 00:00:00'),
(490,0,'64010301','Beban Pemeliharaan Inventaris','10000489',0,0,0,0,'0',0.00,0.00,0.00,0.00,1,'',1,0,0,'0000-00-00 00:00:00','0000-00-00 00:00:00'),
(491,0,'64010400','Beban Penyusutan Bangunan','10000490',0,0,0,0,'0',0.00,0.00,0.00,0.00,1,'',1,0,0,'0000-00-00 00:00:00','0000-00-00 00:00:00'),
(492,0,'64010401','Beban Penyusutan Bangunan','10000491',0,0,0,0,'0',0.00,0.00,0.00,0.00,1,'',1,0,0,'0000-00-00 00:00:00','0000-00-00 00:00:00'),
(493,0,'64010500','Beban Penyusutan Kendaraan Operasional','10000492',0,0,0,0,'0',0.00,0.00,0.00,0.00,1,'',1,0,0,'0000-00-00 00:00:00','0000-00-00 00:00:00'),
(494,0,'64010501','Beban Penyusutan Kendaraan Operasional','10000493',0,0,0,0,'0',0.00,0.00,0.00,0.00,1,'',1,0,0,'0000-00-00 00:00:00','0000-00-00 00:00:00'),
(495,0,'64010600','Beban Penyusutan Inventaris Kantor','10000494',0,0,0,0,'0',0.00,0.00,0.00,0.00,1,'',1,0,0,'0000-00-00 00:00:00','0000-00-00 00:00:00'),
(496,0,'64010601','Beban Penyusutan Inventaris Kantor','10000495',0,0,0,0,'0',0.00,0.00,0.00,0.00,1,'',1,0,0,'0000-00-00 00:00:00','0000-00-00 00:00:00'),
(497,0,'64010700','Beban Asuransi','10000496',0,0,0,0,'0',0.00,0.00,0.00,0.00,1,'',1,0,0,'0000-00-00 00:00:00','0000-00-00 00:00:00'),
(498,0,'64010701','Beban Asuransi','10000497',0,0,0,0,'0',0.00,0.00,0.00,0.00,1,'',1,0,0,'0000-00-00 00:00:00','0000-00-00 00:00:00'),
(499,0,'64010800','Beban Pajak Kendaraan Operasional','10000498',0,0,0,0,'0',0.00,0.00,0.00,0.00,1,'',1,0,0,'0000-00-00 00:00:00','0000-00-00 00:00:00'),
(500,0,'64010801','Beban Pajak Kendaraan Operasional','10000499',0,0,0,0,'0',0.00,0.00,0.00,0.00,1,'',1,0,0,'0000-00-00 00:00:00','0000-00-00 00:00:00'),
(501,0,'64010900','Beban Aset Lainnya','10000500',0,0,0,0,'0',0.00,0.00,0.00,0.00,1,'',1,0,0,'0000-00-00 00:00:00','0000-00-00 00:00:00'),
(502,0,'64010901','Beban Penyusutan Bangunan','10000501',0,0,0,0,'0',0.00,0.00,0.00,0.00,1,'',1,0,0,'0000-00-00 00:00:00','0000-00-00 00:00:00'),
(503,0,'64010902','Beban Penyusutan Inventaris','10000502',0,0,0,0,'0',0.00,0.00,0.00,0.00,1,'',1,0,0,'0000-00-00 00:00:00','0000-00-00 00:00:00'),
(504,0,'64010903','Beban Penyusutan Francise','10000503',0,0,0,0,'0',0.00,0.00,0.00,0.00,1,'',1,0,0,'0000-00-00 00:00:00','0000-00-00 00:00:00'),
(505,0,'69999998','Total Biaya Usaha','10000504',0,0,0,0,'0',0.00,0.00,0.00,0.00,1,'',1,0,0,'0000-00-00 00:00:00','0000-00-00 00:00:00'),
(506,0,'69999999','SHU Sebelum Lain-Lain','10000505',0,0,0,0,'0',0.00,0.00,0.00,0.00,0,'',0,0,0,'0000-00-00 00:00:00','0000-00-00 00:00:00'),
(507,0,'70000000','Pendapatan dan Beban Diluar Usaha','10000506',0,0,0,0,'0',0.00,0.00,0.00,0.00,0,'',0,0,0,'0000-00-00 00:00:00','0000-00-00 00:00:00'),
(508,0,'71000000','Pendapatan Diluar Usaha','10000507',0,0,0,0,'0',0.00,0.00,0.00,0.00,0,'',0,0,0,'0000-00-00 00:00:00','0000-00-00 00:00:00'),
(509,0,'71010000','Pendapatan Diluar Usaha Lainnya','10000508',0,0,0,0,'0',0.00,0.00,0.00,0.00,0,'',0,0,0,'0000-00-00 00:00:00','0000-00-00 00:00:00'),
(510,0,'71010100','Pendapatan Bunga dan Jasa Giro Bank','10000509',0,0,0,0,'0',0.00,0.00,0.00,0.00,0,'',0,0,0,'0000-00-00 00:00:00','0000-00-00 00:00:00'),
(511,0,'71010101','Pendapatan Bunga dan Jasa Giro Bank','10000510',0,0,0,0,'0',0.00,0.00,0.00,0.00,0,'',0,0,0,'0000-00-00 00:00:00','0000-00-00 00:00:00'),
(512,0,'71010200','Pendapatan Display Barang','10000511',0,0,0,0,'0',0.00,0.00,0.00,0.00,0,'',0,0,0,'0000-00-00 00:00:00','0000-00-00 00:00:00'),
(513,0,'71010201','Pendapatan Display Barang','10000512',0,0,0,0,'0',0.00,0.00,0.00,0.00,0,'',0,0,0,'0000-00-00 00:00:00','0000-00-00 00:00:00'),
(514,0,'71010300','Laba (Rugi) Penjualan Aset Tetap dan Investasi','10000513',0,0,0,0,'0',0.00,0.00,0.00,0.00,0,'',0,0,0,'0000-00-00 00:00:00','0000-00-00 00:00:00'),
(515,0,'71010301','Laba (Rugi) Penjualan Aset Tetap dan Investasi','10000514',0,0,0,0,'0',0.00,0.00,0.00,0.00,0,'',0,0,3,'0000-00-00 00:00:00','0000-00-00 00:00:00'),
(516,0,'71010400','Pendapatan Deviden dan Investasi','10000515',0,0,0,0,'0',0.00,0.00,0.00,0.00,0,'',0,0,75,'2023-11-16 06:33:47','2023-11-16 06:33:47'),
(517,0,'71010401','Pendapatan Deviden','10000516',0,0,0,0,'0',0.00,0.00,0.00,0.00,0,'',0,0,75,'2023-11-16 06:54:57','2023-11-16 06:54:57'),
(518,0,'71010402','Pendapatan Investasi','10000517',0,0,0,0,'0',0.00,0.00,0.00,0.00,0,'',0,0,75,'2023-11-16 07:02:09','2023-11-16 07:02:09'),
(519,0,'71019900','Pendapatan Lain-lain','10000518',0,0,0,0,'0',0.00,0.00,0.00,0.00,0,'',0,0,75,'2023-11-16 07:10:53','2023-11-16 07:10:53'),
(520,0,'71019901','Pendapatan Lain-lain','10000519',0,0,0,0,'0',0.00,0.00,0.00,0.00,0,'',0,0,75,'2023-11-16 07:58:48','2023-11-16 07:58:48'),
(521,0,'71019902','Pendapatan Pinalty dan Tutup Rekening','10000520',0,0,0,0,'0',0.00,0.00,0.00,0.00,0,'',0,0,75,'2023-11-16 07:58:48','2023-11-16 07:58:48'),
(522,0,'71019903','Pendapatan Diskon Pabrikan','10000521',0,0,0,0,'0',0.00,0.00,0.00,0.00,0,'',0,0,75,'2023-11-16 07:58:48','2023-11-16 07:58:48'),
(523,0,'72000000','Beban Diluar Usaha','10000522',0,0,0,0,'0',0.00,0.00,0.00,0.00,1,'',1,0,75,'2023-11-16 07:58:48','2023-11-16 07:58:48'),
(524,0,'72010000','Beban Diluar Usaha Lainnya','10000523',0,0,0,0,'0',0.00,0.00,0.00,0.00,1,'',1,0,75,'2023-11-16 07:58:48','2023-11-16 07:58:48'),
(525,0,'72010100','Beban Pajak Bunga Bank','10000524',0,0,0,0,'0',0.00,0.00,0.00,0.00,1,'',1,0,75,'2023-11-16 07:58:48','2023-11-16 07:58:48'),
(526,0,'72010101','Beban Pajak Bunga Bank','10000525',0,0,0,0,'0',0.00,0.00,0.00,0.00,1,'',1,0,75,'2023-11-16 07:58:48','2023-11-16 07:58:48'),
(527,0,'72010200','Beban Administrasi Bank','10000526',0,0,0,0,'0',0.00,0.00,0.00,0.00,1,'',1,0,75,'2023-11-16 07:58:48','2023-11-16 07:58:48'),
(528,0,'72010201','Beban Administrasi Bank','10000527',0,0,0,0,'0',0.00,0.00,0.00,0.00,1,'',1,0,75,'2023-11-16 07:58:48','2023-11-16 07:58:48'),
(529,0,'72010300','Beban Bunga Pinjaman','10000528',0,0,0,0,'0',0.00,0.00,0.00,0.00,1,'',1,0,75,'2023-11-16 07:58:48','2023-11-16 07:58:48'),
(530,0,'72010301','Beban Bunga Pinjaman','10000529',0,0,0,0,'0',0.00,0.00,0.00,0.00,1,'',1,0,75,'2023-11-16 07:58:48','2023-11-16 07:58:48'),
(531,0,'72010400','Beban Lain-lain','10000530',0,0,0,0,'0',0.00,0.00,0.00,0.00,1,'',1,0,75,'2023-11-16 07:58:48','2023-11-16 07:58:48'),
(532,0,'72010401','Beban Lain-lain','10000531',0,0,0,0,'0',0.00,0.00,0.00,0.00,1,'',1,0,75,'2023-11-16 07:58:48','2023-11-16 07:58:48'),
(533,0,'79999998','Pendapatan & Biaya Lainnya','10000532',0,0,0,0,'0',0.00,0.00,0.00,0.00,0,'',0,0,75,'2023-11-16 07:58:48','2023-11-16 07:58:48'),
(534,0,'79999999','SHU Tahun Berjalan','10000533',0,0,0,0,'0',0.00,0.00,0.00,0.00,0,'',0,0,0,'0000-00-00 00:00:00','0000-00-00 00:00:00');

/*Table structure for table `acct_account_balance` */

DROP TABLE IF EXISTS `acct_account_balance`;

CREATE TABLE `acct_account_balance` (
  `account_balance_id` int NOT NULL AUTO_INCREMENT,
  `company_id` int NOT NULL DEFAULT '2',
  `branch_id` int DEFAULT '0',
  `account_id` int DEFAULT '0',
  `last_balance` decimal(20,2) DEFAULT '0.00',
  `created_id` int DEFAULT NULL,
  `created_at` datetime DEFAULT NULL,
  `updated_at` timestamp NOT NULL DEFAULT CURRENT_TIMESTAMP,
  PRIMARY KEY (`account_balance_id`),
  KEY `FK_acct_account_balance_account_id` (`account_id`)
) ENGINE=InnoDB AUTO_INCREMENT=180 DEFAULT CHARSET=utf8mb3;

/*Data for the table `acct_account_balance` */

insert  into `acct_account_balance`(`account_balance_id`,`company_id`,`branch_id`,`account_id`,`last_balance`,`created_id`,`created_at`,`updated_at`) values 
(168,2,0,42,-1516661.00,3,NULL,'2023-12-13 14:38:44'),
(169,2,0,43,-8088.00,3,NULL,'2023-12-13 14:38:44'),
(170,2,0,338,-1315000.00,3,NULL,'2023-12-13 14:38:44'),
(171,2,0,238,-201661.00,3,NULL,'2023-12-13 14:38:44'),
(172,2,0,522,-8088.00,3,NULL,'2023-12-13 14:38:44'),
(173,2,0,390,-1315000.00,3,NULL,'2023-12-13 14:38:44'),
(174,2,0,82,-1165000.00,3,NULL,'2023-12-13 14:38:44'),
(175,2,0,106,-19800.00,3,NULL,'2023-12-13 14:57:53'),
(176,2,0,205,-25000.00,3,NULL,'2023-12-13 14:57:53'),
(177,2,0,105,-36300.00,3,NULL,'2023-12-15 14:23:19'),
(178,2,0,5,0.00,3,NULL,'2023-12-15 14:23:19'),
(179,2,0,8,-191500.00,3,NULL,'2023-12-15 14:23:19');

/*Table structure for table `acct_account_balance_detail` */

DROP TABLE IF EXISTS `acct_account_balance_detail`;

CREATE TABLE `acct_account_balance_detail` (
  `account_balance_detail_id` bigint NOT NULL AUTO_INCREMENT,
  `branch_id` int DEFAULT '0',
  `company_id` int NOT NULL DEFAULT '2',
  `transaction_type` int DEFAULT NULL,
  `transaction_code` varchar(20) DEFAULT NULL,
  `transaction_date` date DEFAULT NULL,
  `transaction_id` bigint DEFAULT NULL,
  `account_id` int DEFAULT NULL,
  `opening_balance` decimal(20,2) DEFAULT '0.00',
  `account_in` decimal(20,2) DEFAULT '0.00',
  `account_out` decimal(20,2) DEFAULT '0.00',
  `cash_in` decimal(20,2) DEFAULT '0.00',
  `cash_out` decimal(20,2) DEFAULT '0.00',
  `bank_in` decimal(20,2) DEFAULT '0.00',
  `bank_out` decimal(20,2) DEFAULT '0.00',
  `last_balance` decimal(20,2) DEFAULT '0.00',
  `created_at` datetime DEFAULT NULL,
  `updated_at` timestamp NULL DEFAULT CURRENT_TIMESTAMP,
  `created_id` int DEFAULT NULL,
  PRIMARY KEY (`account_balance_detail_id`),
  KEY `FK_acct_account_balance_detail_account_id` (`account_id`)
) ENGINE=InnoDB AUTO_INCREMENT=330 DEFAULT CHARSET=utf8mb3;

/*Data for the table `acct_account_balance_detail` */

insert  into `acct_account_balance_detail`(`account_balance_detail_id`,`branch_id`,`company_id`,`transaction_type`,`transaction_code`,`transaction_date`,`transaction_id`,`account_id`,`opening_balance`,`account_in`,`account_out`,`cash_in`,`cash_out`,`bank_in`,`bank_out`,`last_balance`,`created_at`,`updated_at`,`created_id`) values 
(265,0,2,63,'PPP','2023-12-13',68,42,0.00,0.00,837560.00,0.00,0.00,0.00,0.00,-837560.00,NULL,'2023-12-13 14:38:44',3),
(266,0,2,63,'PPP','2023-12-13',68,43,0.00,0.00,4000.00,0.00,0.00,0.00,0.00,-4000.00,NULL,'2023-12-13 14:38:44',3),
(267,0,2,63,'PPP','2023-12-13',68,338,0.00,0.00,750000.00,0.00,0.00,0.00,0.00,-750000.00,NULL,'2023-12-13 14:38:44',3),
(268,0,2,63,'PPP','2023-12-13',68,238,0.00,0.00,87560.00,0.00,0.00,0.00,0.00,-87560.00,NULL,'2023-12-13 14:38:44',3),
(269,0,2,63,'PPP','2023-12-13',68,522,0.00,0.00,4000.00,0.00,0.00,0.00,0.00,-4000.00,NULL,'2023-12-13 14:38:44',3),
(270,0,2,63,'PPP','2023-12-13',68,390,0.00,0.00,750000.00,0.00,0.00,0.00,0.00,-750000.00,NULL,'2023-12-13 14:38:44',3),
(271,0,2,63,'PPP','2023-12-13',68,82,0.00,0.00,750000.00,0.00,0.00,0.00,0.00,-750000.00,NULL,'2023-12-13 14:38:44',3),
(272,0,2,63,'PPP','2023-12-13',69,42,-837560.00,0.00,487560.00,0.00,0.00,0.00,0.00,-1325120.00,NULL,'2023-12-13 14:53:15',3),
(273,0,2,63,'PPP','2023-12-13',69,43,-4000.00,0.00,4000.00,0.00,0.00,0.00,0.00,-8000.00,NULL,'2023-12-13 14:53:15',3),
(274,0,2,63,'PPP','2023-12-13',69,338,-750000.00,0.00,400000.00,0.00,0.00,0.00,0.00,-1150000.00,NULL,'2023-12-13 14:53:15',3),
(275,0,2,63,'PPP','2023-12-13',69,238,-87560.00,0.00,87560.00,0.00,0.00,0.00,0.00,-175120.00,NULL,'2023-12-13 14:53:15',3),
(276,0,2,63,'PPP','2023-12-13',69,522,-4000.00,0.00,4000.00,0.00,0.00,0.00,0.00,-8000.00,NULL,'2023-12-13 14:53:15',3),
(277,0,2,63,'PPP','2023-12-13',69,390,-750000.00,0.00,400000.00,0.00,0.00,0.00,0.00,-1150000.00,NULL,'2023-12-13 14:53:15',3),
(278,0,2,63,'PPP','2023-12-13',69,82,-750000.00,0.00,400000.00,0.00,0.00,0.00,0.00,-1150000.00,NULL,'2023-12-13 14:53:15',3),
(279,0,2,20,'GRN','2023-12-13',70,82,-1150000.00,150000.00,0.00,0.00,0.00,0.00,0.00,-1000000.00,NULL,'2023-12-13 14:57:53',3),
(280,0,2,20,'GRN','2023-12-13',70,106,0.00,16500.00,0.00,0.00,0.00,0.00,0.00,16500.00,NULL,'2023-12-13 14:57:53',3),
(281,0,2,20,'GRN','2023-12-13',70,205,0.00,166500.00,0.00,0.00,0.00,0.00,0.00,166500.00,NULL,'2023-12-13 14:57:53',3),
(282,0,2,63,'PPP','2023-12-13',71,42,-1325120.00,0.00,174626.00,0.00,0.00,0.00,0.00,-1499746.00,NULL,'2023-12-13 16:07:54',3),
(283,0,2,63,'PPP','2023-12-13',71,338,-1150000.00,0.00,150000.00,0.00,0.00,0.00,0.00,-1300000.00,NULL,'2023-12-13 16:07:54',3),
(284,0,2,63,'PPP','2023-12-13',71,238,-175120.00,0.00,24626.00,0.00,0.00,0.00,0.00,-199746.00,NULL,'2023-12-13 16:07:54',3),
(285,0,2,63,'PPP','2023-12-13',71,390,-1150000.00,0.00,150000.00,0.00,0.00,0.00,0.00,-1300000.00,NULL,'2023-12-13 16:07:54',3),
(286,0,2,63,'PPP','2023-12-13',71,82,-1000000.00,0.00,150000.00,0.00,0.00,0.00,0.00,-1150000.00,NULL,'2023-12-13 16:07:54',3),
(287,0,2,63,'PPP','2023-12-14',72,42,-1499746.00,0.00,16915.00,0.00,0.00,0.00,0.00,-1516661.00,NULL,'2023-12-14 14:30:31',3),
(288,0,2,63,'PPP','2023-12-14',72,43,-8000.00,0.00,88.00,0.00,0.00,0.00,0.00,-8088.00,NULL,'2023-12-14 14:30:31',3),
(289,0,2,63,'PPP','2023-12-14',72,338,-1300000.00,0.00,15000.00,0.00,0.00,0.00,0.00,-1315000.00,NULL,'2023-12-14 14:30:31',3),
(290,0,2,63,'PPP','2023-12-14',72,238,-199746.00,0.00,1915.00,0.00,0.00,0.00,0.00,-201661.00,NULL,'2023-12-14 14:30:31',3),
(291,0,2,63,'PPP','2023-12-14',72,522,-8000.00,0.00,88.00,0.00,0.00,0.00,0.00,-8088.00,NULL,'2023-12-14 14:30:31',3),
(292,0,2,63,'PPP','2023-12-14',72,390,-1300000.00,0.00,15000.00,0.00,0.00,0.00,0.00,-1315000.00,NULL,'2023-12-14 14:30:31',3),
(293,0,2,63,'PPP','2023-12-14',72,82,-1150000.00,0.00,15000.00,0.00,0.00,0.00,0.00,-1165000.00,NULL,'2023-12-14 14:30:31',3),
(294,0,2,31,'PP','2023-12-15',73,205,166500.00,0.00,100000.00,0.00,0.00,0.00,0.00,66500.00,NULL,'2023-12-15 14:23:19',3),
(295,0,2,31,'PP','2023-12-15',73,105,0.00,0.00,16500.00,0.00,0.00,0.00,0.00,-16500.00,NULL,'2023-12-15 14:23:19',3),
(296,0,2,31,'PP','2023-12-15',73,5,0.00,0.00,0.00,0.00,0.00,0.00,0.00,0.00,NULL,'2023-12-15 14:23:19',3),
(297,0,2,31,'PP','2023-12-15',73,8,0.00,0.00,100000.00,0.00,0.00,0.00,0.00,-100000.00,NULL,'2023-12-15 14:23:19',3),
(298,0,2,31,'PP','2023-12-15',73,106,16500.00,0.00,16500.00,0.00,0.00,0.00,0.00,0.00,NULL,'2023-12-15 14:23:19',3),
(299,0,2,31,'PP','2023-12-15',74,205,66500.00,100000.00,0.00,0.00,0.00,0.00,0.00,166500.00,NULL,'2023-12-15 14:25:57',3),
(300,0,2,31,'PP','2023-12-15',74,105,-16500.00,16500.00,0.00,0.00,0.00,0.00,0.00,0.00,NULL,'2023-12-15 14:25:57',3),
(301,0,2,31,'PP','2023-12-15',74,5,0.00,0.00,0.00,0.00,0.00,0.00,0.00,0.00,NULL,'2023-12-15 14:25:57',3),
(302,0,2,31,'PP','2023-12-15',74,8,-100000.00,100000.00,0.00,0.00,0.00,0.00,0.00,0.00,NULL,'2023-12-15 14:25:57',3),
(303,0,2,31,'PP','2023-12-15',74,106,0.00,16500.00,0.00,0.00,0.00,0.00,0.00,16500.00,NULL,'2023-12-15 14:25:57',3),
(304,0,2,31,'PP','2023-12-15',75,205,166500.00,0.00,100000.00,0.00,0.00,0.00,0.00,66500.00,NULL,'2023-12-15 14:27:37',3),
(305,0,2,31,'PP','2023-12-15',75,105,0.00,0.00,16500.00,0.00,0.00,0.00,0.00,-16500.00,NULL,'2023-12-15 14:27:37',3),
(306,0,2,31,'PP','2023-12-15',75,5,0.00,0.00,0.00,0.00,0.00,0.00,0.00,0.00,NULL,'2023-12-15 14:27:37',3),
(307,0,2,31,'PP','2023-12-15',75,8,0.00,0.00,100000.00,0.00,0.00,0.00,0.00,-100000.00,NULL,'2023-12-15 14:27:37',3),
(308,0,2,31,'PP','2023-12-15',75,106,16500.00,0.00,16500.00,0.00,0.00,0.00,0.00,0.00,NULL,'2023-12-15 14:27:37',3),
(309,0,2,31,'PP','2023-12-15',76,205,66500.00,0.00,66500.00,0.00,0.00,0.00,0.00,0.00,NULL,'2023-12-15 14:32:36',3),
(310,0,2,31,'PP','2023-12-15',76,105,-16500.00,0.00,16500.00,0.00,0.00,0.00,0.00,-33000.00,NULL,'2023-12-15 14:32:36',3),
(311,0,2,31,'PP','2023-12-15',76,5,0.00,0.00,0.00,0.00,0.00,0.00,0.00,0.00,NULL,'2023-12-15 14:32:36',3),
(312,0,2,31,'PP','2023-12-15',76,8,-100000.00,0.00,66500.00,0.00,0.00,0.00,0.00,-166500.00,NULL,'2023-12-15 14:32:36',3),
(313,0,2,31,'PP','2023-12-15',76,106,0.00,0.00,16500.00,0.00,0.00,0.00,0.00,-16500.00,NULL,'2023-12-15 14:32:36',3),
(314,0,2,31,'PP','2023-12-18',77,205,0.00,0.00,0.00,0.00,0.00,0.00,0.00,0.00,NULL,'2023-12-18 11:00:44',3),
(315,0,2,31,'PP','2023-12-18',77,205,0.00,0.00,10000.00,0.00,0.00,0.00,0.00,-10000.00,NULL,'2023-12-18 11:00:44',3),
(316,0,2,31,'PP','2023-12-18',77,105,-33000.00,0.00,0.00,0.00,0.00,0.00,0.00,-33000.00,NULL,'2023-12-18 11:00:44',3),
(317,0,2,31,'PP','2023-12-18',77,5,0.00,0.00,0.00,0.00,0.00,0.00,0.00,0.00,NULL,'2023-12-18 11:00:45',3),
(318,0,2,31,'PP','2023-12-18',77,8,-166500.00,0.00,10000.00,0.00,0.00,0.00,0.00,-176500.00,NULL,'2023-12-18 11:00:45',3),
(319,0,2,31,'PP','2023-12-18',77,106,-16500.00,0.00,0.00,0.00,0.00,0.00,0.00,-16500.00,NULL,'2023-12-18 11:00:45',3),
(320,0,2,31,'PP','2023-12-18',78,205,-10000.00,0.00,5000.00,0.00,0.00,0.00,0.00,-15000.00,NULL,'2023-12-18 11:04:16',3),
(321,0,2,31,'PP','2023-12-18',78,105,-33000.00,0.00,3300.00,0.00,0.00,0.00,0.00,-36300.00,NULL,'2023-12-18 11:04:16',3),
(322,0,2,31,'PP','2023-12-18',78,5,0.00,0.00,0.00,0.00,0.00,0.00,0.00,0.00,NULL,'2023-12-18 11:04:16',3),
(323,0,2,31,'PP','2023-12-18',78,8,-176500.00,0.00,5000.00,0.00,0.00,0.00,0.00,-181500.00,NULL,'2023-12-18 11:04:16',3),
(324,0,2,31,'PP','2023-12-18',78,106,-16500.00,0.00,3300.00,0.00,0.00,0.00,0.00,-19800.00,NULL,'2023-12-18 11:04:16',3),
(325,0,2,31,'PP','2023-12-18',79,205,-15000.00,0.00,10000.00,0.00,0.00,0.00,0.00,-25000.00,NULL,'2023-12-18 11:06:59',3),
(326,0,2,31,'PP','2023-12-18',79,105,-36300.00,0.00,0.00,0.00,0.00,0.00,0.00,-36300.00,NULL,'2023-12-18 11:06:59',3),
(327,0,2,31,'PP','2023-12-18',79,5,0.00,0.00,0.00,0.00,0.00,0.00,0.00,0.00,NULL,'2023-12-18 11:06:59',3),
(328,0,2,31,'PP','2023-12-18',79,8,-181500.00,0.00,10000.00,0.00,0.00,0.00,0.00,-191500.00,NULL,'2023-12-18 11:06:59',3),
(329,0,2,31,'PP','2023-12-18',79,106,-19800.00,0.00,0.00,0.00,0.00,0.00,0.00,-19800.00,NULL,'2023-12-18 11:06:59',3);

/*Table structure for table `acct_account_mutation` */

DROP TABLE IF EXISTS `acct_account_mutation`;

CREATE TABLE `acct_account_mutation` (
  `account_mutation_id` bigint NOT NULL AUTO_INCREMENT,
  `branch_id` int DEFAULT '0',
  `project_type_id` int DEFAULT '0',
  `account_id` int DEFAULT '0',
  `mutation_in_amount` decimal(20,2) DEFAULT '0.00',
  `mutation_out_amount` decimal(20,2) DEFAULT '0.00',
  `last_balance` decimal(20,2) DEFAULT '0.00',
  `month_period` varchar(2) DEFAULT '0',
  `year_period` year DEFAULT NULL,
  `created_at` datetime DEFAULT NULL,
  `updated_at` timestamp NOT NULL DEFAULT CURRENT_TIMESTAMP ON UPDATE CURRENT_TIMESTAMP,
  PRIMARY KEY (`account_mutation_id`),
  KEY `FK_acct_account_mutation_branch_id` (`branch_id`),
  KEY `F_acct_account_mutation_account_id` (`account_id`),
  KEY `project_type_id` (`project_type_id`)
) ENGINE=InnoDB DEFAULT CHARSET=utf8mb3;

/*Data for the table `acct_account_mutation` */

/*Table structure for table `acct_account_opening_balance` */

DROP TABLE IF EXISTS `acct_account_opening_balance`;

CREATE TABLE `acct_account_opening_balance` (
  `account_opening_balance_id` bigint NOT NULL AUTO_INCREMENT,
  `branch_id` int DEFAULT '0',
  `account_id` int DEFAULT '0',
  `opening_balance` decimal(20,2) DEFAULT '0.00',
  `month_period` varchar(2) DEFAULT '0',
  `year_period` year DEFAULT NULL,
  `created_at` datetime DEFAULT NULL,
  `updated_at` timestamp NOT NULL DEFAULT CURRENT_TIMESTAMP ON UPDATE CURRENT_TIMESTAMP,
  PRIMARY KEY (`account_opening_balance_id`),
  KEY `FK_acct_account_opening_balance_branch_id` (`branch_id`),
  KEY `FK_acct_account_opening_balance_account_id` (`account_id`)
) ENGINE=InnoDB AUTO_INCREMENT=2 DEFAULT CHARSET=utf8mb3;

/*Data for the table `acct_account_opening_balance` */

/*Table structure for table `acct_account_setting` */

DROP TABLE IF EXISTS `acct_account_setting`;

CREATE TABLE `acct_account_setting` (
  `account_setting_id` int NOT NULL AUTO_INCREMENT,
  `account_id` int DEFAULT '0',
  `account_setting_code` varchar(20) DEFAULT '',
  `account_setting_description` varchar(50) DEFAULT '',
  `account_setting_name` varchar(50) DEFAULT '',
  `account_setting_status` decimal(1,0) DEFAULT '0' COMMENT '1 = Debit, 0 = Credit',
  `account_status` decimal(1,0) DEFAULT '0',
  `data_state` decimal(1,0) DEFAULT '0',
  `created_at` datetime DEFAULT NULL,
  `updated_at` timestamp NULL DEFAULT CURRENT_TIMESTAMP,
  PRIMARY KEY (`account_setting_id`)
) ENGINE=InnoDB AUTO_INCREMENT=171 DEFAULT CHARSET=utf8mb3;

/*Data for the table `acct_account_setting` */

insert  into `acct_account_setting`(`account_setting_id`,`account_id`,`account_setting_code`,`account_setting_description`,`account_setting_name`,`account_setting_status`,`account_status`,`data_state`,`created_at`,`updated_at`) values 
(29,338,'POAC','Purchase Order Advanced Cash','purchase_advanced_cash',1,0,1,NULL,'2023-06-23 10:52:20'),
(30,339,'POAC','Purchase Order Advanced Cash','cash_purchase_advanced',1,0,1,NULL,'2023-06-23 10:52:20'),
(31,6423,'PPCS','Purchase Payment Cash','account_payable',0,0,1,NULL,'2023-06-23 10:52:20'),
(32,6310,'PPCS','Purchase Payment Cash','cash_purchase_payment',0,0,1,NULL,'2023-06-23 10:52:20'),
(33,0,'IGRN','Goods Receipt Note','goods_receipt_inventory',1,0,1,NULL,'2023-06-23 10:52:20'),
(34,104,'IGRN','Goods Receipt Note','account_payable_inventory',1,0,1,NULL,'2023-06-23 10:52:20'),
(61,360,'MTRS','Material Release','material_release_inventory',2,0,1,NULL,'2023-06-23 10:52:20'),
(62,361,'MTRS','Material Release','material_release_raw',1,0,1,NULL,'2023-06-23 10:52:20'),
(81,NULL,'POAB','Purchase Order Advanced Bank','purchase_advanced_bank',NULL,0,1,NULL,'2023-06-23 10:52:20'),
(82,341,'POAB','Purchase Order Advanced Bank','bank_purchase_advanced',1,0,1,NULL,'2023-06-23 10:52:20'),
(83,398,'PPBT','Purchase Payment Bank','lem_account_payable_bank',1,0,1,NULL,'2023-06-23 10:52:20'),
(84,341,'PPBT','Purchase Payment Bank','lem_bank_purchase_payment',0,0,1,NULL,'2023-06-23 10:52:20'),
(85,NULL,'PPBG','Purchase Payment BG','lem_account_payable_giro',NULL,0,1,NULL,'2023-06-23 10:52:20'),
(86,NULL,'PPBG','Purchase Payment BG','lem_giro_purchase_payment',NULL,0,1,NULL,'2023-06-23 10:52:20'),
(87,398,'PBGL','Purchase Pencairan BG','giro_purchase_liquefaction',1,0,1,NULL,'2023-06-23 10:52:20'),
(88,341,'PBGL','Purchase Pencairan BG','bank_purchase_liquefaction',0,0,1,NULL,'2023-06-23 10:52:20'),
(89,398,'PCRT','Purchase Return','lem_account_payable_return',1,0,1,NULL,'2023-06-23 10:52:20'),
(90,418,'PCRT','Purchase Return','lem_bank_purchase_return',0,0,1,NULL,'2023-06-23 10:52:20'),
(91,0,'PRSL','Production Result','production_result_finished',0,0,1,NULL,'2023-06-23 10:52:20'),
(92,0,'PRSL','Production Result','production_result_inventory',1,0,1,NULL,'2023-06-23 10:52:20'),
(93,0,'PRCL','Production Reclass','production_reclass_finished',1,0,1,NULL,'2023-06-23 10:52:20'),
(94,0,'PRCL','Production Reclass','production_reclass_material',1,0,1,NULL,'2023-06-23 10:52:20'),
(95,353,'SCCS','Sales Collection Cash','lem_account_receivable_cash',0,0,1,NULL,'2023-06-23 10:52:20'),
(96,340,'SCCS','Sales Collection Cash','lem_cash_sales_collection',1,0,1,NULL,'2023-06-23 10:52:20'),
(97,6328,'SCBT','Sales Collection Bank','account_receivable',1,0,1,NULL,'2023-06-23 10:52:20'),
(98,6315,'SCBT','Sales Collection Bank','bank_sales_collection',1,0,1,NULL,'2023-06-23 10:52:20'),
(99,6328,'SCBG','Sales Collection BG','account_receivable',1,0,1,NULL,'2023-06-23 10:52:20'),
(100,6315,'SCBG','Sales Collection BG','giro_sales_collection',1,0,1,NULL,'2023-06-23 10:52:20'),
(101,0,'SBGL','Sales Pencairan BG','giro_sales_liquefaction',1,0,1,NULL,'2023-06-23 10:52:20'),
(102,0,'SBGL','Sales Pencairan BG','bank_sales_liquefaction',1,0,1,NULL,'2023-06-23 10:52:20'),
(103,412,'SLRT','Sales Return','lem_bank_sales_return',1,0,1,NULL,'2023-06-23 10:52:20'),
(104,353,'SLRT','Sales Return','lem_account_receivable_return',0,0,1,NULL,'2023-06-23 10:52:20'),
(105,398,'PCRT','Purchase Return','plastik_account_payable_return',1,0,1,NULL,'2023-06-23 10:52:20'),
(106,418,'PCRT','Purchase Return','plastik_bank_purchase_return',0,0,1,NULL,'2023-06-23 10:52:20'),
(107,0,'MTRS','Material Release','plastik_material_release_inventory',1,0,1,NULL,'2023-06-23 10:52:20'),
(108,0,'MTRS','Material Release','plastik_material_release_raw',1,0,1,NULL,'2023-06-23 10:52:20'),
(109,398,'PPCS','Purchase Payment Cash','lem_account_payable_cash',1,0,1,NULL,'2023-06-23 10:52:20'),
(110,338,'PPCS','Purchase Payment Cash','lem_cash_purchase_payment',0,0,1,NULL,'2023-06-23 10:52:20'),
(111,398,'PPCS','Purchase Payment Cash','plastik_account_payable_cash',1,0,1,NULL,'2023-06-23 10:52:20'),
(112,338,'PPCS','Purchase Payment Cash','plastik_cash_purchase_payment',0,0,1,NULL,'2023-06-23 10:52:20'),
(113,398,'PPBT','Purchase Payment Bank','plastik_account_payable_bank',1,0,1,NULL,'2023-06-23 10:52:20'),
(114,343,'PPBT','Purchase Payment Bank','plastik_bank_purchase_payment',0,0,1,NULL,'2023-06-23 10:52:20'),
(115,NULL,'PPBG','Purchase Payment BG','plastik_account_payable_giro',NULL,0,1,NULL,'2023-06-23 10:52:20'),
(116,NULL,'PPBG','Purchase Payment BG','plastik_giro_purchase_payment',NULL,0,1,NULL,'2023-06-23 10:52:20'),
(117,360,'IGRN','Goods Received Note','lem_goods_receipt_inventory',1,0,1,NULL,'2023-06-23 10:52:20'),
(118,392,'IGRN','Goods Received Note','lem_account_payable_inventory',1,0,1,NULL,'2023-06-23 10:52:20'),
(119,598,'IGRN','Goods Received Note','plastik_goods_receipt_inventory',1,0,1,NULL,'2023-06-23 10:52:20'),
(120,391,'IGRN','Goods Received Note','plastik_account_payable_inventory',1,0,1,NULL,'2023-06-23 10:52:20'),
(121,409,'SDN','Sales Delivery Note','lem_sales_account',0,0,1,NULL,'2023-06-23 10:52:20'),
(122,353,'SDN','Sales Delivery Note','lem_account_receivable',1,0,1,NULL,'2023-06-23 10:52:20'),
(123,408,'SDN','Sales Delivery Note','plastik_sales_account',0,0,1,NULL,'2023-06-23 10:52:20'),
(124,352,'SDN','Sales Delivery Note','plastik_account_receivable',1,0,1,NULL,'2023-06-23 10:52:20'),
(127,352,'SCCS','Sales Collection','plastik_account_receivable_cash',0,0,1,NULL,'2023-06-23 10:52:20'),
(128,340,'SCCS','Sales Collection','plastik_cash_sales_collection',1,0,1,NULL,'2023-06-23 10:52:20'),
(129,411,'SLRT','Sales Return','plastik_bank_sales_return',1,0,1,NULL,'2023-06-23 10:52:20'),
(130,352,'SLRT','Sales Return','plastik_account_receivable_return',0,0,1,NULL,'2023-06-23 10:52:20'),
(131,476,'PERC','Purchase Exchange Rate Cost','purchase_exchange_rate_cost',1,0,1,NULL,'2023-06-23 10:52:20'),
(132,341,'PERC','Purchase Exchange Rate Cost','purchase_bank_exchange_rate_cost',0,0,1,NULL,'2023-06-23 10:52:20'),
(133,481,'PERI','Purchase Exchange Rate Income','purchase_exchange_rate_income',0,0,1,NULL,'2023-06-23 10:52:20'),
(134,341,'PERI','Purchase Exchange Rate Income','purchase_bank_exchange_rate_income',1,0,1,NULL,'2023-06-23 10:52:20'),
(135,0,'SERC','Sales Exchange Rate Cost','sales_exchange_rate_cost',0,0,1,NULL,'2023-06-23 10:52:20'),
(136,0,'SERC','Sales Exchange Rate Cost','sales_bank_exchange_rate_cost',0,0,1,NULL,'2023-06-23 10:52:20'),
(137,0,'SERI','Sales Exchange Rate Income','sales_exchange_rate_income',0,0,1,NULL,'2023-06-23 10:52:20'),
(138,0,'SERI','Sales Exchange Rate Income','sales_bank_exchange_rate_income',0,0,1,NULL,'2023-06-23 10:52:20'),
(139,411,'PSRU','Purchase Shortover Rounding Up','purchase_shortover_rounding_up',0,0,1,NULL,'2023-06-23 10:52:20'),
(140,0,'PSRU','Purchase Shortover Rounding Up','purchase_bank_shortover_rounding_up',1,0,1,NULL,'2023-06-23 10:52:20'),
(141,482,'PSRD','Purchase Shortover Rounding Down','purchase_shortover_rounding_down',1,0,1,NULL,'2023-06-23 10:52:20'),
(142,0,'PSRD','Purchase Shortover Rounding Down','purchase_bank_shortover_rounding_down',0,0,1,NULL,'2023-06-23 10:52:20'),
(143,412,'SSRU','Sales Shortover Rounding Up','sales_shortover_rounding_up',1,0,1,NULL,'2023-06-23 10:52:20'),
(144,0,'SSRU','Sales Shortover Rounding Up','sales_bank_shortover_rounding_up',0,0,1,NULL,'2023-06-23 10:52:20'),
(145,482,'SSRD','Sales Shortover Rounding Down','sales_shortover_rounding_down',0,0,1,NULL,'2023-06-23 10:52:20'),
(146,0,'SSRD','Sales Shortover Rounding Down','sales_bank_shortover_rounding_down',1,0,1,NULL,'2023-06-23 10:52:20'),
(147,6360,'PI','Purchase Invoice','purchase_payment',1,0,0,NULL,'2023-06-23 10:52:20'),
(148,6423,'PI','Purchase Invoice','account_payable',0,0,0,NULL,'2023-06-23 10:52:20'),
(149,6423,'PPCS','Purchase Payment Cash','account_payable_cash',1,0,0,NULL,'2023-06-23 10:52:20'),
(150,6310,'PPCS','Purchase Payment Cash','cash_purchase_payment',0,0,0,NULL,'2023-06-23 10:52:20'),
(151,6423,'PPBK','Purchase Payment Bank','account_payable_bank',1,0,0,NULL,'2023-06-23 10:52:20'),
(152,6315,'PPBK','Purchase Payment Bank','bank_purchase_payment',0,0,0,NULL,'2023-06-23 10:52:20'),
(153,6423,'PR','Purchase Return','account_payable_return',1,0,0,NULL,'2023-06-23 10:52:20'),
(154,6587,'PR','Purchase Return','purchase_return',0,0,0,NULL,'2023-06-23 10:52:20'),
(155,6328,'SI','Sales Invoice','account_receivable',1,0,0,NULL,'2023-06-23 10:52:20'),
(156,6506,'SI','Sales Invoice','sales_account',0,0,0,NULL,'2023-06-23 10:52:20'),
(157,412,'SR','Sales Return','sales_return',1,0,0,NULL,'2023-06-23 10:52:20'),
(158,353,'SR','Sales Return','account_receivable_return',0,0,0,NULL,'2023-06-23 10:52:20'),
(159,6423,'PPGR','Purchase Payment Giro','account_payable_giro',1,0,0,NULL,'2023-06-23 10:52:20'),
(160,6315,'PPGR','Purchase Payment Giro','giro_purchase_payment',0,0,0,NULL,'2023-06-23 10:52:20'),
(161,6310,'SCCS','Sales Collection Cash','cash_sales_collection',1,0,0,NULL,'2023-06-23 10:52:20'),
(162,6328,'SCCS','Sales Collection Cash','account_receivable_cash',0,0,0,NULL,'2023-06-23 10:52:20'),
(163,6315,'SCBK','Sales Collection Transfer','bank_sales_collection',1,0,0,NULL,'2023-06-23 10:52:20'),
(164,6328,'SCBK','Sales Collection Transfer','account_receivable_bank',0,0,0,NULL,'2023-06-23 10:52:20'),
(165,6315,'SCGR','Sales Collection Giro','giro_sales_collection',1,0,0,NULL,'2023-06-23 10:52:20'),
(166,6328,'SCGR','Sales Collection giro','account_receivable_giro',0,0,0,NULL,'2023-06-23 10:52:20'),
(167,6345,'PDP','Purchase Down Payment','purchase_down_payment',1,0,0,NULL,'2023-06-23 10:52:20'),
(168,6310,'PDP','Purchase Down payment','account_cash_down_payment',0,0,0,NULL,'2023-06-23 10:52:20'),
(169,6310,'SCA','Sales Cash Advance','account_cash_advance',1,0,0,NULL,'2023-06-23 10:52:20'),
(170,6456,'SCA','Sales Cash Advance','sales_cash_advance',0,0,0,NULL,'2023-06-23 10:52:20');

/*Table structure for table `acct_account_type` */

DROP TABLE IF EXISTS `acct_account_type`;

CREATE TABLE `acct_account_type` (
  `account_type_id` int NOT NULL AUTO_INCREMENT,
  `account_type_name` varchar(50) DEFAULT '',
  `account_type_status` decimal(1,0) DEFAULT '0' COMMENT '1 : Active, 0 : Not Active',
  `default_value` decimal(1,0) DEFAULT '0' COMMENT '1 : Debet, 0 : Credit',
  `data_state` enum('0','1','2','3') DEFAULT '0',
  `created_by` varchar(20) DEFAULT '',
  `created_at` datetime DEFAULT NULL,
  `updated_at` timestamp NOT NULL DEFAULT CURRENT_TIMESTAMP,
  PRIMARY KEY (`account_type_id`)
) ENGINE=InnoDB AUTO_INCREMENT=24 DEFAULT CHARSET=utf8mb3;

/*Data for the table `acct_account_type` */

insert  into `acct_account_type`(`account_type_id`,`account_type_name`,`account_type_status`,`default_value`,`data_state`,`created_by`,`created_at`,`updated_at`) values 
(1,'Other Current Asset',1,1,'0','ADMIN','2015-11-03 16:07:00','2023-06-23 10:52:20'),
(2,'Fixed Asset',1,1,'0','ADMIN','2015-11-03 16:07:00','2023-06-23 10:52:20'),
(3,'Accumulated Depreciation',1,1,'0','ADMIN','2015-11-03 16:07:00','2023-06-23 10:52:20'),
(4,'Account Receivable',1,1,'0','ADMIN','2015-11-03 16:07:00','2023-06-23 10:52:20'),
(5,'Long Term Liability',1,0,'0','ADMIN','2015-11-03 16:07:00','2023-06-23 10:52:20'),
(6,'Other Current Liability',1,0,'0','ADMIN','2015-11-03 16:07:00','2023-06-23 10:52:20'),
(7,'Account Payable',1,0,'0','ADMIN','2015-11-03 16:07:00','2023-06-23 10:52:20'),
(8,'Equity',1,0,'0','ADMIN','2015-11-03 16:07:00','2023-06-23 10:52:20'),
(9,'Inventory',1,0,'0','ADMIN','2015-11-03 16:07:00','2023-06-23 10:52:20'),
(10,'Revenue',1,0,'0','ADMIN','2015-11-03 16:07:00','2023-06-23 10:52:20'),
(11,'Cost of Goods Sold',1,0,'0','ADMIN','2015-11-03 16:07:00','2023-06-23 10:52:20'),
(12,'Other Income',1,0,'0','ADMIN','2015-11-03 16:07:00','2023-06-23 10:52:20'),
(13,'Expense',1,1,'0','ADMIN','2015-11-03 16:07:00','2023-06-23 10:52:20'),
(14,'Other Expense',1,1,'0','ADMIN','2015-11-03 16:07:00','2023-06-23 10:52:20'),
(15,'Cash And Bank',1,1,'0','ADMIN','2015-11-03 16:07:00','2023-06-23 10:52:20'),
(16,'COGM',1,1,'0','ADMIN',NULL,'2023-06-23 10:52:20'),
(17,'Production Expense',1,1,'0','',NULL,'2023-06-23 10:52:20'),
(18,'Sales Expense',1,1,'0','ADMIN',NULL,'2023-06-23 10:52:20'),
(19,'Adm & General Expense',1,1,'0','ADMIN',NULL,'2023-06-23 10:52:20'),
(20,'Notes Receivable',1,1,'0','ADMIN',NULL,'2023-06-23 10:52:20'),
(21,'Liability',1,0,'0','ADMIN',NULL,'2023-06-23 10:52:20'),
(22,'Prepaid Expense',1,1,'0','ADMIN',NULL,'2023-06-23 10:52:20'),
(23,'Other Account Receivable',1,1,'0','ADMIN',NULL,'2023-06-23 10:52:20');

/*Table structure for table `acct_asset` */

DROP TABLE IF EXISTS `acct_asset`;

CREATE TABLE `acct_asset` (
  `asset_id` bigint NOT NULL AUTO_INCREMENT,
  `branch_id` int DEFAULT '0',
  `asset_type_id` int DEFAULT '0',
  `location_id` int DEFAULT '0',
  `item_category_id` int NOT NULL DEFAULT '0',
  `item_id` int NOT NULL DEFAULT '0',
  `asset_depreciation_type` int DEFAULT '0',
  `asset_code` varchar(20) DEFAULT '',
  `asset_name` varchar(30) DEFAULT '',
  `asset_description` text,
  `asset_location_detail` text,
  `asset_quantity` decimal(10,0) DEFAULT '0',
  `asset_purchase_date` date DEFAULT NULL,
  `asset_purchase_value` decimal(20,2) DEFAULT '0.00',
  `asset_disposal_date` date DEFAULT NULL,
  `asset_disposal_value` decimal(20,2) DEFAULT '0.00',
  `asset_usage_date` date DEFAULT NULL,
  `asset_estimated_lifespan` decimal(10,2) DEFAULT '0.00',
  `asset_book_value` decimal(20,2) DEFAULT '0.00',
  `asset_depreciation_value` decimal(20,2) DEFAULT '0.00',
  `asset_salvage_value` decimal(20,2) DEFAULT '0.00',
  `voided` decimal(1,0) DEFAULT '0',
  `voided_id` int DEFAULT '0',
  `voided_on` datetime DEFAULT NULL,
  `voided_remark` text,
  `data_state` decimal(1,0) DEFAULT '0',
  `created_id` int DEFAULT '0',
  `created_at` datetime DEFAULT NULL,
  `updated_at` timestamp NOT NULL DEFAULT CURRENT_TIMESTAMP ON UPDATE CURRENT_TIMESTAMP,
  PRIMARY KEY (`asset_id`),
  KEY `FK_acct_asset_location_id` (`location_id`)
) ENGINE=InnoDB DEFAULT CHARSET=utf8mb3;

/*Data for the table `acct_asset` */

/*Table structure for table `acct_asset_depreciation` */

DROP TABLE IF EXISTS `acct_asset_depreciation`;

CREATE TABLE `acct_asset_depreciation` (
  `asset_depreciation_id` bigint NOT NULL AUTO_INCREMENT,
  `asset_id` bigint DEFAULT '0',
  `branch_id` int DEFAULT '0',
  `asset_depreciation_no` varchar(20) DEFAULT '',
  `asset_depreciation_date` date DEFAULT NULL,
  `asset_depreciation_duration` decimal(10,0) DEFAULT '0',
  `asset_depreciation_start_month` decimal(10,0) DEFAULT '0',
  `asset_depreciation_start_year` decimal(10,0) DEFAULT '0',
  `asset_depreciation_end_month` decimal(10,0) DEFAULT '0',
  `asset_depreciation_end_year` decimal(10,0) DEFAULT '0',
  `asset_depreciation_book_value` decimal(20,2) DEFAULT '0.00',
  `asset_depreciation_beginning_book_value` decimal(20,2) DEFAULT '0.00',
  `asset_depreciation_ending_book_value` decimal(20,2) DEFAULT '0.00',
  `asset_depreciation_salvage_value` decimal(20,2) DEFAULT '0.00',
  `asset_depreciation_status` decimal(1,0) DEFAULT '0',
  `asset_depreciation_type` decimal(1,0) DEFAULT '0',
  `asset_depreciation_remark` text,
  `data_state` decimal(1,0) DEFAULT '0',
  `created_id` int DEFAULT '0',
  `created_at` datetime DEFAULT NULL,
  `updated_at` timestamp NOT NULL DEFAULT CURRENT_TIMESTAMP ON UPDATE CURRENT_TIMESTAMP,
  PRIMARY KEY (`asset_depreciation_id`),
  KEY `FK_acct_asset_depreciation_asset_id` (`asset_id`)
) ENGINE=InnoDB DEFAULT CHARSET=utf8mb3;

/*Data for the table `acct_asset_depreciation` */

/*Table structure for table `acct_asset_depreciation_item` */

DROP TABLE IF EXISTS `acct_asset_depreciation_item`;

CREATE TABLE `acct_asset_depreciation_item` (
  `asset_depreciation_item_id` bigint NOT NULL AUTO_INCREMENT,
  `asset_depreciation_id` bigint DEFAULT '0',
  `asset_depreciation_item_year_to` int DEFAULT '0',
  `asset_depreciation_item_month` decimal(10,0) DEFAULT '0',
  `asset_depreciation_item_year` decimal(10,0) DEFAULT '0',
  `asset_depreciation_item_amount` decimal(20,2) DEFAULT '0.00',
  `asset_depreciation_item_accumulation_amount` decimal(20,2) DEFAULT '0.00',
  `asset_depreciation_item_book_value` decimal(20,2) DEFAULT '0.00',
  `asset_depreciation_item_journal_status` int DEFAULT '0',
  `asset_depreciation_item_journal_date` date DEFAULT NULL,
  `created_at` datetime DEFAULT NULL,
  `updated_at` timestamp NOT NULL DEFAULT CURRENT_TIMESTAMP ON UPDATE CURRENT_TIMESTAMP,
  PRIMARY KEY (`asset_depreciation_item_id`),
  KEY `FK_acct_asset_depreciation_item_asset_depreciation_id` (`asset_depreciation_id`)
) ENGINE=InnoDB DEFAULT CHARSET=utf8mb3;

/*Data for the table `acct_asset_depreciation_item` */

/*Table structure for table `acct_asset_type` */

DROP TABLE IF EXISTS `acct_asset_type`;

CREATE TABLE `acct_asset_type` (
  `asset_type_id` int NOT NULL AUTO_INCREMENT,
  `asset_type_code` varchar(20) DEFAULT '',
  `asset_type_name` varchar(50) DEFAULT '',
  `asset_type_description` text,
  `asset_type_parent` int DEFAULT '0',
  `asset_type_parent_status` decimal(1,0) DEFAULT '0',
  `data_state` decimal(1,0) DEFAULT '0',
  `created_at` datetime DEFAULT NULL,
  `updated_at` timestamp NOT NULL DEFAULT CURRENT_TIMESTAMP ON UPDATE CURRENT_TIMESTAMP,
  PRIMARY KEY (`asset_type_id`)
) ENGINE=InnoDB AUTO_INCREMENT=4 DEFAULT CHARSET=utf8mb3;

/*Data for the table `acct_asset_type` */

insert  into `acct_asset_type`(`asset_type_id`,`asset_type_code`,`asset_type_name`,`asset_type_description`,`asset_type_parent`,`asset_type_parent_status`,`data_state`,`created_at`,`updated_at`) values 
(1,'AT0001','Elektronik','',0,0,0,NULL,'2023-06-23 10:52:20'),
(2,'AT0071','Kendaraan','',0,0,0,NULL,'2023-06-23 10:52:20'),
(3,'AT0077','AA','',1,0,1,NULL,'2023-06-23 10:52:20');

/*Table structure for table `acct_balance_sheet_report` */

DROP TABLE IF EXISTS `acct_balance_sheet_report`;

CREATE TABLE `acct_balance_sheet_report` (
  `balance_sheet_report_id` bigint NOT NULL AUTO_INCREMENT,
  `report_no` int DEFAULT '0',
  `account_id1` int DEFAULT '0',
  `account_code1` varchar(20) DEFAULT '',
  `account_name1` varchar(100) DEFAULT '',
  `account_id2` int DEFAULT '0',
  `account_code2` varchar(20) DEFAULT '',
  `account_name2` varchar(100) DEFAULT '',
  `report_formula1` varchar(500) CHARACTER SET utf8mb3 COLLATE utf8mb3_general_ci DEFAULT '',
  `report_operator1` varchar(255) DEFAULT '',
  `report_type1` int DEFAULT '0',
  `report_tab1` int DEFAULT '0',
  `report_bold1` int DEFAULT '0',
  `report_formula2` varchar(500) CHARACTER SET utf8mb3 COLLATE utf8mb3_general_ci DEFAULT '',
  `report_operator2` varchar(255) CHARACTER SET utf8mb3 COLLATE utf8mb3_general_ci DEFAULT '',
  `report_type2` int DEFAULT '0',
  `report_tab2` int DEFAULT '0',
  `report_bold2` int DEFAULT '0',
  `report_formula3` varchar(255) DEFAULT '',
  `report_operator3` varchar(255) DEFAULT '',
  `data_state` int DEFAULT '0',
  `created_id` int DEFAULT '0',
  `created_at` datetime DEFAULT NULL,
  `updated_at` time DEFAULT '00:00:00',
  PRIMARY KEY (`balance_sheet_report_id`),
  KEY `account_id1` (`account_id1`),
  KEY `account_id2` (`account_id2`)
) ENGINE=InnoDB AUTO_INCREMENT=188 DEFAULT CHARSET=utf8mb3;

/*Data for the table `acct_balance_sheet_report` */

insert  into `acct_balance_sheet_report`(`balance_sheet_report_id`,`report_no`,`account_id1`,`account_code1`,`account_name1`,`account_id2`,`account_code2`,`account_name2`,`report_formula1`,`report_operator1`,`report_type1`,`report_tab1`,`report_bold1`,`report_formula2`,`report_operator2`,`report_type2`,`report_tab2`,`report_bold2`,`report_formula3`,`report_operator3`,`data_state`,`created_id`,`created_at`,`updated_at`) values 
(1,1,1,'10000000','Aset',187,'20000000','Kewajiban','','',1,0,1,'','',1,0,1,'','',0,0,'0000-00-00 00:00:00','00:00:00'),
(2,2,2,'11000000','Aset Lancar',188,'21000000','Kewajiban Lancar','','',1,2,1,'','',1,2,1,'','',0,0,'0000-00-00 00:00:00','00:00:00'),
(3,3,3,'11010000','Kas dan Bank',189,'21010000','Simpanan Anggota','','',1,3,1,'','',1,3,1,'','',0,0,'0000-00-00 00:00:00','00:00:00'),
(4,4,4,'11010100','Kas',190,'21010100','Simpanan Anggota Koperasi','','',1,3,1,'','',1,3,1,'','',0,0,'0000-00-00 00:00:00','00:00:00'),
(5,5,5,'11010101','Kas',191,'21010101','Simpanan Sukarela Anggota Koperasi','','',3,3,0,'','',3,3,0,'','',0,0,'0000-00-00 00:00:00','00:00:00'),
(6,6,6,'11010102','Kas Kecil Penjualan',192,'21010102','Simpanan Berencana Simpatik Anggota Koperasi','','',3,3,0,'','',3,3,0,'','',0,0,'0000-00-00 00:00:00','00:00:00'),
(7,7,7,'11010103','Kas Bendahara',193,'21010103','Simpanan Masa Depan Anggota Koperasi','','',3,3,0,'','',3,3,0,'','',0,0,'0000-00-00 00:00:00','00:00:00'),
(8,8,8,'11010200','Bank',194,'21010104','SHU Tidak Dibagi','','',1,2,1,'','',3,3,0,'','',0,0,'0000-00-00 00:00:00','00:00:00'),
(9,9,9,'11010201','Bank Mandiri 136-00-76630034',195,'21020000','Dana SHU','','',3,3,0,'','',1,1,1,'','',0,0,'0000-00-00 00:00:00','00:00:00'),
(10,10,10,'11010202','Bank Mandiri 136.00.00131000',196,'21020100','Dana SHU Anggota','','',3,3,0,'','',1,2,1,'','',0,0,'0000-00-00 00:00:00','00:00:00'),
(11,11,11,'11010203','Bank Mandiri 136-00-76632709',197,'21020101','Dana SHU Anggota Simpin','','',3,3,0,'','',3,3,0,'','',0,0,'0000-00-00 00:00:00','00:00:00'),
(12,12,12,'11010204','Bank Danamon Syariah',198,'21020102','Dana SHU Pengurus','','',3,3,0,'','',3,3,0,'','',0,0,'0000-00-00 00:00:00','00:00:00'),
(13,13,13,'11010205','Bank Jateng',199,'21020104','Dana SHU Karyawan','','',3,3,0,'','',3,3,0,'','',0,0,'0000-00-00 00:00:00','00:00:00'),
(14,14,14,'11010206','Bank BRI Syariah',200,'21020105','Dana SHU Pendidikan','','',3,3,0,'','',3,3,0,'','',0,0,'0000-00-00 00:00:00','00:00:00'),
(15,15,15,'11010207','Bank BII',201,'21020106','Dana SHU Sosial','','',3,3,0,'','',3,3,0,'','',0,0,'0000-00-00 00:00:00','00:00:00'),
(16,16,16,'11010208','Bank Mandiri 135.00.00131001',202,'21020107','Dana SHU Anggota','','',3,3,0,'','',3,3,0,'','',0,0,'0000-00-00 00:00:00','00:00:00'),
(17,17,17,'11010209','Bank BCA',203,'21030000','Hutang Usaha','','',3,3,0,'','',1,1,1,'','',0,0,'0000-00-00 00:00:00','00:00:00'),
(18,18,18,'11010210','Bank Mandiri 135-00-00132009',204,'21030100','Hutang Suplier','','',3,3,0,'','',1,2,1,'','',0,0,'0000-00-00 00:00:00','00:00:00'),
(19,19,19,'11010211','Bank Mandiri 135.00.00.131092',205,'21030101','Hutang Suplier','','',3,3,0,'','',3,3,0,'','',0,0,'0000-00-00 00:00:00','00:00:00'),
(20,20,20,'11010212','Bank Sinarmas Syariah',206,'21030200','Hutang Sewa','','',3,3,0,'','',1,2,1,'','',0,0,'0000-00-00 00:00:00','00:00:00'),
(21,21,21,'11010213','Bank BTPN Syariah',207,'21030201','Hutang Sewa Mobil','','',3,3,0,'','',3,3,0,'','',0,0,'0000-00-00 00:00:00','00:00:00'),
(22,22,22,'11010214','Bank Syariah Indonesia',208,'21030202','Hutang Sewa Gen Set','','',3,3,0,'','',3,3,0,'','',0,0,'0000-00-00 00:00:00','00:00:00'),
(23,23,23,'11010215','Bank Mandiri 135.00.00.131027',209,'21030203','Hutang Sewa Fotocopy','','',3,3,0,'','',3,3,0,'','',0,0,'0000-00-00 00:00:00','00:00:00'),
(24,24,24,'11010216','Bank Mandiri 135.00.00.131035',210,'21030204','Hutang Apotek','','',3,3,0,'','',3,3,0,'','',0,0,'0000-00-00 00:00:00','00:00:00'),
(25,25,25,'11010217','Bank Banten 00138254',211,'21030205','Hutang PBF','','',3,3,0,'','',3,3,0,'','',0,0,'0000-00-00 00:00:00','00:00:00'),
(26,26,26,'11010218','Bank Sinarmas Syariah 9930686457',212,'21030206','Hutang Induk','','',3,3,0,'','',3,3,0,'','',0,0,'0000-00-00 00:00:00','00:00:00'),
(27,27,27,'11010300','Deposito',213,'21030300','Hutang Properti','','',1,1,1,'','',1,1,1,'','',0,0,'0000-00-00 00:00:00','00:00:00'),
(28,28,28,'11010301','Deposito Bank',214,'21030301','Hutang Properti','','',3,3,0,'','',3,3,0,'','',0,0,'0000-00-00 00:00:00','00:00:00'),
(29,29,29,'11020000','Investasi Jangka Pendek',215,'21040000','Hutang Jangka Pendek','','',1,1,1,'','',1,1,1,'','',0,0,'0000-00-00 00:00:00','00:00:00'),
(30,30,30,'11020100','Surat Berharga',216,'21040100','Hutang Bank Jangka Pendek','','',1,2,1,'','',1,2,1,'','',0,0,'0000-00-00 00:00:00','00:00:00'),
(31,31,31,'11020101','Surat Berharga',217,'21040101','Hutang Bank Jangka Pendek Toko','','',3,3,0,'','',3,3,0,'','',0,0,'0000-00-00 00:00:00','00:00:00'),
(32,32,32,'11030000','Piutang Usaha',218,'21050000','Biaya Yang Masih Harus Dibayar','','',1,1,1,'','',1,1,1,'','',0,0,'0000-00-00 00:00:00','00:00:00'),
(33,33,33,'11030100','Piutang Anggota',219,'21050100','Hutang Bunga','','',1,2,1,'','',1,2,1,'','',0,0,'0000-00-00 00:00:00','00:00:00'),
(34,34,34,'11030101','Piutang Uang',220,'21050101','Hutang Bunga Simpin','','',3,3,0,'','',3,3,0,'','',0,0,'0000-00-00 00:00:00','00:00:00'),
(35,35,35,'11030102','Piutang Elektronik',221,'21050200','Hutang Voucher Belanja','','',3,3,0,'','',1,2,1,'','',0,0,'0000-00-00 00:00:00','00:00:00'),
(36,36,36,'11030103','Piutang SIM / STNK',222,'21050201','Hutang Voucher Belanja','','',3,3,0,'','',3,3,0,'','',0,0,'0000-00-00 00:00:00','00:00:00'),
(37,37,37,'11030104','Piutang Konsinyasi',223,'21050300','Hutang Biaya Pengurusan','','',3,3,0,'','',1,2,1,'','',0,0,'0000-00-00 00:00:00','00:00:00'),
(38,38,38,'11030105','Piutang Listrik Air',224,'21050301','Hutang Biaya Pengurusan Perumahan','','',3,3,0,'','',3,3,0,'','',0,0,'0000-00-00 00:00:00','00:00:00'),
(39,39,39,'11030106','Piutang Toko',225,'21050302','Hutang Sertifikasi Tanah','','',3,3,0,'','',3,3,0,'','',0,0,'0000-00-00 00:00:00','00:00:00'),
(40,40,40,'11030107','Piutang Sepeda',226,'21050400','Hutang Biaya Listrik, PDAM & Telepon','','',3,3,0,'','',1,2,1,'','',0,0,'0000-00-00 00:00:00','00:00:00'),
(41,41,41,'11030200','Piutang Non Anggota',227,'21050401','Hutang Biaya Listrik, PDAM, Telp','','',1,1,1,'','',3,3,0,'','',0,0,'0000-00-00 00:00:00','00:00:00'),
(42,42,42,'11030201','Piutang Non Anggota',228,'21050500','Hutang Biaya CSR','','',3,3,0,'','',1,2,1,'','',0,0,'0000-00-00 00:00:00','00:00:00'),
(43,43,43,'11030202','Piutang Non Anggota Diskon',229,'21050501','Hutang Biaya CSR','','',3,3,0,'','',3,3,0,'','',0,0,'0000-00-00 00:00:00','00:00:00'),
(44,44,44,'11030203','Piutang Non Anggota Unit Jasa Sewa Mobil',230,'21050600','Hutang Pajak','','',3,3,0,'','',1,2,1,'','',0,0,'0000-00-00 00:00:00','00:00:00'),
(45,45,45,'11030204','Piutang Non Anggota Unit Jasa Sewa Genset',231,'21050601','Hutang PPh 21','','',3,3,0,'','',3,3,0,'','',0,0,'0000-00-00 00:00:00','00:00:00'),
(46,46,46,'11030205','Piutang Non Anggota Unit Jasa Fotocopy',232,'21050602','Hutang PPh 4 (2)','','',3,3,0,'','',3,3,0,'','',0,0,'0000-00-00 00:00:00','00:00:00'),
(47,47,47,'11030206','Piutang Non Anggota Unit Jasa Perumahan',233,'21050603','Hutang PPh 29','','',3,3,0,'','',3,3,0,'','',0,0,'0000-00-00 00:00:00','00:00:00'),
(48,48,48,'11030207','Piutang Retur Penjualan',234,'21050604','Hutang PPh 23','','',3,3,0,'','',3,3,0,'','',0,0,'0000-00-00 00:00:00','00:00:00'),
(49,49,49,'11030208','Piutang Non Anggota Unit Alfamart',235,'21050605','Hutang PPh 25','','',3,3,0,'','',3,3,0,'','',0,0,'0000-00-00 00:00:00','00:00:00'),
(50,50,50,'11030209','Piutang Non Anggota Promosi',236,'21050606','Hutang Pajak Alfamart','','',3,3,0,'','',3,3,0,'','',0,0,'0000-00-00 00:00:00','00:00:00'),
(51,51,51,'11030210','Piutang PT Phapros',237,'21050700','PPN Keluaran','','',3,3,0,'','',1,2,1,'','',0,0,'0000-00-00 00:00:00','00:00:00'),
(52,52,52,'11030211','Piutang Lain - Lain',238,'21050701','PPN Keluaran','','',3,3,0,'','',3,3,0,'','',0,0,'0000-00-00 00:00:00','00:00:00'),
(53,53,53,'11030212','Piutang PT Mesm',239,'21050702','PPN Keluaran Belum Diterima','','',3,3,0,'','',3,3,0,'','',0,0,'0000-00-00 00:00:00','00:00:00'),
(54,54,54,'11030213','Piutang Sertifikasi',240,'21050800','PPN Kurang Bayar','','',3,3,0,'','',1,2,1,'','',0,0,'0000-00-00 00:00:00','00:00:00'),
(55,55,55,'11030214','Piutang Investasi',241,'21050801','PPN Kurang Bayar','','',3,3,0,'','',3,3,0,'','',0,0,'0000-00-00 00:00:00','00:00:00'),
(56,56,56,'11030215','Piutang Apotik',242,'21060000','Pendapatan Diterima Dimuka','','',3,3,0,'','',1,1,1,'','',0,0,'0000-00-00 00:00:00','00:00:00'),
(57,57,57,'11030216','Piutang QRIS',243,'21060100','Sewa Diterima Dimuka','','',3,3,0,'','',1,2,1,'','',0,0,'0000-00-00 00:00:00','00:00:00'),
(58,58,58,'11030217','Piutang Biaya Kirim - Kimia Farma',244,'21060101','Sewa Mobil Diterima Dimuka','','',3,3,0,'','',3,3,0,'','',0,0,'0000-00-00 00:00:00','00:00:00'),
(59,59,59,'11030300','Ayat Silang',245,'21060102','Sewa Gen Set Diterima Dimuka','','',1,1,1,'','',3,3,0,'','',0,0,'0000-00-00 00:00:00','00:00:00'),
(60,60,60,'11030301','Ayat Silang',246,'21060200','Uang Muka Penjualan','','',1,2,1,'','',1,2,1,'','',0,0,'0000-00-00 00:00:00','00:00:00'),
(61,61,61,'11030302','Ayat Silang Hutang',247,'21060201','Uang Muka Penjualan Perumahan','','',3,3,0,'','',3,3,0,'','',0,0,'0000-00-00 00:00:00','00:00:00'),
(62,62,62,'11030400','Piutang/Hutang Unit',248,'21070000','Hutang Pihak Ketiga','','',1,1,1,'','',1,1,1,'','',0,0,'0000-00-00 00:00:00','00:00:00'),
(63,63,63,'11030401','Piutang/Hutang Toko',249,'21070100','Hutang Pihak Ketiga Koperasi','','',3,3,0,'','',1,2,1,'','',0,0,'0000-00-00 00:00:00','00:00:00'),
(64,64,64,'11030402','Piutang/Hutang Simpin',250,'21070101','Hutang SPPH','','',3,3,0,'','',3,3,0,'','',0,0,'0000-00-00 00:00:00','00:00:00'),
(65,65,65,'11030403','Piutang/Hutang Apotik',251,'21070102','Hutang Olahraga','','',3,3,0,'','',3,3,0,'','',0,0,'0000-00-00 00:00:00','00:00:00'),
(66,66,66,'11030404','Piutang/Hutang PBF',252,'21070103','Hutang Jamsostek','','',3,3,0,'','',3,3,0,'','',0,0,'0000-00-00 00:00:00','00:00:00'),
(67,67,67,'11030405','Piutang/Hutang Alfamart',253,'21070200','Hutang Pihak Ketiga Lainnya','','',3,3,0,'','',1,2,1,'','',0,0,'0000-00-00 00:00:00','00:00:00'),
(68,68,68,'11030406','Piutang/Hutang Jasa',254,'21070201','Hutang Phapros','','',3,3,0,'','',3,3,0,'','',0,0,'0000-00-00 00:00:00','00:00:00'),
(69,69,69,'11030407','Piutang/Hutang Induk',255,'21070202','Hutang Konsinyasi','','',3,3,0,'','',3,3,0,'','',0,0,'0000-00-00 00:00:00','00:00:00'),
(70,70,70,'11040000','Cadangan Kerugian Piutang',256,'21070203','Hutang Lain - Lain','','',1,1,1,'','',3,3,0,'','',0,0,'0000-00-00 00:00:00','00:00:00'),
(71,71,71,'11040100','Cadangan Kerugian Piutang Anggota',257,'21070204','Pajak Tangguhan','','',1,2,1,'','',3,3,0,'','',0,0,'0000-00-00 00:00:00','00:00:00'),
(72,72,72,'11040101','Cad. Kerugian Piutang Anggota',258,'21070205','Hutang Biaya','','',3,3,0,'','',3,3,0,'','',0,0,'0000-00-00 00:00:00','00:00:00'),
(73,73,73,'11040102','Penyisihan Piutang Tak Tertagih',259,'21070206','Hutang KME','','',3,3,0,'','',3,3,0,'','',0,0,'0000-00-00 00:00:00','00:00:00'),
(74,74,74,'11040200','Cadangan Kerugian Piutang Non Anggota',260,'21070207','Hutang Gaji','','',1,2,1,'','',3,3,0,'','',0,0,'0000-00-00 00:00:00','00:00:00'),
(75,75,75,'11040201','Cad. Kerugian Piutang Non Anggota',261,'21070208','Hutang BPJS Ketenagakerjaan','','',3,3,0,'','',3,3,0,'','',0,0,'0000-00-00 00:00:00','00:00:00'),
(76,76,76,'11050000','Perlengkapan',262,'21070209','Hutang BPJS Kesehatan','','',1,1,1,'','',3,3,0,'','',0,0,'0000-00-00 00:00:00','00:00:00'),
(77,77,77,'11050100','Perlengkapan Habis Pakai',263,'21070210','Hutang THR','','',1,2,1,'','',3,3,0,'','',0,0,'0000-00-00 00:00:00','00:00:00'),
(78,78,78,'11050101','Perlengkapan Habis Pakai',264,'21070211','Hutang KME','','',3,3,0,'','',3,3,0,'','',0,0,'0000-00-00 00:00:00','00:00:00'),
(79,79,79,'11050102','Perlengkapan Kemas',265,'21070212','Hutang Kompensasi','','',3,3,0,'','',3,3,0,'','',0,0,'0000-00-00 00:00:00','00:00:00'),
(80,80,80,'11060000','Persediaan Barang',266,'21070213','Hutang SHU','','',1,1,1,'','',3,3,0,'','',0,0,'0000-00-00 00:00:00','00:00:00'),
(81,81,81,'11060100','Persediaan Barang Dagang',267,'21070214','Hutang Dividen KME','','',1,2,1,'','',3,3,0,'','',0,0,'0000-00-00 00:00:00','00:00:00'),
(82,82,82,'11060101','Persediaan Barang Dagang',268,'21070215','Hutang Dividen Minoritas','','',3,3,0,'','',3,3,0,'','',0,0,'0000-00-00 00:00:00','00:00:00'),
(83,83,83,'11060102','Persediaan Barang Retur Penjualan Intransit',269,'21070216','Hutang Asuransi Jiwa','','',3,3,0,'','',3,3,0,'','',0,0,'0000-00-00 00:00:00','00:00:00'),
(84,84,84,'11060200','Persediaan Barang Dalam Proses',270,'21080000','Hutang Dana Pensiun','','',1,2,1,'','',1,1,1,'','',0,0,'0000-00-00 00:00:00','00:00:00'),
(85,85,85,'11060201','Persediaan Dalam Proses Unit Jasa Perumahan',271,'21080100','Hutang Dana Pensiun Koperasi','','',3,3,0,'','',1,2,1,'','',0,0,'0000-00-00 00:00:00','00:00:00'),
(86,86,86,'11060300','Persediaan Barang Dalam Perjalanan',272,'21080101','Hutang Dana Pensiun','','',1,2,1,'','',3,3,0,'','',0,0,'0000-00-00 00:00:00','00:00:00'),
(87,87,87,'11060301','Persediaan Barang Dalam Perjalanan',273,'22000000','Kewajiban Jangka Panjang','','',3,3,0,'','',1,1,1,'','',0,0,'0000-00-00 00:00:00','00:00:00'),
(88,88,88,'11070000','Biaya Dibayar Dimuka',274,'22010000','Hutang Bank Jangka Panjang','','',1,1,1,'','',1,2,1,'','',0,0,'0000-00-00 00:00:00','00:00:00'),
(89,89,89,'11070100','Asuransi Dibayar Dimuka',275,'22010100','Hutang Bank Jangka Panjang Koperasi','','',1,2,1,'','',1,3,1,'','',0,0,'0000-00-00 00:00:00','00:00:00'),
(90,90,90,'11070101','Asuransi Dibayar Dimuka',276,'22010101','Hutang Bank BII Jangka Panjang Simpin','','',3,3,0,'','',3,3,0,'','',0,0,'0000-00-00 00:00:00','00:00:00'),
(91,91,91,'11070102','Franchise Fee Dibayar Dimuka',277,'22010102','Hutang Bank Jateng Jangka Panjang Simpin','','',3,3,0,'','',3,3,0,'','',0,0,'0000-00-00 00:00:00','00:00:00'),
(92,92,92,'11070103','Biaya Dibayar Dimuka',278,'22010103','Hutang BRI Syariah Jangka Panjang Simpin','','',3,3,0,'','',3,3,0,'','',0,0,'0000-00-00 00:00:00','00:00:00'),
(93,93,93,'11070200','Uang Muka Pembelian Karyawan',279,'22010104','Hutang Bank Danamon Syariah Jangka Panjang Simpin','','',1,1,1,'','',3,3,0,'','',0,0,'0000-00-00 00:00:00','00:00:00'),
(94,94,94,'11070201','Uang Muka Pembelian Karyawan',280,'22010105','Hutang Bank Mandiri','','',3,3,0,'','',3,3,0,'','',0,0,'0000-00-00 00:00:00','00:00:00'),
(95,95,95,'11070202','Deposit Ubrg',281,'22010200','Hutang Jangka Panjang Koperasi','','',3,3,0,'','',1,2,1,'','',0,0,'0000-00-00 00:00:00','00:00:00'),
(96,96,96,'11070203','Uang Muka SHU',282,'22010201','Hutang Imbalan Pasca Kerja','','',3,3,0,'','',3,3,0,'','',0,0,'0000-00-00 00:00:00','00:00:00'),
(97,97,97,'11070300','Pajak Penghasilan Dibayar Dimuka',283,'22010202','Hutang Karyawan Koperasi','','',1,1,1,'','',3,3,0,'','',0,0,'0000-00-00 00:00:00','00:00:00'),
(98,98,98,'11070301','PPh Dibayar Dimuka Ps. 21',284,'22020000','Hutang Dana Pensiun','','',3,3,0,'','',3,3,0,'','',0,0,'0000-00-00 00:00:00','00:00:00'),
(99,99,99,'11070302','PPh Dibayar Dimuka Ps. 22',285,'22020100','Hutang Dana Pensiun Koperasi','','',3,3,0,'','',3,3,0,'','',0,0,'0000-00-00 00:00:00','00:00:00'),
(100,100,100,'11070303','PPh Dibayar Dimuka Ps. 23',286,'22020101','Hutang Dana Pensiun','','',3,3,0,'','',3,3,0,'','',0,0,'0000-00-00 00:00:00','00:00:00'),
(101,101,101,'11070304','PPh Dibayar Dimuka Ps. 25',287,'30000000','Ekuitas','','',3,3,0,'','',1,1,1,'','',0,0,'0000-00-00 00:00:00','00:00:00'),
(102,102,102,'11070305','Pajak Dibayar Dimuka Alfamart',288,'31000000','Modal Usaha','','',3,3,0,'','',1,2,1,'','',0,0,'0000-00-00 00:00:00','00:00:00'),
(103,103,103,'11070306','Piutang PPh Ps. 29',289,'31010000','Modal Disetor','','',3,3,0,'','',1,3,1,'','',0,0,'0000-00-00 00:00:00','00:00:00'),
(104,104,104,'11070400','PPN Masukan',290,'31010100','Modal Disetor Unit Usaha','','',1,1,1,'','',1,3,1,'','',0,0,'0000-00-00 00:00:00','00:00:00'),
(105,105,105,'11070401','PPN Masukan',291,'31010101','Modal Disetor Unit Usaha','','',3,3,0,'','',3,3,0,'','',0,0,'0000-00-00 00:00:00','00:00:00'),
(106,106,106,'11070402','PPN Masukan Belum Diterima',292,'31010200','Modal Disetor Unit Usaha Lainnya','','',3,3,0,'','',1,3,1,'','',0,0,'0000-00-00 00:00:00','00:00:00'),
(107,107,107,'11070500','PPN Lebih Bayar',293,'31010201','Modal Disetor Unit Usaha Alfamart','','',1,1,1,'','',3,3,0,'','',0,0,'0000-00-00 00:00:00','00:00:00'),
(108,108,108,'11070501','PPN Lebih Bayar',294,'31010202','Modal Saham','','',3,3,0,'','',3,3,0,'','',0,0,'0000-00-00 00:00:00','00:00:00'),
(109,109,109,'11080000','Pendapatan Yang Masih Harus Diterima',295,'31010203','Hutang Non Pengendali','','',1,1,1,'','',3,3,0,'','',0,0,'0000-00-00 00:00:00','00:00:00'),
(110,110,110,'11080100','Piutang Pendapatan Bunga',296,'31010204','Modal Tetap Tambahan','','',1,2,1,'','',3,3,0,'','',0,0,'0000-00-00 00:00:00','00:00:00'),
(111,111,111,'11080101','Piutang Pendapatan Bunga',297,'31020000','Modal Simpanan Anggota','','',3,3,0,'','',1,2,1,'','',0,0,'0000-00-00 00:00:00','00:00:00'),
(112,112,112,'11080102','Piutang Pendapatan Bunga Unit Jasa Sewa Mobil',298,'31020100','Modal Simpanan Pokok','','',3,3,0,'','',1,3,1,'','',0,0,'0000-00-00 00:00:00','00:00:00'),
(113,113,113,'11080103','Piutang Pendapatan Bunga Unit Jasa Sewa Gen Set',299,'31020101','Modal Simpanan Pokok Anggota','','',3,3,0,'','',3,3,0,'','',0,0,'0000-00-00 00:00:00','00:00:00'),
(114,114,114,'11080104','Piutang Tenan',300,'31020200','Modal Simpanan Wajib','','',3,3,0,'','',1,3,1,'','',0,0,'0000-00-00 00:00:00','00:00:00'),
(115,115,115,'11080200','Piutang Bunga Deposito',301,'31020201','Modal Simpanan Wajib Anggota','','',1,2,1,'','',3,3,0,'','',0,0,'0000-00-00 00:00:00','00:00:00'),
(116,116,116,'11080201','Piutang Bunga Deposito',302,'31020202','Laba Unit Usaha Alfamart','','',3,3,0,'','',3,3,0,'','',0,0,'0000-00-00 00:00:00','00:00:00'),
(117,117,117,'11080300','Piutang Deviden',303,'31020203','Donasi','','',1,2,1,'','',3,3,0,'','',0,0,'0000-00-00 00:00:00','00:00:00'),
(118,118,118,'11080301','Piutang Deviden',304,'31020204','Laba Unit Usaha Alfamart Dibagi','','',3,3,0,'','',3,3,0,'','',0,0,'0000-00-00 00:00:00','00:00:00'),
(119,119,119,'12000000','Aset Tidak Lancar',305,'31020205','Simpanan Wajib Khusus','','',1,1,1,'','',3,3,0,'','',0,0,'0000-00-00 00:00:00','00:00:00'),
(120,120,120,'12010000','Investasi Jangka Panjang',306,'31020206','Laba Unit Usaha Alfamart Diterima','','',1,2,1,'','',3,3,0,'','',0,0,'0000-00-00 00:00:00','00:00:00'),
(121,121,121,'12010100','Investasi Jangka Panjang Saham',307,'32000000','Cadangan','','',1,3,1,'','',1,1,1,'','',0,0,'0000-00-00 00:00:00','00:00:00'),
(122,122,122,'12010101','Investasi Jangka Panjang Saham PT.Phapros',308,'32010000','Cadangan Koperasi','','',3,3,0,'','',1,2,1,'','',0,0,'0000-00-00 00:00:00','00:00:00'),
(123,123,123,'12010102','Investasi Dalam Pelaksanaan',309,'32010100','Cadangan SHU Koperasi Tidak Dibagi','','',3,3,0,'','',1,3,1,'','',0,0,'0000-00-00 00:00:00','00:00:00'),
(124,124,124,'12010103','Investasi Emas Batangan',310,'32010101','Cadangan SHU Koperasi Tidak Dibagi','','',3,3,0,'','',3,3,0,'','',0,0,'0000-00-00 00:00:00','00:00:00'),
(125,125,125,'12010200','Investasi Jangka Panjang Franchise',311,'32010200','Cadangan THR Karyawan Koperasi','','',1,3,1,'','',1,3,1,'','',0,0,'0000-00-00 00:00:00','00:00:00'),
(126,126,126,'12010201','Investasi Tanah Alfamart',312,'32010201','Cadangan THR Karyawan','','',3,3,0,'','',3,3,0,'','',0,0,'0000-00-00 00:00:00','00:00:00'),
(127,127,127,'12010202','Investasi Bangunan Alfamart',313,'33000000','Sisa Hasil Usaha','','',3,3,0,'','',1,1,1,'','',0,0,'0000-00-00 00:00:00','00:00:00'),
(128,128,128,'12010203','Investasi Inventaris Alfamart',314,'33010000','Sisa Hasil Usaha Koperasi','','',3,3,0,'','',1,2,1,'','',0,0,'0000-00-00 00:00:00','00:00:00'),
(129,129,129,'12010204','Investasi Modal Alfamart',315,'33010100','Sisa Hasil Usaha Koperasi Tahun Berjalan','','',3,3,0,'','',1,3,1,'','',0,0,'0000-00-00 00:00:00','00:00:00'),
(130,130,130,'12010300','Investasi Jangka Panjang Unit Jasa',316,'33010101','Sisa Hasil Usaha Koperasi Tahun Berjalan','','',3,3,1,'','',5,3,0,'','',0,0,'0000-00-00 00:00:00','00:00:00'),
(131,131,131,'12010301','Investasi Mobil Unit Jasa',317,'33010300','Sisa Hasil Usaha Koperasi Ditahan','','',3,3,0,'','',1,3,1,'','',0,0,'0000-00-00 00:00:00','00:00:00'),
(132,132,132,'12010302','Investasi Gen Set Unit Jasa',318,'33010301','Sisa Hasil Usaha Koperasi Ditahan','','',3,3,0,'','',3,3,0,'','',0,0,'0000-00-00 00:00:00','00:00:00'),
(133,133,133,'12010303','Investasi Perumahan',319,'33010302','Laba Ditahan Pengendali','','',3,3,0,'','',3,3,0,'','',0,0,'0000-00-00 00:00:00','00:00:00'),
(134,134,134,'12010304','Investasi PT MESM',320,'33010303','Laba Ditahan Non Pengendali','','',3,3,0,'','',3,3,0,'','',0,0,'0000-00-00 00:00:00','00:00:00'),
(135,135,135,'12010400','Modal Disetor',0,'','','','',1,3,1,'','',0,0,0,'','',0,0,'0000-00-00 00:00:00','00:00:00'),
(136,136,136,'12010401','Modal Disetor Unit Toko',0,'','','','',3,3,0,'','',0,0,0,'','',0,0,'0000-00-00 00:00:00','00:00:00'),
(137,137,137,'12010402','Modal Disetor Unit Simpan Pinjam',0,'','','','',3,3,0,'','',0,0,0,'','',0,0,'0000-00-00 00:00:00','00:00:00'),
(138,138,138,'12010403','Modal Disetor Unit Apotek',0,'','','','',3,3,0,'','',0,0,0,'','',0,0,'0000-00-00 00:00:00','00:00:00'),
(139,139,139,'12010404','Modal Disetor Unit PBF',0,'','','','',3,3,0,'','',0,0,0,'','',0,0,'0000-00-00 00:00:00','00:00:00'),
(140,140,140,'12010405','Modal Disetor Unit Alfamart',0,'','','','',3,3,0,'','',0,0,0,'','',0,0,'0000-00-00 00:00:00','00:00:00'),
(141,141,141,'12010406','Modal Disetor Unit Jasa',0,'','','','',3,3,0,'','',0,0,0,'','',0,0,'0000-00-00 00:00:00','00:00:00'),
(142,142,142,'12010407','Modal Disetor Unit PT MESM',0,'','','','',3,3,0,'','',0,0,0,'','',0,0,'0000-00-00 00:00:00','00:00:00'),
(143,143,143,'12010500','Modal Tetap Tambahan',0,'','','','',1,3,1,'','',0,0,0,'','',0,0,'0000-00-00 00:00:00','00:00:00'),
(144,144,144,'12010501','Modal Tetap Tambahan Unit Toko',0,'','','','',3,3,0,'','',0,0,0,'','',0,0,'0000-00-00 00:00:00','00:00:00'),
(145,145,145,'12010502','Modal Tetap Tambahan Unit Simpan Pinjam',0,'','','','',3,3,0,'','',0,0,0,'','',0,0,'0000-00-00 00:00:00','00:00:00'),
(146,146,146,'12010503','Modal Tetap Tambahan Unit Apotek',0,'','','','',3,3,0,'','',0,0,0,'','',0,0,'0000-00-00 00:00:00','00:00:00'),
(147,147,147,'12010504','Modal Tetap Tambahan Unit PBF',0,'','','','',3,3,0,'','',0,0,0,'','',0,0,'0000-00-00 00:00:00','00:00:00'),
(148,148,148,'12010505','Modal Tetap Tambahan Unit Alfamart',0,'','','','',3,3,0,'','',0,0,0,'','',0,0,'0000-00-00 00:00:00','00:00:00'),
(149,149,149,'12010506','Modal Tetap Tambahan Unit Jasa',0,'','','','',3,3,0,'','',0,0,0,'','',0,0,'0000-00-00 00:00:00','00:00:00'),
(150,150,150,'12010507','Modal Tetap Tambahan PT MESM',0,'','','','',3,3,0,'','',0,0,0,'','',0,0,'0000-00-00 00:00:00','00:00:00'),
(151,151,151,'12010508','Modal Tetap Tambahan Unit Induk',0,'','','','',3,3,0,'','',0,0,0,'','',0,0,'0000-00-00 00:00:00','00:00:00'),
(152,152,152,'12020000','Akumulasi Penyusutan Investasi',0,'','','','',1,1,1,'','',0,0,0,'','',0,0,'0000-00-00 00:00:00','00:00:00'),
(153,153,153,'12020100','Akumulasi Penyusutan Investasi Alfamart',0,'','','','',1,2,1,'','',0,0,0,'','',0,0,'0000-00-00 00:00:00','00:00:00'),
(154,154,154,'12020101','Akumulasi Penyusutan Bangunan Alfamart',0,'','','','',3,3,0,'','',0,0,0,'','',0,0,'0000-00-00 00:00:00','00:00:00'),
(155,155,155,'12020102','Akumulasi Penyusutan Inventaris Alfamart',0,'','','','',3,3,0,'','',0,0,0,'','',0,0,'0000-00-00 00:00:00','00:00:00'),
(156,156,156,'12020103','Akumulasi Penyusutan Investasi Unit Jasa',0,'','','','',3,3,0,'','',0,0,0,'','',0,0,'0000-00-00 00:00:00','00:00:00'),
(157,157,157,'12020104','Akumulasi Penyusutan Mobil Unit Jasa',0,'','','','',3,3,0,'','',0,0,0,'','',0,0,'0000-00-00 00:00:00','00:00:00'),
(158,158,158,'12020105','Akumulasi Penyusutan Gen Set Unit Jasa',0,'','','','',3,3,0,'','',0,0,0,'','',0,0,'0000-00-00 00:00:00','00:00:00'),
(159,159,159,'12030000','Aset Tetap',0,'','','','',1,1,1,'','',0,0,0,'','',0,0,'0000-00-00 00:00:00','00:00:00'),
(160,160,160,'12030100','Tanah',0,'','','','',1,2,1,'','',0,0,0,'','',0,0,'0000-00-00 00:00:00','00:00:00'),
(161,161,161,'12030101','Tanah',0,'','','','',3,3,0,'','',0,0,0,'','',0,0,'0000-00-00 00:00:00','00:00:00'),
(162,162,162,'12030200','Bangunan',0,'','','','',1,2,1,'','',0,0,0,'','',0,0,'0000-00-00 00:00:00','00:00:00'),
(163,163,163,'12030201','Bangunan',0,'','','','',3,3,0,'','',0,0,0,'','',0,0,'0000-00-00 00:00:00','00:00:00'),
(164,164,164,'12030202','Bangunan Dalam Proses',0,'','','','',3,3,0,'','',0,0,0,'','',0,0,'0000-00-00 00:00:00','00:00:00'),
(165,165,165,'12030300','Kendaraan Operasional',0,'','','','',1,2,1,'','',0,0,0,'','',0,0,'0000-00-00 00:00:00','00:00:00'),
(166,166,166,'12030301','Kendaraan Operasional',0,'','','','',3,3,0,'','',0,0,0,'','',0,0,'0000-00-00 00:00:00','00:00:00'),
(167,167,167,'12030400','Inventaris Kantor',0,'','','','',1,2,1,'','',0,0,0,'','',0,0,'0000-00-00 00:00:00','00:00:00'),
(168,168,168,'12030401','Inventaris Kantor',0,'','','','',3,3,0,'','',0,0,0,'','',0,0,'0000-00-00 00:00:00','00:00:00'),
(169,169,169,'12040000','Akumulasi Penyusutan',0,'','','','',1,1,1,'','',0,0,0,'','',0,0,'0000-00-00 00:00:00','00:00:00'),
(170,170,170,'12040100','Akumulasi Penyusutan Bangunan',0,'','','','',1,2,1,'','',0,0,0,'','',0,0,'0000-00-00 00:00:00','00:00:00'),
(171,171,171,'12040101','Akm. Penyusutan Bangunan',0,'','','','',3,3,0,'','',0,0,0,'','',0,0,'0000-00-00 00:00:00','00:00:00'),
(172,172,172,'12040200','Akumulasi Penyusutan Kendaraan Operasional',0,'','','','',1,2,1,'','',0,0,0,'','',0,0,'0000-00-00 00:00:00','00:00:00'),
(173,173,173,'12040201','Akm. Penyusutan Kendaraan Operasional',0,'','','','',3,3,0,'','',0,0,0,'','',0,0,'0000-00-00 00:00:00','00:00:00'),
(174,174,174,'12040300','Akumulasi Penyusutan Investaris Kantor',0,'','','','',1,2,1,'','',0,0,0,'','',0,0,'0000-00-00 00:00:00','00:00:00'),
(175,175,175,'12040301','Akm. Penyusutan Investaris Kantor',0,'','','','',3,3,0,'','',0,0,0,'','',0,0,'0000-00-00 00:00:00','00:00:00'),
(176,176,176,'12050000','Aset Tidak Berwujud',0,'','','','',1,1,1,'','',0,0,0,'','',0,0,'0000-00-00 00:00:00','00:00:00'),
(177,177,177,'12050100','Aset Tidak Berwujud Franchise',0,'','','','',1,2,1,'','',0,0,0,'','',0,0,'0000-00-00 00:00:00','00:00:00'),
(178,178,178,'12050101','Aset Tidak Berwujud Franchise Alfamart 5 tahunan',0,'','','','',3,3,0,'','',0,0,0,'','',0,0,'0000-00-00 00:00:00','00:00:00'),
(179,179,179,'12050200','Aset Tidak Berwujud Lainnya',0,'','','','',1,2,1,'','',0,0,0,'','',0,0,'0000-00-00 00:00:00','00:00:00'),
(180,180,180,'12050201','Software Dalam Proses',0,'','','','',3,3,0,'','',0,0,0,'','',0,0,'0000-00-00 00:00:00','00:00:00'),
(181,181,181,'12060000','Akumulasi Amortisasi Aset Tidak Berwujud',0,'','','','',1,1,1,'','',0,0,0,'','',0,0,'0000-00-00 00:00:00','00:00:00'),
(182,182,182,'12060100','Akumulasi Amortisasi Aset Tidak Berwujud Franchise',0,'','','','',1,2,1,'','',0,0,0,'','',0,0,'0000-00-00 00:00:00','00:00:00'),
(183,183,183,'12060101','Akm. Amortisasi Aset Tidak Berwujud Franchise Alfa',0,'','','','',3,3,0,'','',0,0,0,'','',0,0,'0000-00-00 00:00:00','00:00:00'),
(184,184,184,'12070000','Aset Tidak Lancar Lainnya',0,'','','','',1,1,1,'','',0,0,0,'','',0,0,'0000-00-00 00:00:00','00:00:00'),
(185,185,185,'12070100','Peralatan',0,'','','','',1,1,1,'','',0,0,0,'','',0,0,'0000-00-00 00:00:00','00:00:00'),
(186,186,186,'12070101','Peralatan Kantor',0,'','','','',3,3,0,'','',0,0,0,'','',0,0,'0000-00-00 00:00:00','00:00:00'),
(187,187,0,'','Jumlah Aset',0,'','Jumlah Kewajiban','5#6#7#9#10#11#12#13#14#15#16#17#18#19#20#21#22#23#24#25#26#28#31#34#35#36#37#38#39#40#42#43#44#45#46#47#48#49#50#51#52#53#54#55#56#57#58#61#63#64#65#66#67#68#69#72#73#75#78#79#82#83#85#87#90#91#92#94#95#96#98#99#100#101#102#103#105#106#108#111#112#113#114#116#118#122#123#124#126#127#128#129#131#132#133#134#136#137#138#139#140#141#142#144#145#146#147#148#149#150#151#154#155#156#157#158#161#163#164#166#168#171#173#175#178#180#183#186','+#+#+#+#+#+#+#+#+#+#+#+#+#+#+#+#+#+#+#+#+#+#+#+#+#+#+#+#+#+#+#+#+#+#+#+#+#+#+#+#+#+#+#+#+#+#+#+#+#+#+#+#+#+#+#+#+#+#+#+#+#+#+#+#+#+#+#+#+#+#+#+#+#+#+#+#+#+#+#+#+#+#+#+#+#+#+#+#+#+#+#+#+#+#+#+#+#+#+#+#+#+#+#+#+#+#+#+#+#+#+#+#+#+#+#+#+#+#+#+#+#+#+#+#+#+#+#+',4,0,1,'5#6#7#8#11#12#13#14#15#16#19#21#22#23#24#25#26#28#31#34#36#38#39#41#43#45#46#47#48#49#50#52#53#55#58#59#61#64#65#66#68#69#70#71#72#73#74#75#76#77#78#79#80#81#82#83#86#90#91#92#93#94#96#97#98#99#100#105#107#108#109#110#113#115#116#117#118#119#120#124#126#132#133#134','+#+#+#+#+#+#+#+#+#+#+#+#+#+#+#+#+#+#+#+#+#+#+#+#+#+#+#+#+#+#+#+#+#+#+#+#+#+#+#+#+#+#+#+#+#+#+#+#+#+#+#+#+#+#+#+#+#+#+#+#+#+#+#+#+#+#+#+#+#+#+#+#+#+#+#+#+#+#+#+#+#+#+#+',4,0,1,'','',0,0,'2023-12-05 14:46:02','00:00:00');

/*Table structure for table `acct_bank_disbursement` */

DROP TABLE IF EXISTS `acct_bank_disbursement`;

CREATE TABLE `acct_bank_disbursement` (
  `bank_disbursement_id` bigint NOT NULL AUTO_INCREMENT,
  `branch_id` int DEFAULT '0',
  `account_id` int DEFAULT '0',
  `project_id` int NOT NULL DEFAULT '0',
  `customer_id` int NOT NULL DEFAULT '0',
  `project_type_id` int DEFAULT '0',
  `bank_disbursement_date` date DEFAULT NULL,
  `bank_disbursement_title` varchar(200) DEFAULT NULL,
  `bank_disbursement_no` varchar(30) DEFAULT '',
  `bank_disbursement_description` text,
  `bank_disbursement_amount_total` decimal(20,2) DEFAULT '0.00',
  `bank_disbursement_token` varchar(100) DEFAULT NULL,
  `bank_disbursement_token_void` varchar(250) DEFAULT NULL,
  `posted` decimal(10,0) DEFAULT '0',
  `posted_id` int DEFAULT '0',
  `posted_on` datetime DEFAULT NULL,
  `voided_id` int DEFAULT '0',
  `voided_on` datetime DEFAULT NULL,
  `voided_remark` text,
  `unposted_id` int DEFAULT '0',
  `unposted_on` datetime DEFAULT NULL,
  `unposted_remark` text,
  `data_state` decimal(1,0) DEFAULT '0',
  `created_id` int DEFAULT '0',
  `created_at` datetime DEFAULT NULL,
  `updated_at` timestamp NOT NULL DEFAULT CURRENT_TIMESTAMP,
  PRIMARY KEY (`bank_disbursement_id`),
  KEY `FK_acct_disbursement_account_id` (`account_id`),
  KEY `project_type_id` (`project_type_id`),
  KEY `disbursement_token` (`bank_disbursement_token`),
  KEY `disbursement_token_void` (`bank_disbursement_token_void`)
) ENGINE=InnoDB AUTO_INCREMENT=6 DEFAULT CHARSET=utf8mb3 ROW_FORMAT=COMPACT;

/*Data for the table `acct_bank_disbursement` */

/*Table structure for table `acct_bank_disbursement_item` */

DROP TABLE IF EXISTS `acct_bank_disbursement_item`;

CREATE TABLE `acct_bank_disbursement_item` (
  `bank_disbursement_item_id` bigint NOT NULL AUTO_INCREMENT,
  `bank_disbursement_id` bigint DEFAULT '0',
  `account_id` int DEFAULT '0',
  `bank_disbursement_item_title` varchar(200) DEFAULT '',
  `bank_disbursement_item_amount` decimal(20,2) DEFAULT '0.00',
  `bank_disbursement_item_token` varchar(200) DEFAULT NULL,
  `bank_disbursement_item_token_void` varbinary(250) DEFAULT NULL,
  `created_at` datetime DEFAULT NULL,
  `updated_at` timestamp NOT NULL DEFAULT CURRENT_TIMESTAMP,
  PRIMARY KEY (`bank_disbursement_item_id`),
  KEY `FK_acct_disbursement_item_account_id` (`account_id`),
  KEY `disbursement_item_token` (`bank_disbursement_item_token`),
  KEY `disbursement_item_token_void` (`bank_disbursement_item_token_void`),
  KEY `FK_acct_disbursement_item_disbursement_id` (`bank_disbursement_id`)
) ENGINE=InnoDB AUTO_INCREMENT=7 DEFAULT CHARSET=utf8mb3 ROW_FORMAT=COMPACT;

/*Data for the table `acct_bank_disbursement_item` */

/*Table structure for table `acct_bank_receipt` */

DROP TABLE IF EXISTS `acct_bank_receipt`;

CREATE TABLE `acct_bank_receipt` (
  `bank_receipt_id` bigint NOT NULL AUTO_INCREMENT,
  `branch_id` int DEFAULT '0',
  `account_id` int DEFAULT '0',
  `customer_id` int DEFAULT NULL,
  `project_id` int NOT NULL DEFAULT '0',
  `project_type_id` int DEFAULT '0',
  `bank_receipt_date` date DEFAULT NULL,
  `bank_receipt_no` varchar(30) DEFAULT '',
  `bank_receipt_title` varchar(200) DEFAULT NULL,
  `bank_receipt_description` text,
  `bank_receipt_amount_total` decimal(20,2) DEFAULT '0.00',
  `bank_receipt_token` varchar(250) DEFAULT NULL,
  `bank_receipt_token_void` varchar(250) DEFAULT NULL,
  `posted` decimal(1,0) DEFAULT '0',
  `posted_id` int DEFAULT '0',
  `posted_on` datetime DEFAULT NULL,
  `voided_id` int DEFAULT '0',
  `voided_on` datetime DEFAULT NULL,
  `voided_remark` text,
  `unposted_id` varchar(20) DEFAULT '',
  `unposted_on` datetime DEFAULT NULL,
  `unposted_remark` text,
  `data_state` decimal(1,0) DEFAULT '0',
  `created_id` int DEFAULT '0',
  `created_at` datetime DEFAULT NULL,
  `updated_at` timestamp NOT NULL DEFAULT CURRENT_TIMESTAMP,
  PRIMARY KEY (`bank_receipt_id`),
  UNIQUE KEY `receipt_token` (`bank_receipt_token`),
  UNIQUE KEY `receipt_token_void` (`bank_receipt_token_void`),
  KEY `FK_acct_receipt_account_id` (`account_id`),
  KEY `project_type_id` (`project_type_id`)
) ENGINE=InnoDB AUTO_INCREMENT=12 DEFAULT CHARSET=utf8mb3 ROW_FORMAT=COMPACT;

/*Data for the table `acct_bank_receipt` */

/*Table structure for table `acct_bank_receipt_item` */

DROP TABLE IF EXISTS `acct_bank_receipt_item`;

CREATE TABLE `acct_bank_receipt_item` (
  `bank_receipt_item_id` bigint NOT NULL AUTO_INCREMENT,
  `bank_receipt_id` bigint DEFAULT '0',
  `account_id` int DEFAULT '0',
  `bank_receipt_item_title` varchar(200) DEFAULT '',
  `bank_receipt_item_amount` decimal(20,2) DEFAULT '0.00',
  `bank_receipt_item_token` varchar(250) DEFAULT NULL,
  `data_state` int DEFAULT '0',
  `created_at` datetime DEFAULT NULL,
  `careated_id` int DEFAULT NULL,
  `updated_at` timestamp NOT NULL DEFAULT CURRENT_TIMESTAMP,
  PRIMARY KEY (`bank_receipt_item_id`),
  UNIQUE KEY `receipt_item_token` (`bank_receipt_item_token`),
  KEY `FK_acct_receipt_item_receipt_id` (`bank_receipt_id`),
  KEY `FK_acct_receipt_item_account_id` (`account_id`)
) ENGINE=InnoDB AUTO_INCREMENT=9 DEFAULT CHARSET=utf8mb3 ROW_FORMAT=COMPACT;

/*Data for the table `acct_bank_receipt_item` */

/*Table structure for table `acct_cash_disbursement` */

DROP TABLE IF EXISTS `acct_cash_disbursement`;

CREATE TABLE `acct_cash_disbursement` (
  `cash_disbursement_id` bigint NOT NULL AUTO_INCREMENT,
  `branch_id` int DEFAULT '0',
  `account_id` int DEFAULT '0',
  `project_id` int NOT NULL DEFAULT '0',
  `customer_id` int NOT NULL DEFAULT '0',
  `project_type_id` int DEFAULT '0',
  `cash_disbursement_date` date DEFAULT NULL,
  `cash_disbursement_title` varchar(200) DEFAULT NULL,
  `cash_disbursement_no` varchar(30) DEFAULT '',
  `cash_disbursement_description` text,
  `cash_disbursement_amount_total` decimal(20,2) DEFAULT '0.00',
  `cash_disbursement_token` varchar(100) DEFAULT NULL,
  `cash_disbursement_token_void` varchar(250) DEFAULT NULL,
  `posted` decimal(10,0) DEFAULT '0',
  `posted_id` int DEFAULT '0',
  `posted_on` datetime DEFAULT NULL,
  `voided_id` int DEFAULT '0',
  `voided_on` datetime DEFAULT NULL,
  `voided_remark` text,
  `unposted_id` int DEFAULT '0',
  `unposted_on` datetime DEFAULT NULL,
  `unposted_remark` text,
  `data_state` decimal(1,0) DEFAULT '0',
  `created_id` int DEFAULT '0',
  `created_at` datetime DEFAULT NULL,
  `updated_at` timestamp NOT NULL DEFAULT CURRENT_TIMESTAMP,
  PRIMARY KEY (`cash_disbursement_id`),
  KEY `FK_acct_disbursement_account_id` (`account_id`),
  KEY `project_type_id` (`project_type_id`),
  KEY `disbursement_token` (`cash_disbursement_token`),
  KEY `disbursement_token_void` (`cash_disbursement_token_void`)
) ENGINE=InnoDB AUTO_INCREMENT=24 DEFAULT CHARSET=utf8mb3 ROW_FORMAT=COMPACT;

/*Data for the table `acct_cash_disbursement` */

/*Table structure for table `acct_cash_disbursement_item` */

DROP TABLE IF EXISTS `acct_cash_disbursement_item`;

CREATE TABLE `acct_cash_disbursement_item` (
  `cash_disbursement_item_id` bigint NOT NULL AUTO_INCREMENT,
  `cash_disbursement_id` bigint DEFAULT '0',
  `account_id` int DEFAULT '0',
  `cash_disbursement_item_title` varchar(200) DEFAULT '',
  `cash_disbursement_item_amount` decimal(20,2) DEFAULT '0.00',
  `cash_disbursement_item_token` varchar(200) DEFAULT NULL,
  `cash_disbursement_item_token_void` varbinary(250) DEFAULT NULL,
  `created_at` datetime DEFAULT NULL,
  `updated_at` timestamp NOT NULL DEFAULT CURRENT_TIMESTAMP,
  PRIMARY KEY (`cash_disbursement_item_id`),
  KEY `FK_acct_disbursement_item_account_id` (`account_id`),
  KEY `disbursement_item_token` (`cash_disbursement_item_token`),
  KEY `disbursement_item_token_void` (`cash_disbursement_item_token_void`),
  KEY `FK_acct_disbursement_item_disbursement_id` (`cash_disbursement_id`)
) ENGINE=InnoDB AUTO_INCREMENT=26 DEFAULT CHARSET=utf8mb3 ROW_FORMAT=COMPACT;

/*Data for the table `acct_cash_disbursement_item` */

/*Table structure for table `acct_cash_receipt` */

DROP TABLE IF EXISTS `acct_cash_receipt`;

CREATE TABLE `acct_cash_receipt` (
  `cash_receipt_id` bigint NOT NULL AUTO_INCREMENT,
  `customer_id` int DEFAULT NULL,
  `branch_id` int DEFAULT '0',
  `account_id` int DEFAULT '0',
  `project_id` int NOT NULL DEFAULT '0',
  `project_type_id` int DEFAULT '0',
  `cash_receipt_date` date DEFAULT NULL,
  `cash_receipt_no` varchar(30) DEFAULT '',
  `cash_receipt_title` varchar(200) DEFAULT NULL,
  `cash_receipt_description` text,
  `cash_receipt_amount_total` decimal(20,2) DEFAULT '0.00',
  `cash_receipt_token` varchar(250) DEFAULT NULL,
  `cash_receipt_token_void` varchar(250) DEFAULT NULL,
  `posted` decimal(1,0) DEFAULT '0',
  `posted_id` int DEFAULT '0',
  `posted_on` datetime DEFAULT NULL,
  `voided_id` int DEFAULT '0',
  `voided_on` datetime DEFAULT NULL,
  `voided_remark` text,
  `unposted_id` varchar(20) DEFAULT '',
  `unposted_on` datetime DEFAULT NULL,
  `unposted_remark` text,
  `data_state` decimal(1,0) DEFAULT '0',
  `created_id` int DEFAULT '0',
  `created_at` datetime DEFAULT NULL,
  `updated_at` timestamp NOT NULL DEFAULT CURRENT_TIMESTAMP,
  PRIMARY KEY (`cash_receipt_id`),
  UNIQUE KEY `receipt_token` (`cash_receipt_token`),
  UNIQUE KEY `receipt_token_void` (`cash_receipt_token_void`),
  KEY `FK_acct_receipt_account_id` (`account_id`),
  KEY `project_type_id` (`project_type_id`)
) ENGINE=InnoDB AUTO_INCREMENT=25 DEFAULT CHARSET=utf8mb3 ROW_FORMAT=COMPACT;

/*Data for the table `acct_cash_receipt` */

/*Table structure for table `acct_cash_receipt_item` */

DROP TABLE IF EXISTS `acct_cash_receipt_item`;

CREATE TABLE `acct_cash_receipt_item` (
  `cash_receipt_item_id` bigint NOT NULL AUTO_INCREMENT,
  `cash_receipt_id` bigint DEFAULT '0',
  `account_id` int DEFAULT '0',
  `cash_receipt_item_title` varchar(200) DEFAULT '',
  `cash_receipt_item_amount` decimal(20,2) DEFAULT '0.00',
  `cash_receipt_item_token` varchar(250) DEFAULT NULL,
  `data_state` int DEFAULT '0',
  `created_id` int DEFAULT NULL,
  `created_at` datetime DEFAULT NULL,
  `updated_at` timestamp NOT NULL DEFAULT CURRENT_TIMESTAMP,
  PRIMARY KEY (`cash_receipt_item_id`),
  UNIQUE KEY `receipt_item_token` (`cash_receipt_item_token`),
  KEY `FK_acct_receipt_item_receipt_id` (`cash_receipt_id`),
  KEY `FK_acct_receipt_item_account_id` (`account_id`)
) ENGINE=InnoDB AUTO_INCREMENT=20 DEFAULT CHARSET=utf8mb3 ROW_FORMAT=COMPACT;

/*Data for the table `acct_cash_receipt_item` */

/*Table structure for table `acct_check_disbursement` */

DROP TABLE IF EXISTS `acct_check_disbursement`;

CREATE TABLE `acct_check_disbursement` (
  `check_disbursement_id` bigint NOT NULL AUTO_INCREMENT,
  `branch_id` int DEFAULT '0',
  `account_id` int DEFAULT '0',
  `customer_id` int DEFAULT NULL,
  `project_id` int NOT NULL DEFAULT '0',
  `project_type_id` int DEFAULT '0',
  `check_disbursement_date` date DEFAULT NULL,
  `check_disbursement_due_date` date DEFAULT NULL,
  `check_number` varchar(50) DEFAULT NULL,
  `check_disbursement_no` varchar(30) DEFAULT '',
  `check_disbursement_title` varchar(200) DEFAULT NULL,
  `check_disbursement_description` text,
  `check_disbursement_amount_total` decimal(20,2) DEFAULT '0.00',
  `check_disbursement_token` varchar(250) DEFAULT NULL,
  `check_disbursement_token_void` varchar(250) DEFAULT NULL,
  `posted` decimal(1,0) DEFAULT '0',
  `posted_id` int DEFAULT '0',
  `posted_on` datetime DEFAULT NULL,
  `voided_id` int DEFAULT '0',
  `voided_on` datetime DEFAULT NULL,
  `voided_remark` text,
  `unposted_id` varchar(20) DEFAULT '',
  `unposted_on` datetime DEFAULT NULL,
  `unposted_remark` text,
  `data_state` decimal(1,0) DEFAULT '0',
  `created_id` int DEFAULT '0',
  `created_at` datetime DEFAULT NULL,
  `updated_at` timestamp NOT NULL DEFAULT CURRENT_TIMESTAMP,
  PRIMARY KEY (`check_disbursement_id`),
  KEY `FK_acct_receipt_account_id` (`account_id`),
  KEY `project_type_id` (`project_type_id`),
  KEY `receipt_token` (`check_disbursement_token`),
  KEY `receipt_token_void` (`check_disbursement_token_void`)
) ENGINE=InnoDB AUTO_INCREMENT=6 DEFAULT CHARSET=utf8mb3 ROW_FORMAT=COMPACT;

/*Data for the table `acct_check_disbursement` */

/*Table structure for table `acct_check_disbursement_item` */

DROP TABLE IF EXISTS `acct_check_disbursement_item`;

CREATE TABLE `acct_check_disbursement_item` (
  `check_disbursement_item_id` bigint NOT NULL AUTO_INCREMENT,
  `check_disbursement_id` bigint DEFAULT '0',
  `account_id` int DEFAULT '0',
  `check_disbursement_item_title` varchar(200) DEFAULT '',
  `check_disbursement_item_amount` decimal(20,2) DEFAULT '0.00',
  `check_disbursement_item_token` varchar(250) DEFAULT NULL,
  `data_state` int DEFAULT '0',
  `created_id` int DEFAULT NULL,
  `created_at` datetime DEFAULT NULL,
  `updated_at` timestamp NOT NULL DEFAULT CURRENT_TIMESTAMP,
  PRIMARY KEY (`check_disbursement_item_id`),
  KEY `FK_acct_receipt_item_account_id` (`account_id`),
  KEY `receipt_item_token` (`check_disbursement_item_token`),
  KEY `FK_acct_receipt_item_receipt_id` (`check_disbursement_id`)
) ENGINE=InnoDB AUTO_INCREMENT=8 DEFAULT CHARSET=utf8mb3 ROW_FORMAT=COMPACT;

/*Data for the table `acct_check_disbursement_item` */

/*Table structure for table `acct_check_receipt` */

DROP TABLE IF EXISTS `acct_check_receipt`;

CREATE TABLE `acct_check_receipt` (
  `check_receipt_id` bigint NOT NULL AUTO_INCREMENT,
  `branch_id` int DEFAULT '0',
  `account_id` int DEFAULT '0',
  `customer_id` int DEFAULT NULL,
  `project_id` int NOT NULL DEFAULT '0',
  `project_type_id` int DEFAULT '0',
  `check_receipt_date` date DEFAULT NULL,
  `check_receipt_due_date` date DEFAULT NULL,
  `check_number` varchar(50) DEFAULT NULL,
  `check_receipt_no` varchar(30) DEFAULT '',
  `check_receipt_title` varchar(200) DEFAULT NULL,
  `check_receipt_description` text,
  `check_receipt_amount_total` decimal(20,2) DEFAULT '0.00',
  `check_receipt_token` varchar(250) DEFAULT NULL,
  `check_receipt_token_void` varchar(250) DEFAULT NULL,
  `posted` decimal(1,0) DEFAULT '0',
  `posted_id` int DEFAULT '0',
  `posted_on` datetime DEFAULT NULL,
  `voided_id` int DEFAULT '0',
  `voided_on` datetime DEFAULT NULL,
  `voided_remark` text,
  `unposted_id` varchar(20) DEFAULT '',
  `unposted_on` datetime DEFAULT NULL,
  `unposted_remark` text,
  `data_state` decimal(1,0) DEFAULT '0',
  `created_id` int DEFAULT '0',
  `created_at` datetime DEFAULT NULL,
  `updated_at` timestamp NOT NULL DEFAULT CURRENT_TIMESTAMP,
  PRIMARY KEY (`check_receipt_id`),
  KEY `FK_acct_receipt_account_id` (`account_id`),
  KEY `project_type_id` (`project_type_id`),
  KEY `receipt_token` (`check_receipt_token`),
  KEY `receipt_token_void` (`check_receipt_token_void`)
) ENGINE=InnoDB AUTO_INCREMENT=8 DEFAULT CHARSET=utf8mb3 ROW_FORMAT=COMPACT;

/*Data for the table `acct_check_receipt` */

/*Table structure for table `acct_check_receipt_item` */

DROP TABLE IF EXISTS `acct_check_receipt_item`;

CREATE TABLE `acct_check_receipt_item` (
  `check_receipt_item_id` bigint NOT NULL AUTO_INCREMENT,
  `check_receipt_id` bigint DEFAULT '0',
  `account_id` int DEFAULT '0',
  `check_receipt_item_title` varchar(200) DEFAULT '',
  `check_receipt_item_amount` decimal(20,2) DEFAULT '0.00',
  `check_receipt_item_token` varchar(250) DEFAULT NULL,
  `data_state` int DEFAULT '0',
  `created_id` int DEFAULT NULL,
  `created_at` datetime DEFAULT NULL,
  `updated_at` timestamp NOT NULL DEFAULT CURRENT_TIMESTAMP,
  PRIMARY KEY (`check_receipt_item_id`),
  KEY `FK_acct_receipt_item_account_id` (`account_id`),
  KEY `receipt_item_token` (`check_receipt_item_token`),
  KEY `FK_acct_receipt_item_receipt_id` (`check_receipt_id`)
) ENGINE=InnoDB AUTO_INCREMENT=12 DEFAULT CHARSET=utf8mb3 ROW_FORMAT=COMPACT;

/*Data for the table `acct_check_receipt_item` */

/*Table structure for table `acct_journal_voucher` */

DROP TABLE IF EXISTS `acct_journal_voucher`;

CREATE TABLE `acct_journal_voucher` (
  `journal_voucher_id` bigint NOT NULL AUTO_INCREMENT,
  `company_id` int NOT NULL DEFAULT '2',
  `branch_id` int DEFAULT '0',
  `project_id` int DEFAULT '0',
  `project_type_id` int DEFAULT '0',
  `transaction_module_id` int DEFAULT '0',
  `transaction_journal_id` bigint DEFAULT '0',
  `transaction_journal_no` varchar(100) DEFAULT '',
  `journal_voucher_title` varchar(50) DEFAULT '',
  `journal_voucher_no` varchar(50) DEFAULT '',
  `journal_voucher_period` decimal(20,0) DEFAULT '0',
  `journal_voucher_date` date DEFAULT NULL,
  `journal_voucher_description` varchar(200) DEFAULT '',
  `journal_voucher_token` varchar(250) DEFAULT NULL,
  `journal_voucher_token_void` varchar(250) DEFAULT NULL,
  `journal_voucher_type_id` int DEFAULT '1',
  `transaction_module_code` varchar(20) DEFAULT '',
  `posted` decimal(1,0) DEFAULT '0',
  `posted_id` int DEFAULT '0',
  `posted_on` datetime DEFAULT NULL,
  `voided` decimal(1,0) DEFAULT '0',
  `voided_id` int DEFAULT '0',
  `voided_on` datetime DEFAULT NULL,
  `voided_remark` text,
  `data_state` decimal(1,0) DEFAULT '0',
  `created_id` int DEFAULT '0',
  `created_at` datetime DEFAULT NULL,
  `updated_at` timestamp NOT NULL DEFAULT CURRENT_TIMESTAMP,
  `reverse_state` int NOT NULL DEFAULT '0',
  PRIMARY KEY (`journal_voucher_id`),
  UNIQUE KEY `journal_voucher_token` (`journal_voucher_token`),
  UNIQUE KEY `journal_voucher_token_void` (`journal_voucher_token_void`),
  KEY `transaction_journal_no` (`transaction_journal_no`),
  KEY `project_id` (`project_id`),
  KEY `project_type_id` (`project_type_id`)
) ENGINE=InnoDB AUTO_INCREMENT=80 DEFAULT CHARSET=utf8mb3 ROW_FORMAT=COMPACT;

/*Data for the table `acct_journal_voucher` */

insert  into `acct_journal_voucher`(`journal_voucher_id`,`company_id`,`branch_id`,`project_id`,`project_type_id`,`transaction_module_id`,`transaction_journal_id`,`transaction_journal_no`,`journal_voucher_title`,`journal_voucher_no`,`journal_voucher_period`,`journal_voucher_date`,`journal_voucher_description`,`journal_voucher_token`,`journal_voucher_token_void`,`journal_voucher_type_id`,`transaction_module_code`,`posted`,`posted_id`,`posted_on`,`voided`,`voided_id`,`voided_on`,`voided_remark`,`data_state`,`created_id`,`created_at`,`updated_at`,`reverse_state`) values 
(68,2,1,0,0,63,9,'0001/BPB/2023','Penjualan Atas Produk PHAPROS - 0001/POC/XII/2023','0001/JV/XII/2023',202312,'2023-12-13',NULL,NULL,NULL,1,'PPP',0,0,NULL,0,0,NULL,NULL,0,3,'2023-12-13 07:38:44','2023-12-13 07:38:44',0),
(69,2,1,0,0,63,9,'0001/BPB/2023','Penjualan Atas Produk PHAPROS - 0001/POC/XII/2023','0002/JV/XII/2023',202312,'2023-12-13',NULL,NULL,NULL,1,'PPP',0,0,NULL,0,0,NULL,NULL,0,3,'2023-12-13 07:53:15','2023-12-13 07:53:15',0),
(70,2,1,0,0,20,18,'0001/IGRN/XII/2023','Pembelian 0001/IGRN/XII/2023','0003/JV/XII/2023',202312,'2023-12-13',NULL,NULL,NULL,1,'GRN',0,0,NULL,0,0,NULL,NULL,0,3,'2023-12-13 07:57:52','2023-12-13 07:57:52',0),
(71,2,1,0,0,63,10,'0002/BPB/2023','Penjualan Atas Produk KIMIA FARMA - 0002/PO/XII/20','0004/JV/XII/2023',202312,'2023-12-13',NULL,NULL,NULL,1,'PPP',0,0,NULL,0,0,NULL,NULL,0,3,'2023-12-13 09:07:54','2023-12-13 09:07:54',0),
(72,2,1,0,0,63,11,'0003/BPB/2023','Penjualan Atas Produk PHAPROS - 0003/PO/XII/2023','0005/JV/XII/2023',202312,'2023-12-14',NULL,NULL,NULL,1,'PPP',0,0,NULL,0,0,NULL,NULL,0,3,'2023-12-14 07:30:31','2023-12-14 07:30:31',0),
(73,2,1,0,0,31,24,'0001/PO/XII/2023','Pelunasan Hutang 0001/PO/XII/2023','0006/JV/XII/2023',202312,'2023-12-15',NULL,NULL,NULL,1,'PP',0,0,NULL,0,0,NULL,NULL,0,3,'2023-12-15 07:23:19','2023-12-15 07:25:57',1),
(74,2,0,0,0,31,0,'0001/PO/XII/2023','HAPUS JurnalPelunasan Hutang 0001/PO/XII/2023','0007/JV/XII/2023',202312,'2023-12-15','HAPUS Jurnal',NULL,NULL,1,'PP',0,0,NULL,0,0,NULL,NULL,0,3,'2023-12-15 07:25:57','2023-12-15 07:25:57',1),
(75,2,1,0,0,31,25,'0001/PH/XII/2023','Pembayaran hutang 0001/PH/XII/2023','0008/JV/XII/2023',202312,'2023-12-15',NULL,NULL,NULL,1,'PP',0,0,NULL,0,0,NULL,NULL,0,3,'2023-12-15 07:27:37','2023-12-15 07:27:37',0),
(76,2,1,0,0,31,26,'0002/PH/XII/2023','Pembayaran hutang 0002/PH/XII/2023','0009/JV/XII/2023',202312,'2023-12-15',NULL,NULL,NULL,1,'PP',0,0,NULL,0,0,NULL,NULL,0,3,'2023-12-15 07:32:36','2023-12-15 07:32:36',0),
(77,2,1,0,0,31,27,'0003/PH/XII/2023','Pembayaran hutang 0003/PH/XII/2023','0010/JV/XII/2023',202312,'2023-12-18',NULL,NULL,NULL,1,'PP',0,0,NULL,0,0,NULL,NULL,0,3,'2023-12-18 04:00:44','2023-12-18 04:00:44',0),
(78,2,1,0,0,31,28,'0004/PH/XII/2023','Pembayaran hutang 0004/PH/XII/2023','0011/JV/XII/2023',202312,'2023-12-18',NULL,NULL,NULL,1,'PP',0,0,NULL,0,0,NULL,NULL,0,3,'2023-12-18 04:04:16','2023-12-18 04:04:16',0),
(79,2,1,0,0,31,29,'0005/PH/XII/2023','Pembayaran hutang 0005/PH/XII/2023','0012/JV/XII/2023',202312,'2023-12-18',NULL,NULL,NULL,1,'PP',0,0,NULL,0,0,NULL,NULL,0,3,'2023-12-18 04:06:59','2023-12-18 04:06:59',0);

/*Table structure for table `acct_journal_voucher_item` */

DROP TABLE IF EXISTS `acct_journal_voucher_item`;

CREATE TABLE `acct_journal_voucher_item` (
  `journal_voucher_item_id` bigint NOT NULL AUTO_INCREMENT,
  `journal_voucher_id` bigint DEFAULT '0',
  `company_id` int NOT NULL DEFAULT '2',
  `account_id` int DEFAULT '0',
  `journal_voucher_description` varchar(200) DEFAULT '',
  `journal_voucher_amount` decimal(20,2) DEFAULT '0.00',
  `account_id_status` decimal(1,0) DEFAULT '0',
  `account_id_default_status` decimal(1,0) DEFAULT '0',
  `journal_voucher_debit_amount` decimal(20,2) DEFAULT '0.00',
  `journal_voucher_credit_amount` decimal(20,2) DEFAULT '0.00',
  `journal_voucher_item_token` varchar(250) DEFAULT NULL,
  `journal_voucher_item_token_void` varchar(250) DEFAULT NULL,
  `data_state` decimal(1,0) DEFAULT '0',
  `created_at` datetime DEFAULT NULL,
  `updated_at` timestamp NOT NULL DEFAULT CURRENT_TIMESTAMP,
  `reverse_state` int NOT NULL DEFAULT '0',
  PRIMARY KEY (`journal_voucher_item_id`),
  UNIQUE KEY `journal_voucher_item_token` (`journal_voucher_item_token`),
  UNIQUE KEY `journal_voucher_item_token_void` (`journal_voucher_item_token_void`),
  KEY `FK_acct_journal_voucher_item_journal_voucher_id` (`journal_voucher_id`) USING BTREE,
  KEY `FK_acct_journal_voucher_item_account_id` (`account_id`) USING BTREE
) ENGINE=InnoDB AUTO_INCREMENT=386 DEFAULT CHARSET=utf8mb3 ROW_FORMAT=COMPACT;

/*Data for the table `acct_journal_voucher_item` */

insert  into `acct_journal_voucher_item`(`journal_voucher_item_id`,`journal_voucher_id`,`company_id`,`account_id`,`journal_voucher_description`,`journal_voucher_amount`,`account_id_status`,`account_id_default_status`,`journal_voucher_debit_amount`,`journal_voucher_credit_amount`,`journal_voucher_item_token`,`journal_voucher_item_token_void`,`data_state`,`created_at`,`updated_at`,`reverse_state`) values 
(321,68,2,42,NULL,837560.00,0,1,837560.00,0.00,NULL,NULL,0,'2023-12-13 07:38:44','2023-12-13 07:38:44',0),
(322,68,2,43,NULL,4000.00,0,1,4000.00,0.00,NULL,NULL,0,'2023-12-13 07:38:44','2023-12-13 07:38:44',0),
(323,68,2,338,NULL,750000.00,1,0,0.00,750000.00,NULL,NULL,0,'2023-12-13 07:38:44','2023-12-13 07:38:44',0),
(324,68,2,238,NULL,87560.00,1,1,0.00,87560.00,NULL,NULL,0,'2023-12-13 07:38:44','2023-12-13 07:38:44',0),
(325,68,2,522,NULL,4000.00,1,0,0.00,4000.00,NULL,NULL,0,'2023-12-13 07:38:44','2023-12-13 07:38:44',0),
(326,68,2,390,NULL,750000.00,0,0,750000.00,0.00,NULL,NULL,0,'2023-12-13 07:38:44','2023-12-13 07:38:44',0),
(327,68,2,82,NULL,750000.00,0,0,0.00,750000.00,NULL,NULL,0,'2023-12-13 07:38:44','2023-12-13 07:38:44',0),
(328,69,2,42,NULL,487560.00,0,1,487560.00,0.00,NULL,NULL,0,'2023-12-13 07:53:15','2023-12-13 07:53:15',0),
(329,69,2,43,NULL,4000.00,0,1,4000.00,0.00,NULL,NULL,0,'2023-12-13 07:53:15','2023-12-13 07:53:15',0),
(330,69,2,338,NULL,400000.00,1,0,0.00,400000.00,NULL,NULL,0,'2023-12-13 07:53:15','2023-12-13 07:53:15',0),
(331,69,2,238,NULL,87560.00,1,1,0.00,87560.00,NULL,NULL,0,'2023-12-13 07:53:15','2023-12-13 07:53:15',0),
(332,69,2,522,NULL,4000.00,1,0,0.00,4000.00,NULL,NULL,0,'2023-12-13 07:53:15','2023-12-13 07:53:15',0),
(333,69,2,390,NULL,400000.00,0,0,400000.00,0.00,NULL,NULL,0,'2023-12-13 07:53:15','2023-12-13 07:53:15',0),
(334,69,2,82,NULL,400000.00,0,0,0.00,400000.00,NULL,NULL,0,'2023-12-13 07:53:15','2023-12-13 07:53:15',0),
(335,70,2,82,NULL,150000.00,1,1,150000.00,0.00,NULL,NULL,0,'2023-12-13 07:57:53','2023-12-13 07:57:53',0),
(336,70,2,106,NULL,16500.00,1,1,16500.00,0.00,NULL,NULL,0,'2023-12-13 07:57:53','2023-12-13 07:57:53',0),
(337,70,2,205,NULL,166500.00,0,0,0.00,166500.00,NULL,NULL,0,'2023-12-13 07:57:53','2023-12-13 07:57:53',0),
(338,71,2,42,NULL,174626.25,0,1,174626.25,0.00,NULL,NULL,0,'2023-12-13 09:07:54','2023-12-13 09:07:54',0),
(339,71,2,338,NULL,150000.00,1,0,0.00,150000.00,NULL,NULL,0,'2023-12-13 09:07:54','2023-12-13 09:07:54',0),
(340,71,2,238,NULL,24626.25,1,1,0.00,24626.25,NULL,NULL,0,'2023-12-13 09:07:54','2023-12-13 09:07:54',0),
(341,71,2,390,NULL,150000.00,0,0,150000.00,0.00,NULL,NULL,0,'2023-12-13 09:07:54','2023-12-13 09:07:54',0),
(342,71,2,82,NULL,150000.00,0,0,0.00,150000.00,NULL,NULL,0,'2023-12-13 09:07:54','2023-12-13 09:07:54',0),
(343,72,2,42,NULL,16915.38,0,1,16915.38,0.00,NULL,NULL,0,'2023-12-14 07:30:31','2023-12-14 07:30:31',0),
(344,72,2,43,NULL,87.50,0,1,87.50,0.00,NULL,NULL,0,'2023-12-14 07:30:31','2023-12-14 07:30:31',0),
(345,72,2,338,NULL,15000.00,1,0,0.00,15000.00,NULL,NULL,0,'2023-12-14 07:30:31','2023-12-14 07:30:31',0),
(346,72,2,238,NULL,1915.38,1,1,0.00,1915.38,NULL,NULL,0,'2023-12-14 07:30:31','2023-12-14 07:30:31',0),
(347,72,2,522,NULL,87.50,1,0,0.00,87.50,NULL,NULL,0,'2023-12-14 07:30:31','2023-12-14 07:30:31',0),
(348,72,2,390,NULL,15000.00,0,0,15000.00,0.00,NULL,NULL,0,'2023-12-14 07:30:31','2023-12-14 07:30:31',0),
(349,72,2,82,NULL,15000.00,0,0,0.00,15000.00,NULL,NULL,0,'2023-12-14 07:30:31','2023-12-14 07:30:31',0),
(350,73,2,205,NULL,100000.00,1,0,100000.00,0.00,NULL,NULL,0,'2023-12-15 07:23:19','2023-12-15 07:23:19',1),
(351,73,2,105,NULL,16500.00,0,1,0.00,0.00,NULL,NULL,0,'2023-12-15 07:23:19','2023-12-15 07:23:19',1),
(352,73,2,5,NULL,0.00,0,1,0.00,0.00,NULL,NULL,0,'2023-12-15 07:23:19','2023-12-15 07:23:19',1),
(353,73,2,8,NULL,100000.00,0,1,0.00,100000.00,NULL,NULL,0,'2023-12-15 07:23:19','2023-12-15 07:23:19',1),
(354,73,2,106,NULL,16500.00,0,1,0.00,16500.00,NULL,NULL,0,'2023-12-15 07:23:19','2023-12-15 07:23:19',1),
(355,74,2,205,'',100000.00,0,0,0.00,100000.00,NULL,NULL,0,'2023-12-15 07:25:57','2023-12-15 07:25:57',1),
(356,74,2,105,'',16500.00,1,1,0.00,0.00,NULL,NULL,0,'2023-12-15 07:25:57','2023-12-15 07:25:57',1),
(357,74,2,5,'',0.00,1,1,0.00,0.00,NULL,NULL,0,'2023-12-15 07:25:57','2023-12-15 07:25:57',1),
(358,74,2,8,'',100000.00,1,1,100000.00,0.00,NULL,NULL,0,'2023-12-15 07:25:57','2023-12-15 07:25:57',1),
(359,74,2,106,'',16500.00,1,1,16500.00,0.00,NULL,NULL,0,'2023-12-15 07:25:57','2023-12-15 07:25:57',1),
(360,75,2,205,NULL,100000.00,1,0,100000.00,0.00,NULL,NULL,0,'2023-12-15 07:27:37','2023-12-15 07:27:37',0),
(361,75,2,105,NULL,16500.00,0,1,16500.00,0.00,NULL,NULL,0,'2023-12-15 07:27:37','2023-12-15 07:27:37',0),
(362,75,2,5,NULL,0.00,0,1,0.00,0.00,NULL,NULL,0,'2023-12-15 07:27:37','2023-12-15 07:27:37',0),
(363,75,2,8,NULL,100000.00,0,1,0.00,100000.00,NULL,NULL,0,'2023-12-15 07:27:37','2023-12-15 07:27:37',0),
(364,75,2,106,NULL,16500.00,0,1,0.00,16500.00,NULL,NULL,0,'2023-12-15 07:27:37','2023-12-15 07:27:37',0),
(365,76,2,205,NULL,66500.00,1,0,66500.00,0.00,NULL,NULL,0,'2023-12-15 07:32:36','2023-12-15 07:32:36',0),
(366,76,2,105,NULL,16500.00,0,1,16500.00,0.00,NULL,NULL,0,'2023-12-15 07:32:36','2023-12-15 07:32:36',0),
(367,76,2,5,NULL,0.00,0,1,0.00,0.00,NULL,NULL,0,'2023-12-15 07:32:36','2023-12-15 07:32:36',0),
(368,76,2,8,NULL,66500.00,0,1,0.00,66500.00,NULL,NULL,0,'2023-12-15 07:32:36','2023-12-15 07:32:36',0),
(369,76,2,106,NULL,16500.00,0,1,0.00,16500.00,NULL,NULL,0,'2023-12-15 07:32:36','2023-12-15 07:32:36',0),
(370,77,2,205,NULL,0.00,1,0,0.00,0.00,NULL,NULL,0,'2023-12-18 04:00:44','2023-12-18 04:00:44',0),
(371,77,2,205,NULL,10000.00,1,0,10000.00,0.00,NULL,NULL,0,'2023-12-18 04:00:44','2023-12-18 04:00:44',0),
(372,77,2,105,NULL,0.00,0,1,0.00,0.00,NULL,NULL,0,'2023-12-18 04:00:44','2023-12-18 04:00:44',0),
(373,77,2,5,NULL,0.00,0,1,0.00,0.00,NULL,NULL,0,'2023-12-18 04:00:45','2023-12-18 04:00:45',0),
(374,77,2,8,NULL,10000.00,0,1,0.00,10000.00,NULL,NULL,0,'2023-12-18 04:00:45','2023-12-18 04:00:45',0),
(375,77,2,106,NULL,0.00,0,1,0.00,0.00,NULL,NULL,0,'2023-12-18 04:00:45','2023-12-18 04:00:45',0),
(376,78,2,205,NULL,5000.00,1,0,5000.00,0.00,NULL,NULL,0,'2023-12-18 04:04:16','2023-12-18 04:04:16',0),
(377,78,2,105,NULL,3300.00,0,1,3300.00,0.00,NULL,NULL,0,'2023-12-18 04:04:16','2023-12-18 04:04:16',0),
(378,78,2,5,NULL,0.00,0,1,0.00,0.00,NULL,NULL,0,'2023-12-18 04:04:16','2023-12-18 04:04:16',0),
(379,78,2,8,NULL,5000.00,0,1,0.00,5000.00,NULL,NULL,0,'2023-12-18 04:04:16','2023-12-18 04:04:16',0),
(380,78,2,106,NULL,3300.00,0,1,0.00,3300.00,NULL,NULL,0,'2023-12-18 04:04:16','2023-12-18 04:04:16',0),
(381,79,2,205,NULL,10000.00,1,0,10000.00,0.00,NULL,NULL,0,'2023-12-18 04:06:59','2023-12-18 04:06:59',0),
(382,79,2,105,NULL,0.00,0,1,0.00,0.00,NULL,NULL,0,'2023-12-18 04:06:59','2023-12-18 04:06:59',0),
(383,79,2,5,NULL,0.00,0,1,0.00,0.00,NULL,NULL,0,'2023-12-18 04:06:59','2023-12-18 04:06:59',0),
(384,79,2,8,NULL,10000.00,0,1,0.00,10000.00,NULL,NULL,0,'2023-12-18 04:06:59','2023-12-18 04:06:59',0),
(385,79,2,106,NULL,0.00,0,1,0.00,0.00,NULL,NULL,0,'2023-12-18 04:06:59','2023-12-18 04:06:59',0);

/*Table structure for table `acct_journal_voucher_type` */

DROP TABLE IF EXISTS `acct_journal_voucher_type`;

CREATE TABLE `acct_journal_voucher_type` (
  `acct_journal_voucher_type_id` int NOT NULL AUTO_INCREMENT,
  `type_name` varchar(255) CHARACTER SET utf8mb4 COLLATE utf8mb4_general_ci DEFAULT NULL,
  `created_at` timestamp NOT NULL DEFAULT CURRENT_TIMESTAMP ON UPDATE CURRENT_TIMESTAMP,
  `updated_at` timestamp NULL DEFAULT CURRENT_TIMESTAMP,
  PRIMARY KEY (`acct_journal_voucher_type_id`)
) ENGINE=InnoDB AUTO_INCREMENT=6 DEFAULT CHARSET=utf8mb4 COLLATE=utf8mb4_general_ci;

/*Data for the table `acct_journal_voucher_type` */

insert  into `acct_journal_voucher_type`(`acct_journal_voucher_type_id`,`type_name`,`created_at`,`updated_at`) values 
(1,'jurnal-umum','2023-07-24 14:05:43','2023-07-24 14:05:42'),
(2,'jurnal-pembelian','2023-07-24 14:05:41','2023-07-24 14:05:40'),
(3,'jurnal-penjualan','2023-07-24 14:05:40','2023-07-24 14:05:38'),
(4,'jurnal-kas-dan-bank','2023-07-24 14:05:38','2023-07-24 14:05:36');

/*Table structure for table `acct_payment_schedule` */

DROP TABLE IF EXISTS `acct_payment_schedule`;

CREATE TABLE `acct_payment_schedule` (
  `payment_schedule_id` bigint NOT NULL AUTO_INCREMENT,
  `branch_id` int DEFAULT '0',
  `payment_schedule_name` varchar(200) DEFAULT '',
  `payment_schedule_repeat_every` int DEFAULT '0',
  `payment_schedule_start_date` date DEFAULT NULL,
  `payment_schedule_next_date` date DEFAULT NULL,
  `payment_schedule_last_date` date DEFAULT NULL,
  `payment_schedule_status` int DEFAULT '0',
  `status` int DEFAULT '0',
  `data_state` int DEFAULT '0',
  `created_id` int DEFAULT '0',
  `created_at` datetime DEFAULT NULL,
  `updated_at` timestamp NOT NULL DEFAULT CURRENT_TIMESTAMP ON UPDATE CURRENT_TIMESTAMP,
  PRIMARY KEY (`payment_schedule_id`)
) ENGINE=InnoDB AUTO_INCREMENT=5 DEFAULT CHARSET=utf8mb3;

/*Data for the table `acct_payment_schedule` */

insert  into `acct_payment_schedule`(`payment_schedule_id`,`branch_id`,`payment_schedule_name`,`payment_schedule_repeat_every`,`payment_schedule_start_date`,`payment_schedule_next_date`,`payment_schedule_last_date`,`payment_schedule_status`,`status`,`data_state`,`created_id`,`created_at`,`updated_at`) values 
(3,0,'Biaya Listrik, Telepon dan Air',0,'2019-07-09','2019-09-09','2019-08-27',0,0,0,0,NULL,'2023-06-23 10:52:20'),
(4,0,'Uang Sampah',0,'2019-07-03','2019-08-03',NULL,0,0,0,0,NULL,'2023-06-23 10:52:20');

/*Table structure for table `acct_profit_loss` */

DROP TABLE IF EXISTS `acct_profit_loss`;

CREATE TABLE `acct_profit_loss` (
  `profit_loss_id` bigint NOT NULL AUTO_INCREMENT,
  `branch_id` int DEFAULT '0',
  `profit_loss_amount` decimal(20,2) DEFAULT '0.00',
  `month_period` varchar(2) DEFAULT '0',
  `year_period` year DEFAULT NULL,
  `created_at` datetime DEFAULT NULL,
  `updated_at` timestamp NOT NULL DEFAULT CURRENT_TIMESTAMP ON UPDATE CURRENT_TIMESTAMP,
  PRIMARY KEY (`profit_loss_id`),
  KEY `FK_acct_profit_loss_branch_id` (`branch_id`)
) ENGINE=InnoDB AUTO_INCREMENT=6 DEFAULT CHARSET=utf8mb3;

/*Data for the table `acct_profit_loss` */

/*Table structure for table `acct_profit_loss_report` */

DROP TABLE IF EXISTS `acct_profit_loss_report`;

CREATE TABLE `acct_profit_loss_report` (
  `profit_loss_report_id` bigint NOT NULL AUTO_INCREMENT,
  `report_no` int DEFAULT '0',
  `account_type_id` int DEFAULT '0',
  `account_id` int DEFAULT '0',
  `account_code` varchar(20) DEFAULT '',
  `account_name` varchar(100) DEFAULT '',
  `report_formula` text,
  `report_operator` text,
  `report_type` int DEFAULT '0' COMMENT '1 : TITLE, 2 : SUBTITLE, 3 : LOOP, 4 : OPENING, 5 :SUBTOTAL, 6 : TOTAL',
  `report_tab` int DEFAULT '0',
  `report_bold` int DEFAULT '0',
  `amount_tab` int NOT NULL DEFAULT '0',
  `data_state` int DEFAULT '0',
  `created_id` int DEFAULT '0',
  `created_at` datetime DEFAULT NULL,
  `updated_at` timestamp NOT NULL DEFAULT CURRENT_TIMESTAMP,
  PRIMARY KEY (`profit_loss_report_id`),
  KEY `account_type_id` (`account_type_id`),
  KEY `account_id` (`account_id`),
  KEY `report_no` (`report_no`)
) ENGINE=InnoDB AUTO_INCREMENT=216 DEFAULT CHARSET=utf8mb3;

/*Data for the table `acct_profit_loss_report` */

insert  into `acct_profit_loss_report`(`profit_loss_report_id`,`report_no`,`account_type_id`,`account_id`,`account_code`,`account_name`,`report_formula`,`report_operator`,`report_type`,`report_tab`,`report_bold`,`amount_tab`,`data_state`,`created_id`,`created_at`,`updated_at`) values 
(1,1,0,321,'40000000','Pendapatan','0','0',1,1,1,0,0,0,'0000-00-00 00:00:00','2023-06-23 10:52:20'),
(2,2,0,322,'41000000','Pendapatan Anggota','0','0',3,3,0,0,0,0,'0000-00-00 00:00:00','2023-06-23 10:52:20'),
(3,3,0,323,'41010000','Penjualan Barang Anggota','0','0',3,3,0,0,0,0,'0000-00-00 00:00:00','2023-06-23 10:52:20'),
(4,4,0,324,'41010100','Penjualan Barang Dagang Anggota','0','0',3,3,0,0,0,0,'0000-00-00 00:00:00','2023-06-23 10:52:20'),
(5,5,0,325,'41010101','Penjualan Barang Dagang Anggota - BKP','0','0',3,3,0,0,0,0,'0000-00-00 00:00:00','2023-06-23 10:52:20'),
(6,6,0,326,'41010102','Penjualan Barang Dagang Anggota - Non BKP','0','0',3,3,0,0,0,0,'0000-00-00 00:00:00','2023-06-23 10:52:20'),
(7,7,0,327,'41020000','Pendapatan Jasa Anggota','0','0',3,3,0,0,0,0,'0000-00-00 00:00:00','2023-06-23 10:52:20'),
(8,8,0,328,'41020100','Pendapatan Jasa Anggota Koperasi','0','0',3,3,0,0,0,0,'0000-00-00 00:00:00','2023-06-23 10:52:20'),
(9,9,0,329,'41020101','Pendapatan Jasa Pembayaran PLN/PDAM/Telp','0','0',3,3,0,0,0,0,'0000-00-00 00:00:00','2023-06-23 10:52:20'),
(10,10,0,330,'41020102','Pendapatan Jasa Pembayaran Surat Kendaraan','0','0',3,3,0,0,0,0,'0000-00-00 00:00:00','2023-06-23 10:52:20'),
(11,11,0,331,'41020103','Pendapatan Jasa Bunga Simpin','0','0',3,3,0,0,0,0,'0000-00-00 00:00:00','2023-06-23 10:52:20'),
(12,12,0,332,'41020104','Pendapatan Jasa Sewa Mobil Anggota','0','0',3,3,0,0,0,0,'0000-00-00 00:00:00','2023-06-23 10:52:20'),
(13,13,0,333,'41020105','Pendapatan Jasa Elektronik','0','0',3,3,0,0,0,0,'0000-00-00 00:00:00','2023-06-23 10:52:20'),
(14,14,0,334,'41020106','Pendapatan Jasa Uang Barang','0','0',3,3,0,0,0,0,'0000-00-00 00:00:00','2023-06-23 10:52:20'),
(15,15,0,335,'42000000','Pendapatan Non Anggota','0','0',3,3,0,0,0,0,'0000-00-00 00:00:00','2023-06-23 10:52:20'),
(16,16,0,336,'42010000','Penjualan Barang Non Anggota','0','0',3,3,0,0,0,0,'0000-00-00 00:00:00','2023-06-23 10:52:20'),
(17,17,0,337,'42010100','Penjualan Barang Dagang Non Anggota','0','0',3,3,0,0,0,0,'0000-00-00 00:00:00','2023-06-23 10:52:20'),
(18,18,0,338,'42010101','Penjualan Barang Dagang Non Anggota Apotek','0','0',3,3,0,0,0,0,'0000-00-00 00:00:00','2023-06-23 10:52:20'),
(19,19,0,339,'42010102','Penjualan Barang Dagang Non Anggota - Non BKP','0','0',3,3,0,0,0,0,'0000-00-00 00:00:00','2023-06-23 10:52:20'),
(20,20,0,340,'42020000','Pendapatan Jasa Non Anggota','0','0',3,3,0,0,0,0,'0000-00-00 00:00:00','2023-06-23 10:52:20'),
(21,21,0,341,'42020100','Pendapatan Jasa Non Anggota Koperasi','0','0',3,3,0,0,0,0,'0000-00-00 00:00:00','2023-06-23 10:52:20'),
(22,22,0,342,'42020101','Pendapatan Jasa Non Anggota Sewa Mobil','0','0',3,3,0,0,0,0,'0000-00-00 00:00:00','2023-06-23 10:52:20'),
(23,23,0,343,'42020102','Pendapatan Jasa Non Anggota Sewa Gen Set','0','0',3,3,0,0,0,0,'0000-00-00 00:00:00','2023-06-23 10:52:20'),
(24,24,0,344,'42020103','Pendapatan Jasa Non Anggota Fotocopy','0','0',3,3,0,0,0,0,'0000-00-00 00:00:00','2023-06-23 10:52:20'),
(25,25,0,345,'42020104','Pendapatan Jasa Non Anggota Perumahan','0','0',3,3,0,0,0,0,'0000-00-00 00:00:00','2023-06-23 10:52:20'),
(26,26,0,346,'42020105','Pendapatan Jasa Non Anggota Alfamart','0','0',3,3,0,0,0,0,'0000-00-00 00:00:00','2023-06-23 10:52:20'),
(27,27,0,347,'43000000','Pendapatan Usaha Lainnya','0','0',3,3,0,0,0,0,'0000-00-00 00:00:00','2023-06-23 10:52:20'),
(28,28,0,348,'43010000','Pendapatan Usaha Lainnya Anggota','0','0',3,3,0,0,0,0,'0000-00-00 00:00:00','2023-06-23 10:52:20'),
(29,29,0,349,'43010100','Pendapatan Usaha Lainnya Anggota','0','0',3,3,0,0,0,0,'0000-00-00 00:00:00','2023-06-23 10:52:20'),
(30,30,0,350,'43010101','Pendapatan Adm Pinjaman','0','0',3,3,0,0,0,0,'0000-00-00 00:00:00','2023-06-23 10:52:20'),
(31,31,0,351,'43020000','Pendapatan Usaha Lainnya Non Anggota','0','0',3,3,0,0,0,0,'0000-00-00 00:00:00','2023-06-23 10:52:20'),
(32,32,0,352,'43020001','Pendapatan Jasa Non Anggota Lainnya','0','0',3,3,0,0,0,0,'0000-00-00 00:00:00','2023-06-23 10:52:20'),
(33,33,0,353,'43020100','Pendapatan Usaha Lainnya Non Anggota Alfamart','0','0',3,3,0,0,0,0,'0000-00-00 00:00:00','2023-06-23 10:52:20'),
(34,34,0,354,'43020101','Pendapatan Usaha Lainnya Alfamart Selisih Kas','0','0',3,3,0,0,0,0,'0000-00-00 00:00:00','2023-06-23 10:52:20'),
(35,35,0,355,'44000000','Retur Penjualan & Potongan Penjualan Anggota','0','0',3,3,0,0,0,0,'0000-00-00 00:00:00','2023-06-23 10:52:20'),
(36,36,0,356,'44010000','Retur Penjualan & Potongan Penjualan Barang Anggot','0','0',3,3,0,0,0,0,'0000-00-00 00:00:00','2023-06-23 10:52:20'),
(37,37,0,357,'44010100','Retur Penjualan Barang Anggota','0','0',3,3,0,0,0,0,'0000-00-00 00:00:00','2023-06-23 10:52:20'),
(38,38,0,358,'44010101','Retur Penjualan Anggota Barang BKP','0','0',3,3,0,0,0,0,'0000-00-00 00:00:00','2023-06-23 10:52:20'),
(39,39,0,359,'44010102','Retur Penjualan Anggota Barang Non BKP','0','0',3,3,0,0,0,0,'0000-00-00 00:00:00','2023-06-23 10:52:20'),
(40,40,0,360,'44010200','Potongan Penjualan Barang Anggota','0','0',3,3,0,0,0,0,'0000-00-00 00:00:00','2023-06-23 10:52:20'),
(41,41,0,361,'44010201','Potongan Penjualan Anggota Barang BKP','0','0',3,3,0,0,0,0,'0000-00-00 00:00:00','2023-06-23 10:52:20'),
(42,42,0,362,'44010202','Potongan Penjualan Anggota Barang Non BKP','0','0',3,3,0,0,0,0,'0000-00-00 00:00:00','2023-06-23 10:52:20'),
(43,43,0,363,'45000000','Retur Penjualan & Potongan Penjualan Non Anggota','0','0',3,3,0,0,0,0,'0000-00-00 00:00:00','2023-06-23 10:52:20'),
(44,44,0,364,'45010000','Retur Penjualan & Potongan Penjualan Barang Non An','0','0',3,3,0,0,0,0,'0000-00-00 00:00:00','2023-06-23 10:52:20'),
(45,45,0,365,'45010100','Retur Penjualan Barang Non Anggota','0','0',3,3,0,0,0,0,'0000-00-00 00:00:00','2023-06-23 10:52:20'),
(46,46,0,366,'45010101','Retur Penjualan Barang Non Anggota Apotek','0','0',3,3,0,0,0,0,'0000-00-00 00:00:00','2023-06-23 10:52:20'),
(47,47,0,367,'45010200','Potongan Penjualan Barang Non Anggota','0','0',3,3,0,0,0,0,'0000-00-00 00:00:00','2023-06-23 10:52:20'),
(48,48,0,368,'45010201','Potongan Penjualan Barang Non Anggota Apotek','','0',3,3,0,0,0,0,'0000-00-00 00:00:00','2023-06-23 10:52:20'),
(49,49,0,369,'49999999','Total Pendapatan Usaha','2#3#4#5#6#7#8#9#10#11#12#13#14#15#16#17#18#19#20#21#22#23#24#25#26#27#28#29#30#31#32#33#34#35#36#37#38#39#40#41#42#43#44#45#46#47#48','+#+#+#+#+#+#+#+#+#+#+#+#+#+#+#+#+#+#+#+#+#+#+#+#+#+#+#+#+#+#+#+#+#-#+#+#+#+#+#+#+#+#+#+#+#+#+',5,0,1,0,0,0,'0000-00-00 00:00:00','2023-06-23 10:52:20'),
(50,50,0,370,'50000000','Beban Pokok','0','0',1,1,1,0,0,0,'0000-00-00 00:00:00','2023-06-23 10:52:20'),
(51,51,0,371,'51000000','Beban Pokok Anggota','0','0',3,3,0,0,0,0,'0000-00-00 00:00:00','2023-06-23 10:52:20'),
(52,52,0,372,'51010000','Beban Pokok Penjualan Anggota','0','0',3,3,0,0,0,0,'0000-00-00 00:00:00','2023-06-23 10:52:20'),
(53,53,0,373,'51010100','Beban Pokok Penjualan Barang Anggota','0','0',3,3,0,0,0,0,'0000-00-00 00:00:00','2023-06-23 10:52:20'),
(54,54,0,374,'51010101','Beban Pokok Penjualan Barang Anggota BKP','0','0',3,3,0,0,0,0,'0000-00-00 00:00:00','2023-06-23 10:52:20'),
(55,55,0,375,'51010102','Beban Pokok Penjualan Barang Anggota Non BK','0','0',3,3,0,0,0,0,'0000-00-00 00:00:00','2023-06-23 10:52:20'),
(56,56,0,376,'51010103','Beban Penghapusan Persediaan Barang Anggota','0','0',3,3,0,0,0,0,'0000-00-00 00:00:00','2023-06-23 10:52:20'),
(57,57,0,377,'51020000','Beban Pokok Pelayanan Anggota','0','0',3,3,0,0,0,0,'0000-00-00 00:00:00','2023-06-23 10:52:20'),
(58,58,0,378,'51020100','Beban Pokok Pelayanan Jasa Anggota','0','0',3,3,0,0,0,0,'0000-00-00 00:00:00','2023-06-23 10:52:20'),
(59,59,0,379,'51020101','Beban Pokok Pelayanan Jasa Anggota Simpin','0','0',3,3,0,0,0,0,'0000-00-00 00:00:00','2023-06-23 10:52:20'),
(60,60,0,380,'51030000','Beban Bunga Simpanan','0','0',3,3,0,0,0,0,'0000-00-00 00:00:00','2023-06-23 10:52:20'),
(61,61,0,381,'51030100','Beban Bunga Simpanan Pajak','0','0',3,3,0,0,0,0,'0000-00-00 00:00:00','2023-06-23 10:52:20'),
(62,62,0,382,'51030101','Beban Bunga Simpanan Pajak','0','0',3,3,0,0,0,0,'0000-00-00 00:00:00','2023-06-23 10:52:20'),
(63,63,0,383,'51030200','Beban Bunga Simpanan Non Pajak','0','0',3,3,0,0,0,0,'0000-00-00 00:00:00','2023-06-23 10:52:20'),
(64,64,0,384,'51030201','Beban Bunga Simpanan Non Pajak','0','0',3,3,0,0,0,0,'0000-00-00 00:00:00','2023-06-23 10:52:20'),
(65,65,0,385,'51040000','Beban Bunga Pinjaman Bank','0','0',3,3,0,0,0,0,'0000-00-00 00:00:00','2023-06-23 10:52:20'),
(66,66,0,386,'51040100','Beban Bunga Pinjaman Anggota','0','0',3,3,0,0,0,0,'0000-00-00 00:00:00','2023-06-23 10:52:20'),
(67,67,0,387,'52000000','Beban Pokok Non Anggota','0','0',3,3,0,0,0,0,'0000-00-00 00:00:00','2023-06-23 10:52:20'),
(68,68,0,388,'52010000','Beban Pokok Penjualan Non Anggota','0','0',3,3,0,0,0,0,'0000-00-00 00:00:00','2023-06-23 10:52:20'),
(69,69,0,389,'52010100','Beban Pokok Penjualan Barang Non Anggota','0','0',3,3,0,0,0,0,'0000-00-00 00:00:00','2023-06-23 10:52:20'),
(70,70,0,390,'52010101','Beban Pokok Penjualan Barang Non Anggota','0','0',3,3,0,0,0,0,'0000-00-00 00:00:00','2023-06-23 10:52:20'),
(71,71,0,391,'52010102','Beban Penghapusan Persediaan Barang Non Anggota','0','0',3,3,0,0,0,0,'0000-00-00 00:00:00','2023-06-23 10:52:20'),
(72,72,0,392,'52010200','Beban Pokok Penjualan Perumahan','0','0',3,3,0,0,0,0,'0000-00-00 00:00:00','2023-06-23 10:52:20'),
(73,73,0,393,'52010201','Beban Pokok Penjualan Perumahan','0','0',3,3,0,0,0,0,'0000-00-00 00:00:00','2023-06-23 10:52:20'),
(74,74,0,394,'52020000','Beban Pokok Pelayanan Non Anggota','0','0',3,3,0,0,0,0,'0000-00-00 00:00:00','2023-06-23 10:52:20'),
(75,75,0,395,'52020100','Beban Sewa','0','0',3,3,0,0,0,0,'0000-00-00 00:00:00','2023-06-23 10:52:20'),
(76,76,0,396,'52020101','Beban Sewa Mobil','0','0',3,3,0,0,0,0,'0000-00-00 00:00:00','2023-06-23 10:52:20'),
(77,77,0,397,'52020102','Beban Sewa Mesin Fotocopy','0','0',3,3,0,0,0,0,'0000-00-00 00:00:00','2023-06-23 10:52:20'),
(78,78,0,398,'52020200','Beban Asuransi','0','0',3,3,0,0,0,0,'0000-00-00 00:00:00','2023-06-23 10:52:20'),
(79,79,0,399,'52020201','Beban Asuransi Mobil Sewa','0','0',3,3,0,0,0,0,'0000-00-00 00:00:00','2023-06-23 10:52:20'),
(80,80,0,400,'52020202','Beban Asuransi Gen Set Sewa','0','0',3,3,0,0,0,0,'0000-00-00 00:00:00','2023-06-23 10:52:20'),
(81,81,0,401,'52020300','Beban Penyusutan','0','0',3,3,0,0,0,0,'0000-00-00 00:00:00','2023-06-23 10:52:20'),
(82,82,0,402,'52020301','Beban Penyusutan Mobil Sewa','0','0',3,3,0,0,0,0,'0000-00-00 00:00:00','2023-06-23 10:52:20'),
(83,83,0,403,'52020302','Beban Penyusutan Gen Set Sewa','0','0',3,3,0,0,0,0,'0000-00-00 00:00:00','2023-06-23 10:52:20'),
(84,84,0,404,'52020500','Beban Pajak','0','0',3,3,0,0,0,0,'0000-00-00 00:00:00','2023-06-23 10:52:20'),
(85,85,0,405,'52020501','Beban Pajak Mobil Sewa','0','0',3,3,0,0,0,0,'0000-00-00 00:00:00','2023-06-23 10:52:20'),
(86,86,0,406,'52020600','Beban Perlengkapan','0','0',3,3,0,0,0,0,'0000-00-00 00:00:00','2023-06-23 10:52:20'),
(87,87,0,407,'52020601','Beban Perlengkapan Habis Pakai Fotocopy','0','0',3,3,0,0,0,0,'0000-00-00 00:00:00','2023-06-23 10:52:20'),
(88,88,0,408,'52020700','Beban Pemeliharaan','0','0',3,3,0,0,0,0,'0000-00-00 00:00:00','2023-06-23 10:52:20'),
(89,89,0,409,'52020701','Beban Pemeliharaan Mobil Sewa','0','0',3,3,0,0,0,0,'0000-00-00 00:00:00','2023-06-23 10:52:20'),
(90,90,0,410,'52020702','Beban Pemeliharaan Gen Set Sewa','0','0',3,3,0,0,0,0,'0000-00-00 00:00:00','2023-06-23 10:52:20'),
(91,91,0,411,'52020800','Beban Bunga Pinjaman Bank','0','0',3,3,0,0,0,0,'0000-00-00 00:00:00','2023-06-23 10:52:20'),
(92,92,0,412,'52020801','Beban Bunga Pinjaman Non Anggota','0','0',3,3,0,0,0,0,'0000-00-00 00:00:00','2023-06-23 10:52:20'),
(93,93,0,413,'53000000','Beban Pokok Usaha Lainnya','0','0',3,3,0,0,0,0,'0000-00-00 00:00:00','2023-06-23 10:52:20'),
(94,94,0,414,'53010000','Beban Pokok Usaha Lainnya Anggota','0','0',3,3,0,0,0,0,'0000-00-00 00:00:00','2023-06-23 10:52:20'),
(95,95,0,415,'53020000','Beban Pokok Usaha Lainnya Non Anggota','0','0',3,3,0,0,0,0,'0000-00-00 00:00:00','2023-06-23 10:52:20'),
(96,96,0,416,'53020001','Beban Gaji/THR/Bonus','0','0',3,3,0,0,0,0,'0000-00-00 00:00:00','2023-06-23 10:52:20'),
(97,97,0,417,'53020002','Beban BPJS Ketenagakerjaan','0','0',3,3,0,0,0,0,'0000-00-00 00:00:00','2023-06-23 10:52:20'),
(98,98,0,418,'53020004','Beban BPJS Kesehatan','0','0',3,3,0,0,0,0,'0000-00-00 00:00:00','2023-06-23 10:52:20'),
(99,99,0,419,'53020005','Beban Seragam Kerja','0','0',3,3,0,0,0,0,'0000-00-00 00:00:00','2023-06-23 10:52:20'),
(100,100,0,420,'53020006','Beban Kompensasi','0','0',3,3,0,0,0,0,'0000-00-00 00:00:00','2023-06-23 10:52:20'),
(101,101,0,421,'59999998','Total HPP','51#52#53#54#55#56#57#58#59#60#61#62#63#64#65#66#67#68#69#70#71#72#73#74#75#76#77#78#79#80#81#82#83#84#85#86#87#88#89#90#91#92#93#94#95#96#97#98#99#100','+#+#+#+#+#+#+#+#+#+#+#+#+#+#+#+#+#+#+#+#+#+#+#+#+#+#+#+#+#+#+#+#+#+#+#+#+#+#+#+#+#+#+#+#+#+#+#+#+#+',5,0,1,0,0,0,'0000-00-00 00:00:00','2023-06-23 10:52:20'),
(102,102,0,422,'59999999','Total Laba Kotor','2#3#4#5#6#7#8#9#10#11#12#13#14#15#16#17#18#19#20#21#22#23#24#25#26#27#28#29#30#31#32#33#34#35#36#37#38#39#40#41#42#43#44#45#46#47#48#51#52#53#54#55#56#57#58#59#60#61#62#63#64#65#66#67#68#69#70#71#72#73#74#75#76#77#78#79#80#81#82#83#84#85#86#87#88#89#90#91#92#93#94#95#96#97#98#99#100','+#+#+#+#+#+#+#+#+#+#+#+#+#+#+#+#+#+#+#+#+#+#+#+#+#+#+#+#+#+#+#+#+#-#+#+#+#+#+#+#+#+#+#+#+#+#+#-#+#+#+#+#+#+#+#+#+#+#+#+#+#+#+#+#+#+#+#+#+#+#+#+#+#+#+#+#+#+#+#+#+#+#+#+#+#+#+#+#+#+#+#+#+#+#+#+#+',5,0,1,0,0,0,'0000-00-00 00:00:00','2023-06-23 10:52:20'),
(103,103,0,423,'60000000','Beban Operasional','0','0',1,1,1,0,0,0,'0000-00-00 00:00:00','2023-06-23 10:52:20'),
(104,104,0,424,'61000000','Beban Usaha','0','0',3,3,0,0,0,0,'0000-00-00 00:00:00','2023-06-23 10:52:20'),
(105,105,0,425,'61010000','Beban Tenaga Kerja','0','0',3,3,0,0,0,0,'0000-00-00 00:00:00','2023-06-23 10:52:20'),
(106,106,0,426,'61010100','Beban Gaji, Upah, dan Bonus','0','0',3,3,0,0,0,0,'0000-00-00 00:00:00','2023-06-23 10:52:20'),
(107,107,0,427,'61010101','Beban Gaji, Upah, dan Bonus','0','0',3,3,0,0,0,0,'0000-00-00 00:00:00','2023-06-23 10:52:20'),
(108,108,0,428,'61010200','Beban Tunjangan Karyawan','0','0',3,3,0,0,0,0,'0000-00-00 00:00:00','2023-06-23 10:52:20'),
(109,109,0,429,'61010201','Beban Tunjangan PPh ps.21 Karyawan','0','0',3,3,0,0,0,0,'0000-00-00 00:00:00','2023-06-23 10:52:20'),
(110,110,0,430,'61010202','Beban Tunjangan BPJS Kesehatan Karyawan','0','0',3,3,0,0,0,0,'0000-00-00 00:00:00','2023-06-23 10:52:20'),
(111,111,0,431,'61010203','Beban Tunjangan BPJS Ketenagakerjaan Karyawan','0','0',3,3,0,0,0,0,'0000-00-00 00:00:00','2023-06-23 10:52:20'),
(112,112,0,432,'61010204','Beban Tunjangan Seragam Karyawan','0','0',3,3,0,0,0,0,'0000-00-00 00:00:00','2023-06-23 10:52:20'),
(113,113,0,433,'61010205','Beban Tunjangan Hari Raya Karyawan','0','0',3,3,0,0,0,0,'0000-00-00 00:00:00','2023-06-23 10:52:20'),
(114,114,0,434,'61010206','Beban Tunjangan Pensiun Karyawan','0','0',3,3,0,0,0,0,'0000-00-00 00:00:00','2023-06-23 10:52:20'),
(115,115,0,435,'61010207','Beban Tunjangan Rekreasi Karyawan','0','0',3,3,0,0,0,0,'0000-00-00 00:00:00','2023-06-23 10:52:20'),
(116,116,0,436,'61010208','Beban Tunjangan Pendidikan Karyawan','0','0',3,3,0,0,0,0,'0000-00-00 00:00:00','2023-06-23 10:52:20'),
(117,117,0,437,'62000000','Beban Administrasi','0','0',3,3,0,0,0,0,'0000-00-00 00:00:00','2023-06-23 10:52:20'),
(118,118,0,438,'62010000','Beban Administrasi','0','0',3,3,0,0,0,0,'0000-00-00 00:00:00','2023-06-23 10:52:20'),
(119,119,0,439,'62010100','Beban Alat Tulis Kantor','0','0',3,3,0,0,0,0,'0000-00-00 00:00:00','2023-06-23 10:52:20'),
(120,120,0,440,'62010101','Beban Alat Tulis Kantor','0','0',3,3,0,0,0,0,'0000-00-00 00:00:00','2023-06-23 10:52:20'),
(121,121,0,441,'62010200','Beban Perizinan','0','0',3,3,0,0,0,0,'0000-00-00 00:00:00','2023-06-23 10:52:20'),
(122,122,0,442,'62010201','Beban Perizinan','0','0',3,3,0,0,0,0,'0000-00-00 00:00:00','2023-06-23 10:52:20'),
(123,123,0,443,'62010300','Beban Materai','0','0',3,3,0,0,0,0,'0000-00-00 00:00:00','2023-06-23 10:52:20'),
(124,124,0,444,'62010301','Beban Materai','0','0',3,3,0,0,0,0,'0000-00-00 00:00:00','2023-06-23 10:52:20'),
(125,125,0,445,'62010302','Beban Kirim Surat / Barang','0','0',3,3,0,0,0,0,'0000-00-00 00:00:00','2023-06-23 10:52:20'),
(126,126,0,446,'62010303','Beban Fotocopy','0','0',3,3,0,0,0,0,'0000-00-00 00:00:00','2023-06-23 10:52:20'),
(127,127,0,447,'62010400','Beban Administrasi Kantor','0','0',3,3,0,0,0,0,'0000-00-00 00:00:00','2023-06-23 10:52:20'),
(128,128,0,448,'62010401','Beban Administrasi Kantor','0','0',3,3,0,0,0,0,'0000-00-00 00:00:00','2023-06-23 10:52:20'),
(129,129,0,449,'62010500','Beban Listrik, Air, dan Telepon','0','0',3,3,0,0,0,0,'0000-00-00 00:00:00','2023-06-23 10:52:20'),
(130,130,0,450,'62010501','Beban Listrik, Air, dan Telepon','0','0',3,3,0,0,0,0,'0000-00-00 00:00:00','2023-06-23 10:52:20'),
(131,131,0,451,'62010600','Beban Transportasi Karyawan','0','0',3,3,0,0,0,0,'0000-00-00 00:00:00','2023-06-23 10:52:20'),
(132,132,0,452,'62010601','Beban Transportasi Karyawan','0','0',3,3,0,0,0,0,'0000-00-00 00:00:00','2023-06-23 10:52:20'),
(133,133,0,453,'62010700','Beban Sumbangan dan Iuran','0','0',3,3,0,0,0,0,'0000-00-00 00:00:00','2023-06-23 10:52:20'),
(134,134,0,454,'62010701','Beban Sumbangan dan Iuran','0','0',3,3,0,0,0,0,'0000-00-00 00:00:00','2023-06-23 10:52:20'),
(135,135,0,455,'62010800','Beban Perlengkapan Habis Pakai','0','0',3,3,0,0,0,0,'0000-00-00 00:00:00','2023-06-23 10:52:20'),
(136,136,0,456,'62010801','Beban Perlengkapan','0','0',3,3,0,0,0,0,'0000-00-00 00:00:00','2023-06-23 10:52:20'),
(137,137,0,457,'62010802','Beban Pengemasan','0','0',3,3,0,0,0,0,'0000-00-00 00:00:00','2023-06-23 10:52:20'),
(138,138,0,458,'62010900','Beban Sewa Operasional','0','0',3,3,0,0,0,0,'0000-00-00 00:00:00','2023-06-23 10:52:20'),
(139,139,0,459,'62010901','Beban Sewa Operasional','0','0',3,3,0,0,0,0,'0000-00-00 00:00:00','2023-06-23 10:52:20'),
(140,140,0,460,'62011000','Beban Pajak','0','0',3,3,0,0,0,0,'0000-00-00 00:00:00','2023-06-23 10:52:20'),
(141,141,0,461,'62011001','Beban Sanksi Adminitrasi Pajak','0','0',3,3,0,0,0,0,'0000-00-00 00:00:00','2023-06-23 10:52:20'),
(142,142,0,462,'62011002','Beban PPh 4 (2)','0','0',3,3,0,0,0,0,'0000-00-00 00:00:00','2023-06-23 10:52:20'),
(143,143,0,463,'62011003','Beban PPh 29','0','0',3,3,0,0,0,0,'0000-00-00 00:00:00','2023-06-23 10:52:20'),
(144,144,0,464,'62011100','Beban Penyisihan Kerugian Piutang','0','0',3,3,0,0,0,0,'0000-00-00 00:00:00','2023-06-23 10:52:20'),
(145,145,0,465,'62011101','Beban Penyisihan Kerugian Piutang','0','0',3,3,0,0,0,0,'0000-00-00 00:00:00','2023-06-23 10:52:20'),
(146,146,0,466,'62011102','Beban Penghapusan Persediaan','0','0',3,3,0,0,0,0,'0000-00-00 00:00:00','2023-06-23 10:52:20'),
(147,147,0,467,'62011103','Beban Penyisihan Piutang Tak Tertagih','0','0',3,3,0,0,0,0,'0000-00-00 00:00:00','2023-06-23 10:52:20'),
(148,148,0,468,'62011200','Beban Iklan dan Promosi','0','0',3,3,0,0,0,0,'0000-00-00 00:00:00','2023-06-23 10:52:20'),
(149,149,0,469,'62011201','Beban Iklan dan Promosi','0','0',3,3,0,0,0,0,'0000-00-00 00:00:00','2023-06-23 10:52:20'),
(150,150,0,470,'62011202','Beban Hadiah','0','0',3,3,0,0,0,0,'0000-00-00 00:00:00','2023-06-23 10:52:20'),
(151,151,0,471,'62011300','Beban Administrasi Lain-lain','0','0',3,3,0,0,0,0,'0000-00-00 00:00:00','2023-06-23 10:52:20'),
(152,152,0,472,'62011301','Beban Administrasi Lain-lain','0','0',3,3,0,0,0,0,'0000-00-00 00:00:00','2023-06-23 10:52:20'),
(153,153,0,473,'63000000','Beban Perkoperasian','0','0',3,3,0,0,0,0,'0000-00-00 00:00:00','2023-06-23 10:52:20'),
(154,154,0,474,'63010000','Beban Perkoperasian Anggota','0','0',3,3,0,0,0,0,'0000-00-00 00:00:00','2023-06-23 10:52:20'),
(155,155,0,475,'63010100','Beban Perkoperasian Anggota','0','0',3,3,0,0,0,0,'0000-00-00 00:00:00','2023-06-23 10:52:20'),
(156,156,0,476,'63010101','Beban Rapat dan RAT','0','0',3,3,0,0,0,0,'0000-00-00 00:00:00','2023-06-23 10:52:20'),
(157,157,0,477,'63010200','Beban Perjalanan Dinas Luar Kota/Luar Negeri','0','0',3,3,0,0,0,0,'0000-00-00 00:00:00','2023-06-23 10:52:20'),
(158,158,0,478,'63010201','Beban Perjalanan Dinas Luar Kota/Luar Negeri','0','0',3,3,0,0,0,0,'0000-00-00 00:00:00','2023-06-23 10:52:20'),
(159,159,0,479,'63010300','Beban Honor Pengurus','0','0',3,3,0,0,0,0,'0000-00-00 00:00:00','2023-06-23 10:52:20'),
(160,160,0,480,'63010301','Beban Honor Pengurus','0','0',3,3,0,0,0,0,'0000-00-00 00:00:00','2023-06-23 10:52:20'),
(161,161,0,481,'63010400','Beban Fee Manajemen/Profesional','0','0',3,3,0,0,0,0,'0000-00-00 00:00:00','2023-06-23 10:52:20'),
(162,162,0,482,'63010401','Beban Fee Manajemen/Profesional','0','0',3,3,0,0,0,0,'0000-00-00 00:00:00','2023-06-23 10:52:20'),
(163,163,0,483,'64000000','Beban Aset','0','0',3,3,0,0,0,0,'0000-00-00 00:00:00','2023-06-23 10:52:20'),
(164,164,0,484,'64010000','Beban Pemeliharaan Gedung','0','0',3,3,0,0,0,0,'0000-00-00 00:00:00','2023-06-23 10:52:20'),
(165,165,0,485,'64010100','Beban Pemeliharaan Gedung','0','0',3,3,0,0,0,0,'0000-00-00 00:00:00','2023-06-23 10:52:20'),
(166,166,0,486,'64010101','Beban Pemeliharaan Gedung','0','0',3,3,0,0,0,0,'0000-00-00 00:00:00','2023-06-23 10:52:20'),
(167,167,0,487,'64010200','Beban Pemeliharaan Kendaraan Operasional','0','0',3,3,0,0,0,0,'0000-00-00 00:00:00','2023-06-23 10:52:20'),
(168,168,0,488,'64010201','Beban Pemeliharaan Kendaraan Operasional','0','0',3,3,0,0,0,0,'0000-00-00 00:00:00','2023-06-23 10:52:20'),
(169,169,0,489,'64010300','Beban Pemeliharaan Inventaris','0','0',3,3,0,0,0,0,'0000-00-00 00:00:00','2023-06-23 10:52:20'),
(170,170,0,490,'64010301','Beban Pemeliharaan Inventaris','0','0',3,3,0,0,0,0,'0000-00-00 00:00:00','2023-06-23 10:52:20'),
(171,171,0,491,'64010400','Beban Penyusutan Bangunan','0','0',3,3,0,0,0,0,'0000-00-00 00:00:00','2023-06-23 10:52:20'),
(172,172,0,492,'64010401','Beban Penyusutan Bangunan','0','0',3,3,0,0,0,0,'0000-00-00 00:00:00','2023-06-23 10:52:20'),
(173,173,0,493,'64010500','Beban Penyusutan Kendaraan Operasional','0','0',3,3,0,0,0,0,'0000-00-00 00:00:00','2023-06-23 10:52:20'),
(174,174,0,494,'64010501','Beban Penyusutan Kendaraan Operasional','0','0',3,3,0,0,0,0,'0000-00-00 00:00:00','2023-06-23 10:52:20'),
(175,175,0,495,'64010600','Beban Penyusutan Inventaris Kantor','0','0',3,3,0,0,0,0,'0000-00-00 00:00:00','2023-06-23 10:52:20'),
(176,176,0,496,'64010601','Beban Penyusutan Inventaris Kantor','0','0',3,3,0,0,0,0,'0000-00-00 00:00:00','2023-06-23 10:52:20'),
(177,177,0,497,'64010700','Beban Asuransi','0','0',3,3,0,0,0,0,'0000-00-00 00:00:00','2023-06-23 10:52:20'),
(178,178,0,498,'64010701','Beban Asuransi','0','0',3,3,0,0,0,0,'0000-00-00 00:00:00','2023-06-23 10:52:20'),
(179,179,0,499,'64010800','Beban Pajak Kendaraan Operasional','0','0',3,3,0,0,0,0,'0000-00-00 00:00:00','2023-06-23 10:52:20'),
(180,180,0,500,'64010801','Beban Pajak Kendaraan Operasional','0','0',3,3,0,0,0,0,'0000-00-00 00:00:00','2023-06-23 10:52:20'),
(181,181,0,501,'64010900','Beban Aset Lainnya','0','0',3,3,0,0,0,0,'0000-00-00 00:00:00','2023-06-23 10:52:20'),
(182,182,0,502,'64010901','Beban Penyusutan Bangunan','0','0',3,3,0,0,0,0,'0000-00-00 00:00:00','2023-06-23 10:52:20'),
(183,183,0,503,'64010902','Beban Penyusutan Inventaris','0','0',3,3,0,0,0,0,'0000-00-00 00:00:00','2023-06-23 10:52:20'),
(184,184,0,504,'64010903','Beban Penyusutan Francise','0','0',3,3,0,0,0,0,'0000-00-00 00:00:00','2023-06-23 10:52:20'),
(185,185,0,505,'69999998','Total Biaya Usaha','104#105#106#107#108#109#110#111#112#113#114#115#116#117#118#119#120#121#122#123#124#125#126#127#128#129#130#131#132#133#134#135#136#137#138#139#140#141#142#143#144#145#146#147#148#149#150#151#152#153#154#155#156#157#158#159#160#161#162#163#164#165#166#167#168#169#170#171#172#173#174#175#176#177#178#179#180#181#182#183#184','+#+#+#+#+#+#+#+#+#+#+#+#+#+#+#+#+#+#+#+#+#+#+#+#+#+#+#+#+#+#+#+#+#+#+#+#+#+#+#+#+#+#+#+#+#+#+#+#+#+#+#+#+#+#+#+#+#+#+#+#+#+#+#+#+#+#+#+#+#+#+#+#+#+#+#+#+#+#+#+#+#+#+',5,0,1,0,0,0,'0000-00-00 00:00:00','2023-06-23 10:52:20'),
(186,186,0,506,'69999999','SHU Sebelum Lain-Lain','2#3#4#5#6#7#8#9#10#11#12#13#14#15#16#17#18#19#20#21#22#23#24#25#26#27#28#29#30#31#32#33#34#35#36#37#38#39#40#41#42#43#44#45#46#47#48#51#52#53#54#55#56#57#58#59#60#61#62#63#64#65#66#67#68#69#70#71#72#73#74#75#76#77#78#79#80#81#82#83#84#85#86#87#88#89#90#91#92#93#94#95#96#97#98#99#100#104#105#106#107#108#109#110#111#112#113#114#115#116#117#118#119#120#121#122#123#124#125#126#127#128#129#130#131#132#133#134#135#136#137#138#139#140#141#142#143#144#145#146#147#148#149#150#151#152#153#154#155#156#157#158#159#160#161#162#163#164#165#166#167#168#169#170#171#172#173#174#175#176#177#178#179#180#181#182#183#184','+#+#+#+#+#+#+#+#+#+#+#+#+#+#+#+#+#+#+#+#+#+#+#+#+#+#+#+#+#+#+#+#+#-#+#+#+#+#+#+#+#+#+#+#+#+#+#-#+#+#+#+#+#+#+#+#+#+#+#+#+#+#+#+#+#+#+#+#+#+#+#+#+#+#+#+#+#+#+#+#+#+#+#+#+#+#+#+#+#+#+#+#+#+#+#+#+#-#+#+#+#+#+#+#+#+#+#+#+#+#+#+#+#+#+#+#+#+#+#+#+#+#+#+#+#+#+#+#+#+#+#+#+#+#+#+#+#+#+#+#+#+#+#+#+#+#+#+#+#+#+#+#+#+#+#+#+#+#+#+#+#+#+#+#+#+#+#+#+#+#+#+#+#+#+#+#+#+#+#+',5,0,1,0,0,0,'0000-00-00 00:00:00','2023-06-23 10:52:20'),
(187,187,0,507,'70000000','Pendapatan dan Beban Diluar Usaha','0','0',1,1,1,0,0,0,'0000-00-00 00:00:00','2023-06-23 10:52:20'),
(188,188,0,508,'71000000','Pendapatan Diluar Usaha','0','0',3,3,0,0,0,0,'0000-00-00 00:00:00','2023-06-23 10:52:20'),
(189,189,0,509,'71010000','Pendapatan Diluar Usaha Lainnya','0','0',3,3,0,0,0,0,'0000-00-00 00:00:00','2023-06-23 10:52:20'),
(190,190,0,510,'71010100','Pendapatan Bunga dan Jasa Giro Bank','0','0',3,3,0,0,0,0,'0000-00-00 00:00:00','2023-06-23 10:52:20'),
(191,191,0,511,'71010101','Pendapatan Bunga dan Jasa Giro Bank','0','0',3,3,0,0,0,0,'0000-00-00 00:00:00','2023-06-23 10:52:20'),
(192,192,0,512,'71010200','Pendapatan Display Barang','0','0',3,3,0,0,0,0,'0000-00-00 00:00:00','2023-06-23 10:52:20'),
(193,193,0,513,'71010201','Pendapatan Display Barang','0','0',3,3,0,0,0,0,'0000-00-00 00:00:00','2023-06-23 10:52:20'),
(194,194,0,514,'71010300','Laba (Rugi) Penjualan Aset Tetap dan Investasi','0','0',3,3,0,0,0,0,'0000-00-00 00:00:00','2023-06-23 10:52:20'),
(195,195,0,515,'71010301','Laba (Rugi) Penjualan Aset Tetap dan Investasi','0','0',3,3,0,0,0,0,'0000-00-00 00:00:00','2023-06-23 10:52:20'),
(196,196,0,516,'71010400','Pendapatan Deviden dan Investasi','0','0',3,3,0,0,0,0,'0000-00-00 00:00:00','2023-06-23 10:52:20'),
(197,197,0,517,'71010401','Pendapatan Deviden','0','0',3,3,0,0,0,0,'0000-00-00 00:00:00','2023-06-23 10:52:20'),
(198,198,0,518,'71010402','Pendapatan Investasi','0','0',3,3,0,0,0,0,'0000-00-00 00:00:00','2023-06-23 10:52:20'),
(199,199,0,519,'71019900','Pendapatan Lain-lain','0','0',3,3,0,0,0,0,'0000-00-00 00:00:00','2023-06-23 10:52:20'),
(200,200,0,520,'71019901','Pendapatan Lain-lain','0','0',3,3,0,0,0,0,'0000-00-00 00:00:00','2023-06-23 10:52:20'),
(201,201,0,521,'71019902','Pendapatan Pinalty dan Tutup Rekening','0','0',3,3,0,0,0,0,'0000-00-00 00:00:00','2023-06-23 10:52:20'),
(202,202,0,522,'71019903','Pendapatan Diskon Pabrikan','0','0',3,3,0,0,0,0,'0000-00-00 00:00:00','2023-06-23 10:52:20'),
(203,203,0,523,'72000000','Beban Diluar Usaha','0','0',1,1,1,0,0,0,'0000-00-00 00:00:00','2023-06-23 10:52:20'),
(204,204,0,524,'72010000','Beban Diluar Usaha Lainnya','0','0',3,3,0,0,0,0,'0000-00-00 00:00:00','2023-06-23 10:52:20'),
(205,205,0,525,'72010100','Beban Pajak Bunga Bank','0','0',3,3,0,0,0,0,'0000-00-00 00:00:00','2023-06-23 10:52:20'),
(206,206,0,526,'72010101','Beban Pajak Bunga Bank','0','0',3,3,0,0,0,0,'0000-00-00 00:00:00','2023-06-23 10:52:20'),
(207,207,0,527,'72010200','Beban Administrasi Bank','0','0',3,3,0,0,0,0,'0000-00-00 00:00:00','2023-06-23 10:52:20'),
(208,208,0,528,'72010201','Beban Administrasi Bank','0','0',3,3,0,0,0,0,'0000-00-00 00:00:00','2023-06-23 10:52:20'),
(209,209,0,529,'72010300','Beban Bunga Pinjaman','0','0',3,3,0,0,0,0,'0000-00-00 00:00:00','2023-06-23 10:52:20'),
(210,210,0,530,'72010301','Beban Bunga Pinjaman','0','0',3,3,0,0,0,0,'0000-00-00 00:00:00','2023-06-23 10:52:20'),
(211,211,0,531,'72010400','Beban Lain-lain','0','0',3,3,0,0,0,0,'0000-00-00 00:00:00','2023-06-23 10:52:20'),
(212,212,0,532,'72010401','Beban Lain-lain','0','0',3,3,0,0,0,0,'0000-00-00 00:00:00','2023-06-23 10:52:20'),
(213,213,0,533,'79999998','Pendapatan & Biaya Lainnya','188#189#190#191#192#193#194#195#196#197#198#199#200#201#202#204#205#206#207#208#209#210#211#212','+#+#+#+#+#+#+#+#+#+#+#+#+#+#+#-#+#+#+#+#+#+#+#+#+',5,0,1,0,0,0,'0000-00-00 00:00:00','2023-06-24 10:52:20'),
(214,214,0,534,'79999999','SHU Tahun Berjalan','2#3#4#5#6#7#8#9#10#11#12#13#14#15#16#17#18#19#20#21#22#23#24#25#26#27#28#29#30#31#32#33#34#35#36#37#38#39#40#41#42#43#44#45#46#47#48#51#52#53#54#55#56#57#58#59#60#61#62#63#64#65#66#67#68#69#70#71#72#73#74#75#76#77#78#79#80#81#82#83#84#85#86#87#88#89#90#91#92#93#94#95#96#97#98#99#100#104#105#106#107#108#109#110#111#112#113#114#115#116#117#118#119#120#121#122#123#124#125#126#127#128#129#130#131#132#133#134#135#136#137#138#139#140#141#142#143#144#145#146#147#148#149#150#151#152#153#154#155#156#157#158#159#160#161#162#163#164#165#166#167#168#169#170#171#172#173#174#175#176#177#178#179#180#181#182#183#184#188#189#190#191#192#193#194#195#196#197#198#199#200#201#202#204#205#206#207#208#209#210#211#212','+#+#+#+#+#+#+#+#+#+#+#+#+#+#+#+#+#+#+#+#+#+#+#+#+#+#+#+#+#+#+#+#+#-#+#+#+#+#+#+#+#+#+#+#+#+#+#-#+#+#+#+#+#+#+#+#+#+#+#+#+#+#+#+#+#+#+#+#+#+#+#+#+#+#+#+#+#+#+#+#+#+#+#+#+#+#+#+#+#+#+#+#+#+#+#+#+#-#+#+#+#+#+#+#+#+#+#+#+#+#+#+#+#+#+#+#+#+#+#+#+#+#+#+#+#+#+#+#+#+#+#+#+#+#+#+#+#+#+#+#+#+#+#+#+#+#+#+#+#+#+#+#+#+#+#+#+#+#+#+#+#+#+#+#+#+#+#+#+#+#+#+#+#+#+#+#+#+#+#+#+#+#+#+#+#+#+#+#+#+#+#+#+#+#+#-#+#+#+#+#+#+#+#+#+',5,0,1,0,0,0,'0000-00-00 00:00:00','2023-06-23 10:52:20'),
(215,215,0,0,'','RUGI LABA','214','+',6,0,1,0,0,0,NULL,'2023-12-06 15:35:51');

/*Table structure for table `acct_recalculate_log` */

DROP TABLE IF EXISTS `acct_recalculate_log`;

CREATE TABLE `acct_recalculate_log` (
  `recalculate_log_id` bigint NOT NULL AUTO_INCREMENT,
  `branch_id` int DEFAULT '0',
  `month_period` varchar(2) DEFAULT '0',
  `year_period` year DEFAULT NULL,
  `created_id` int DEFAULT '0',
  `created_at` datetime DEFAULT NULL,
  `updated_at` timestamp NOT NULL DEFAULT CURRENT_TIMESTAMP ON UPDATE CURRENT_TIMESTAMP,
  PRIMARY KEY (`recalculate_log_id`),
  KEY `branch_id` (`branch_id`)
) ENGINE=InnoDB AUTO_INCREMENT=3 DEFAULT CHARSET=utf8mb3;

/*Data for the table `acct_recalculate_log` */

/*Table structure for table `acct_report` */

DROP TABLE IF EXISTS `acct_report`;

CREATE TABLE `acct_report` (
  `id` int NOT NULL AUTO_INCREMENT,
  `id_no` int DEFAULT NULL,
  `id_report` int DEFAULT NULL,
  `field_name` varchar(100) DEFAULT NULL,
  `account_id` varchar(50) DEFAULT NULL,
  `formula` varchar(100) DEFAULT NULL,
  `operator` varchar(100) DEFAULT NULL,
  `type` enum('title','subtitle','loop','sum','grantotal','parent') DEFAULT NULL,
  `status` int DEFAULT '1',
  `indent_tab` int DEFAULT NULL,
  `indent_bold` int DEFAULT '0',
  PRIMARY KEY (`id`)
) ENGINE=InnoDB AUTO_INCREMENT=723 DEFAULT CHARSET=utf8mb3;

/*Data for the table `acct_report` */

insert  into `acct_report`(`id`,`id_no`,`id_report`,`field_name`,`account_id`,`formula`,`operator`,`type`,`status`,`indent_tab`,`indent_bold`) values 
(559,1,2,'Aktiva Lancar','0','','','title',1,0,1),
(560,2,2,'Kas','1.1.1.1','','','loop',1,1,0),
(561,3,2,'Bank','1.1.1.2','','','loop',1,1,0),
(562,4,2,'Piutang Usaha','1.1.2.1','','','loop',1,1,0),
(563,5,2,'Piutang Retensi','1.1.2.2','','','loop',1,1,0),
(564,6,2,'Tagihan Bruto Pada Pemberi Kerja','1.1.2.3','','','loop',1,1,0),
(565,7,2,'Piutang Non Usaha','1.1.2.4','','','loop',1,1,0),
(566,8,2,'Piutang Lain Lain','1.1.2.5','','','loop',1,1,0),
(567,9,2,'Uang Muka dan Biaya Dibayar Dimuka','1.1.3.1','','','loop',1,1,0),
(568,10,2,'Uang Muka Proyek KSO','1.1.3.2','','','loop',1,1,0),
(569,11,2,'Pajak Dibaya Dimuka','1.1.3.3','','','loop',1,1,0),
(570,12,2,'Persediaan Barang / Dagangan','1.1.4.1','','','loop',1,1,0),
(571,13,2,'Persediaan Barang Dalam Proses (WIP)','1.1.4.2','','','loop',1,1,0),
(572,14,2,'Persediaan Bahan Habis Pakai','1.1.4.3','','','loop',1,1,0),
(573,15,2,'Persediaan Barang Lain - Lain','1.1.4.4','','','loop',1,1,0),
(574,16,2,'Jumlah Aktiva Lancar','0','2#3#4#5#6#7#8#9#10#11#12#13#14#15','+#+#+#+#+#+#+#+#+#+#+#+#+#+','sum',1,2,1),
(575,17,2,'Aktiva Tetap','0','','','title',1,0,1),
(576,18,2,'Aktiva Tetap Berwujud','1.2.1.1','','','title',1,1,1),
(577,19,2,'Tanah','1.2.1.101','','','loop',1,2,0),
(578,20,2,'Bangunan','1.2.1.120','','','loop',1,2,0),
(579,21,2,'Akumulasi Penyusutan Bangunan','1.2.1.121','','','loop',0,2,0),
(580,22,2,'Kendaraan','1.2.1.130','','','loop',1,2,0),
(581,23,2,'Akumulasi Penyusutan Kendaraan','1.2.1.131','','','loop',0,2,0),
(582,24,2,'Mesin','1.2.1.140','','','loop',1,2,0),
(583,25,2,'Akumulasi Penyusutan Mesin','1.2.1.141','','','loop',0,2,0),
(584,26,2,'Inventaris','1.2.1.150','','','loop',1,2,0),
(585,27,2,'Akumulasi Penyusutan Inventaris','1.2.1.151','','','loop',0,2,0),
(586,28,2,'Aktiva Sewa Guna Usaha','1.2.1.160','','','loop',1,2,0),
(587,29,2,'Akm. Penyusutan Aktiva Sewa Guna Usaha','1.2.1.161','','','loop',0,2,0),
(588,30,2,'Aktiva Tetap Tak Berwujud','0','','','title',1,1,1),
(589,31,2,'Aktiva Tetap Tak Berwujud','1.2.2.1','','','loop',1,2,0),
(590,32,2,'Jumlah Aktiva Tetap','0','19#20#21#22#23#24#25#26#27#28#29#31','+#+#-#+#-#+#-#+#-#+#-#+','sum',1,2,1),
(591,33,2,'Aktiva Lain - Lain','0','','','title',1,0,1),
(592,34,2,'Aktiva Lain - Lain','1.3.1.1','','','loop',1,1,0),
(593,35,2,'Jumlah Aktiva Lain - Lain','0','34#','+#','sum',1,2,1),
(594,36,2,'Jumlah Aktiva','0','2#3#4#5#6#7#8#9#10#11#12#13#14#15#19#20#21#22#23#24#25#26#27#28#29#31#34','+#+#+#+#+#+#+#+#+#+#+#+#+#+#+#+#-#+#-#+#-#+#-#+#-#+#+','sum',1,3,1),
(595,37,2,'Kewajiban','0','','','title',1,0,1),
(596,38,2,'Hutang Usaha','2.1.1.1','','','loop',1,1,0),
(597,39,2,'Hutang Bank Jangka Pendek','2.1.2.1','','','loop',1,1,0),
(598,40,2,'Hutang pajak','2.1.2.2','','','loop',1,1,0),
(599,41,2,'Hutang Bunga Bank','2.1.2.3','','','loop',1,1,0),
(600,42,2,'Hutang Gaji','2.1.2.4','','','loop',1,1,0),
(601,43,2,'Hutang Pendapatan Diterima Dimuka','2.1.2.5','','','loop',1,1,0),
(602,44,2,'Hutang Biaya','2.1.2.6','','','loop',1,1,0),
(603,45,2,'Hutang Leasing','2.1.2.7','','','loop',1,1,0),
(604,46,2,'Jumlah Hutang JK Pendek','0','38#39#40#41#42#43#44#45','+#+#+#+#+#+#+#+','sum',1,2,1),
(605,47,2,'Hutang Bank Jangka Panjang','2.2.1.1','','','loop',1,1,0),
(606,48,2,'Hutang Sewaguna Usaha','2.2.2.1','','','loop',1,1,0),
(607,49,2,'Hutang Jangka Panjang Lain-Lain','2.2.3.1','','','loop',1,1,0),
(608,50,2,'Jumlah Hutang JK Panjang','0','47#48#49','+#+#+','sum',1,2,1),
(609,51,2,'Ekuitas','0','','','title',1,0,1),
(610,52,2,'Modal Disetor','3.1.1.1','','','loop',1,1,0),
(611,53,2,'Saldo Laba','3.1.2.1','','','loop',1,1,0),
(612,54,2,'Jumlah Ekuitas','0','52#53','+#+','sum',1,2,1),
(613,55,2,'Total Pasiva','0','38#39#40#41#42#43#44#45#47#48#49#52#53','+#+#+#+#+#+#+#+#+#+#+#+#+','sum',1,3,1),
(699,1,1,'Pendapatan Penjualan','0','','','title',1,0,1),
(700,2,1,'Pendapatan Penjualan','4.1.1.2','','','loop',1,1,1),
(701,3,1,'Harga Pokok Penjualan (HPP)','0','','','title',1,0,1),
(702,4,1,'Persediaan Awal Produk Jadi','0','','','loop',1,1,0),
(703,5,1,'Harga Pokok Produksi','0','','','title',1,2,1),
(704,6,1,'Persediaan Awal Produk Dalam Proses','0','','','loop',1,2,0),
(705,7,1,'Biaya Biaya Produksi','0','','','title',1,3,1),
(706,8,1,'Persediaan Awal Bahan Baku','0','','','loop',1,4,1),
(707,9,1,'Pembelian Bahan','0','','','loop',1,4,0),
(708,10,1,'Bahan Tersedia Untuk Di Pakai','0','','','loop',1,4,0),
(709,11,1,'Persediaan Akhir Bahan Baku','0','','','loop',1,5,0),
(710,12,1,'Biaya Bahan Baku','0','','','loop',1,6,0),
(711,13,1,'Biaya Tenaga Kerja Langsung','0','','','loop',1,6,0),
(712,14,1,'Biaya Overhead Pabrik','5.15','','','loop',1,6,0),
(713,15,1,'Biaya Biaya Produksi','0','12#13#14','+#+#+','sum',1,6,1),
(714,16,1,'Persediaan Akhir Produk dalam Proses','0','','','loop',1,2,0),
(715,17,1,'Harga Pokok Produksi','0','','','sum',1,6,1),
(716,18,1,'Harga Pokok Produk Jadi Yg Siap di Jual','0','','','sum',1,1,1),
(717,19,1,'Persediaan Akhir Produk Jadi','0','','','loop',1,1,0),
(718,20,1,'Harga Pokok Penjualan (HPP)','0','','','sum',1,6,1),
(719,21,1,'Laba (Rugi) Kotor','0','','','sum',1,0,1),
(720,22,1,'Biaya Biaya Usaha','0','','','title',1,0,1),
(721,23,1,'Biaya Penjualan & Pemasaran','0','','','title',1,1,1),
(722,24,1,'Gaji Sales','6.1.1.103','','','loop',1,2,0);

/*Table structure for table `acct_report_backup` */

DROP TABLE IF EXISTS `acct_report_backup`;

CREATE TABLE `acct_report_backup` (
  `id` int NOT NULL AUTO_INCREMENT,
  `id_no` int DEFAULT NULL,
  `id_report` int DEFAULT NULL,
  `field_name` varchar(100) DEFAULT NULL,
  `account_id` varchar(50) DEFAULT NULL,
  `formula` varchar(100) DEFAULT NULL,
  `operator` varchar(100) DEFAULT NULL,
  `type` enum('title','subtitle','loop','sum','grantotal','parent') DEFAULT NULL,
  `indent_tab` int DEFAULT NULL,
  `indent_bold` int DEFAULT '0',
  PRIMARY KEY (`id`)
) ENGINE=InnoDB AUTO_INCREMENT=332 DEFAULT CHARSET=utf8mb3;

/*Data for the table `acct_report_backup` */

insert  into `acct_report_backup`(`id`,`id_no`,`id_report`,`field_name`,`account_id`,`formula`,`operator`,`type`,`indent_tab`,`indent_bold`) values 
(220,1,1,'Pendapatan','0',NULL,NULL,'title',0,1),
(221,2,1,'Penjualan Plastik','0',NULL,NULL,'subtitle',1,1),
(222,3,1,'Penjualan Plastik','500.001',NULL,NULL,'loop',2,0),
(223,4,1,'Return dan Pototngan Penjualan Plastik','550.001',NULL,NULL,'loop',2,0),
(224,5,1,'Total Penjualan Plastik','0','3#4','-#-','sum',1,1),
(225,6,1,'Penjualan Lem','0',NULL,NULL,'subtitle',1,1),
(226,7,1,'Penjualan Lem','500.002',NULL,NULL,'loop',2,0),
(227,8,1,'Return dan Pototngan Penjualan Lem','550.002',NULL,NULL,'loop',2,0),
(228,9,1,'Total Penjualan Lem','0','7#8','-#-','sum',1,1),
(229,10,1,'Total Penjualan','0','3#4#7#8','+#-#+#-','sum',1,1),
(230,11,1,'COGS','0',NULL,NULL,'title',0,1),
(231,12,1,'COGS Lem','160.007',NULL,NULL,'parent',1,0),
(232,14,1,'Total COGS','0','12#13','+#+','sum',1,1),
(233,15,1,'Biaya Produksi','0',NULL,NULL,'title',0,1),
(234,16,1,'Biaya Bahan','610',NULL,NULL,'loop',1,0),
(235,17,1,'Biaya Gaji Produksi','620',NULL,NULL,'loop',1,0),
(236,18,1,'Pembelian Tunai Bahan','630',NULL,NULL,'loop',1,0),
(237,19,1,'Biaya Perlengkapan','640',NULL,NULL,'loop',1,0),
(238,20,1,'Biaya Penyusutan','650',NULL,NULL,'loop',1,0),
(239,21,1,'Total Biaya Produksi','0','16#17#18#19#20','+#+#+#+#+','sum',1,1),
(240,22,1,'Laba / Rugi (Kotor)','0','3#4#7#8#12#13#16#17#18#19#20','+#-#+#-#-#-#-#-#-#-#-','sum',1,1),
(241,23,1,'Biaya Penjualan','0','0','0','title',0,1),
(242,24,1,'Biaya Penjualan','700','0','0','loop',1,0),
(243,25,1,'Total Biaya Penjualan','0','24#','+#','sum',1,1),
(244,26,1,'Biaya Adm Dan Umum','0','0','0','title',0,1),
(245,27,1,'Biaya Karyawan','810','0','0','loop',1,0),
(246,28,1,'Biaya Adm dan Umum','820','0','0','loop',1,0),
(247,29,1,'Biaya Lain - Lain','830','0','0','loop',1,0),
(248,30,1,'Total Biaya Adm dan Umum','0','27#28#29','+#+#+','sum',1,1),
(249,31,1,'Laba / Rugi Operasional','0','3#4#7#8#12#13#16#17#18#19#20#24#27#28#29','+#-#+#-#-#-#-#-#-#-#-#-#-#-#-','sum',1,1),
(250,32,1,'Pendapatan dan Biaya Lain - Lain','0','0','0','title',0,1),
(251,33,1,'Pendapatan Lain - Lain','0','0','0','subtitle',1,1),
(252,34,1,'Pendapatan Lain - Lain','900','0','0','loop',2,0),
(253,35,1,'Laba Rugi Penjualan Aktiva','910.001','0','0','loop',2,0),
(254,36,1,'Total Pendapatan Lain - Lain','0','34#35','+#+','sum',2,1),
(255,37,1,'Biaya Lain - Lain','0','0','0','title',1,1),
(256,38,1,'Biaya Lain - Lain','910','0','0','loop',2,0),
(257,39,1,'Ikhtisar Laba - Rugi','920','0','0','loop',2,0),
(258,40,1,'Total Biaya Lain - Lain','0','38#39','+#+','sum',2,1),
(259,41,1,'Total Pendapatan dan Biaya Lain2','0','34#35#38#39','+#+#-#-','sum',1,1),
(260,42,1,'Laba / Rugi Bersih','0','3#4#7#8#12#13#16#17#18#19#20#24#27#28#29#34#35#38#39','+#-#+#-#-#-#-#-#-#-#-#-#-#-#-#+#+#-#-','sum',1,1),
(284,123,1,'coba','100','1#2','+#+','title',1,1),
(309,1,2,'Aktiva Lancar','0','0','0','title',0,1),
(310,2,2,'Kas','100','0','0','loop',1,0),
(311,3,2,'Bank','110','0','0','loop',1,0),
(312,4,2,'Piutang Giro','120','0','0','loop',1,0),
(313,5,2,'Piutang Usaha','130','0','0','loop',1,0),
(314,7,2,'Investasi','150','0','0','loop',1,0),
(315,8,2,'Persediaan','160','0','0','loop',1,0),
(316,9,2,'Total Aktiva Lancar','0','2#3#4#5#6#7#8','+#+#+#+#+#','sum',1,1),
(317,10,2,'Aktiva Tetap','0','0','0','title',0,1),
(318,11,2,'Aktiva Tetap','200','0','0','loop',1,0),
(319,12,2,'Akm. Penyusutan Aktiva Tetap','210','0','0','loop',1,0),
(320,13,2,'Total Aktiva Tetap','0','11#12','-#-','sum',1,1),
(321,14,2,'Total Aktiva','0','2#3#4#5#6#7#8#12#13','+#+#+#+#+#+#-','sum',0,1),
(322,15,2,'Passiva','0','0','0','title',0,1),
(323,16,2,'Hutang','3','0','0','loop',1,0),
(324,17,2,'Total Hutang','0','16#','+#','sum',1,1),
(325,18,2,'Modal','0','0','0','title',0,1),
(326,19,2,'Modal','400.001','0','0','loop',1,0),
(327,20,2,'Akumulasi Laba','410','0','0','loop',1,0),
(328,21,2,'Akumulasi Laba tahun Berjalan','420','0','0','loop',1,0),
(329,22,2,'Total Modal','0','19#20#21','+#+#+','sum',1,1),
(330,23,2,'Total Passiva','0','16#19#20#21','+#+#+#+','sum',0,1),
(331,24,2,'Balance','0','2#3#4#5#6#7#8#12#13#16#19#20#21','+#+#+#+#+#+#-#-#-#-#-','sum',0,1);

/*Table structure for table `buyers_acknowledgment` */

DROP TABLE IF EXISTS `buyers_acknowledgment`;

CREATE TABLE `buyers_acknowledgment` (
  `buyers_acknowledgment_id` bigint NOT NULL AUTO_INCREMENT,
  `sales_delivery_note_id` int DEFAULT NULL,
  `sales_delivery_order_id` int DEFAULT NULL,
  `account_id` int DEFAULT NULL,
  `sales_order_id` int DEFAULT NULL,
  `warehouse_id` bigint DEFAULT '8',
  `customer_id` int DEFAULT NULL,
  `buyers_acknowledgment_no` varchar(255) CHARACTER SET utf8mb4 COLLATE utf8mb4_general_ci DEFAULT NULL,
  `buyers_acknowledgment_date` date DEFAULT NULL,
  `buyers_acknowledgment_remark` text CHARACTER SET utf8mb4 COLLATE utf8mb4_general_ci,
  `sales_invoice_status` int DEFAULT '0',
  `data_state` int DEFAULT '0',
  `created_id` int DEFAULT NULL,
  `created_at` timestamp NOT NULL DEFAULT CURRENT_TIMESTAMP,
  `updated_at` timestamp NOT NULL DEFAULT CURRENT_TIMESTAMP,
  PRIMARY KEY (`buyers_acknowledgment_id`)
) ENGINE=InnoDB AUTO_INCREMENT=55 DEFAULT CHARSET=utf8mb4 COLLATE=utf8mb4_general_ci;

/*Data for the table `buyers_acknowledgment` */

insert  into `buyers_acknowledgment`(`buyers_acknowledgment_id`,`sales_delivery_note_id`,`sales_delivery_order_id`,`account_id`,`sales_order_id`,`warehouse_id`,`customer_id`,`buyers_acknowledgment_no`,`buyers_acknowledgment_date`,`buyers_acknowledgment_remark`,`sales_invoice_status`,`data_state`,`created_id`,`created_at`,`updated_at`) values 
(52,9,6,42,6,0,1,'0001/BPB/2023','2023-12-13',NULL,0,0,3,'2023-12-13 07:53:15','2023-12-13 07:53:15'),
(53,10,7,42,7,0,1,'0002/BPB/2023','2023-12-13',NULL,1,0,3,'2023-12-13 09:07:53','2023-12-13 09:07:53'),
(54,11,8,42,8,0,1,'0003/BPB/2023','2023-12-14',NULL,1,0,3,'2023-12-14 07:30:31','2023-12-14 07:30:31');

/*Table structure for table `buyers_acknowledgment_item` */

DROP TABLE IF EXISTS `buyers_acknowledgment_item`;

CREATE TABLE `buyers_acknowledgment_item` (
  `buyers_acknowledgment_item_id` bigint NOT NULL AUTO_INCREMENT,
  `buyers_acknowledgment_id` bigint DEFAULT NULL,
  `sales_delivery_note_id` int DEFAULT NULL,
  `sales_delivery_note_item_id` int DEFAULT NULL,
  `sales_order_id` int DEFAULT NULL,
  `sales_order_item_id` int DEFAULT NULL,
  `warehouse_id` int DEFAULT NULL,
  `supplier_id` int DEFAULT NULL,
  `item_category_id` int DEFAULT NULL,
  `item_type_id` int DEFAULT NULL,
  `item_stock_id` int DEFAULT NULL,
  `item_unit_id` int DEFAULT NULL,
  `quantity` decimal(10,0) DEFAULT NULL,
  `quantity_received` decimal(10,0) DEFAULT NULL,
  `item_unit_cost` decimal(10,0) DEFAULT NULL,
  `item_unit_price` decimal(10,0) DEFAULT NULL,
  `subtotal_price` decimal(10,0) DEFAULT NULL,
  `data_state` int DEFAULT '0',
  `created_id` int DEFAULT NULL,
  `created_at` timestamp NOT NULL DEFAULT CURRENT_TIMESTAMP,
  `updated_at` timestamp NOT NULL DEFAULT CURRENT_TIMESTAMP,
  PRIMARY KEY (`buyers_acknowledgment_item_id`)
) ENGINE=InnoDB AUTO_INCREMENT=78 DEFAULT CHARSET=utf8mb4 COLLATE=utf8mb4_general_ci;

/*Data for the table `buyers_acknowledgment_item` */

insert  into `buyers_acknowledgment_item`(`buyers_acknowledgment_item_id`,`buyers_acknowledgment_id`,`sales_delivery_note_id`,`sales_delivery_note_item_id`,`sales_order_id`,`sales_order_item_id`,`warehouse_id`,`supplier_id`,`item_category_id`,`item_type_id`,`item_stock_id`,`item_unit_id`,`quantity`,`quantity_received`,`item_unit_cost`,`item_unit_price`,`subtotal_price`,`data_state`,`created_id`,`created_at`,`updated_at`) values 
(72,52,9,9,6,6,NULL,NULL,1,2,47,6,200,200,1500,2000,400000,0,3,'2023-12-13 07:53:15','2023-12-13 07:53:15'),
(73,52,9,10,6,7,NULL,NULL,1,1,46,1,100,100,1000,3000,300000,0,3,'2023-12-13 07:53:15','2023-12-13 07:53:15'),
(74,53,10,11,7,8,NULL,NULL,2,24,50,5,50,50,1000,1500,75000,0,3,'2023-12-13 09:07:53','2023-12-13 09:07:53'),
(75,53,10,12,7,9,NULL,NULL,2,26,51,5,100,100,1000,1500,150000,0,3,'2023-12-13 09:07:53','2023-12-13 09:07:53'),
(76,54,11,13,8,10,NULL,NULL,1,2,53,6,5,5,1000,1500,7500,0,3,'2023-12-14 07:30:31','2023-12-14 07:30:31'),
(77,54,11,14,8,11,NULL,NULL,1,1,52,1,5,5,2000,2000,10000,0,3,'2023-12-14 07:30:31','2023-12-14 07:30:31');

/*Table structure for table `core_agency` */

DROP TABLE IF EXISTS `core_agency`;

CREATE TABLE `core_agency` (
  `agency_id` int NOT NULL AUTO_INCREMENT,
  `branch_id` int DEFAULT '0',
  `agency_code` varchar(20) DEFAULT '',
  `agency_name` varchar(100) DEFAULT '',
  `agency_phone_number` varchar(25) DEFAULT '',
  `agency_contact_person` varchar(100) DEFAULT '',
  `agency_address` text,
  `agency_email` varchar(100) DEFAULT '',
  `agency_profit_sharing_percentage` decimal(10,2) DEFAULT '0.00',
  `agency_remark` text,
  `mou_status` int DEFAULT '0',
  `data_state` int DEFAULT '0',
  `created_id` int DEFAULT '0',
  `created_at` datetime DEFAULT NULL,
  `updated_at` timestamp NOT NULL DEFAULT CURRENT_TIMESTAMP ON UPDATE CURRENT_TIMESTAMP,
  PRIMARY KEY (`agency_id`)
) ENGINE=InnoDB AUTO_INCREMENT=3 DEFAULT CHARSET=utf8mb3;

/*Data for the table `core_agency` */

insert  into `core_agency`(`agency_id`,`branch_id`,`agency_code`,`agency_name`,`agency_phone_number`,`agency_contact_person`,`agency_address`,`agency_email`,`agency_profit_sharing_percentage`,`agency_remark`,`mou_status`,`data_state`,`created_id`,`created_at`,`updated_at`) values 
(1,1,'B001','Buyer','0526525','sam','Surakarta','-',2.00,NULL,0,0,121,'2019-10-24 11:18:12','2023-08-09 09:41:21'),
(2,0,'tes1','tes','1212','tes','tes','tes',12.00,'tes',0,1,3,'2021-10-15 02:43:48','2023-06-23 10:52:21');

/*Table structure for table `core_bank` */

DROP TABLE IF EXISTS `core_bank`;

CREATE TABLE `core_bank` (
  `bank_id` int NOT NULL AUTO_INCREMENT,
  `bank_code` varchar(20) DEFAULT '',
  `bank_name` varchar(50) DEFAULT '',
  `account_id` int DEFAULT NULL,
  `bank_remark` text,
  `data_state` decimal(1,0) DEFAULT '0',
  `created_id` int DEFAULT NULL,
  `created_at` datetime DEFAULT NULL,
  `updated_at` timestamp NOT NULL DEFAULT CURRENT_TIMESTAMP,
  PRIMARY KEY (`bank_id`),
  KEY `FK_core_bank_created_id` (`created_id`),
  KEY `FK_core_bank_account_id` (`account_id`)
) ENGINE=InnoDB AUTO_INCREMENT=13 DEFAULT CHARSET=utf8mb3;

/*Data for the table `core_bank` */

insert  into `core_bank`(`bank_id`,`bank_code`,`bank_name`,`account_id`,`bank_remark`,`data_state`,`created_id`,`created_at`,`updated_at`) values 
(11,'BM','Bank Mandiri',8,NULL,0,3,'2023-06-09 06:34:35','2023-06-23 10:52:21'),
(12,'5454','BRI Syariah',22,NULL,0,3,'2023-06-20 15:54:32','2023-06-23 10:52:21');

/*Table structure for table `core_branch` */

DROP TABLE IF EXISTS `core_branch`;

CREATE TABLE `core_branch` (
  `branch_id` int NOT NULL AUTO_INCREMENT,
  `branch_code` varchar(50) DEFAULT '',
  `branch_name` varchar(250) DEFAULT '',
  `branch_address` text,
  `branch_manager` varchar(100) DEFAULT NULL,
  `branch_status` int DEFAULT '0',
  `branch_parent_id` int DEFAULT '0',
  `data_state` int DEFAULT '0',
  `created_id` int DEFAULT '0',
  `created_at` datetime DEFAULT NULL,
  `updated_at` timestamp NOT NULL DEFAULT CURRENT_TIMESTAMP ON UPDATE CURRENT_TIMESTAMP,
  PRIMARY KEY (`branch_id`),
  KEY `branch_parent_id` (`branch_parent_id`)
) ENGINE=InnoDB AUTO_INCREMENT=2 DEFAULT CHARSET=utf8mb3;

/*Data for the table `core_branch` */

insert  into `core_branch`(`branch_id`,`branch_code`,`branch_name`,`branch_address`,`branch_manager`,`branch_status`,`branch_parent_id`,`data_state`,`created_id`,`created_at`,`updated_at`) values 
(1,'KK','PT KarotaKing','Samarinda',NULL,0,NULL,0,0,NULL,'2023-06-23 10:52:21');

/*Table structure for table `core_city` */

DROP TABLE IF EXISTS `core_city`;

CREATE TABLE `core_city` (
  `city_id` int NOT NULL AUTO_INCREMENT,
  `city_code` char(4) NOT NULL,
  `province_id` int DEFAULT '0',
  `province_code` char(2) NOT NULL,
  `city_name` varchar(255) NOT NULL,
  `province_no` varchar(20) DEFAULT '',
  `city_no` varchar(20) DEFAULT '',
  `data_state` int NOT NULL DEFAULT '0',
  PRIMARY KEY (`city_id`),
  KEY `regencies_province_id_index` (`province_code`),
  KEY `city_id` (`city_id`),
  KEY `FK_core_city_province_id` (`province_id`)
) ENGINE=InnoDB AUTO_INCREMENT=1449 DEFAULT CHARSET=utf8mb3;

/*Data for the table `core_city` */

insert  into `core_city`(`city_id`,`city_code`,`province_id`,`province_code`,`city_name`,`province_no`,`city_no`,`data_state`) values 
(936,'',62,'','Kabupaten Gianyar','','',0),
(937,'',62,'','Kabupaten Bangli','','',0),
(938,'',62,'','Kabupaten Buleleng','','',0),
(939,'',62,'','Kabupaten Tabanan','','',0),
(940,'',62,'','Kabupaten Karangasem','','',0),
(941,'',62,'','Kabupaten Badung','','',0),
(942,'',62,'','Kabupaten Jembrana','','',0),
(943,'',62,'','Kabupaten Klungkung','','',0),
(944,'',62,'','Kota Denpasar','','',0),
(945,'',63,'','Kabupaten Bangka Selatan','','',0),
(946,'',63,'','Kabupaten Bangka Barat','','',0),
(947,'',63,'','Kabupaten Belitung','','',0),
(948,'',63,'','Kota Pangkal Pinang','','',0),
(949,'',63,'','Kabupaten Bangka Tengah','','',0),
(950,'',63,'','Kabupaten Bangka','','',0),
(951,'',63,'','Kabupaten Belitung Timur','','',0),
(952,'',64,'','Kabupaten Lebak','','',0),
(953,'',64,'','Kabupaten Serang','','',0),
(954,'BTN',64,'','Kota Serang','','',0),
(955,'TGR',64,'','Kabupaten Tangerang','','',0),
(956,'TGR',64,'','Kota Tangerang','','',0),
(957,'',64,'','Kabupaten Pandeglang','','',0),
(958,'',64,'','Kota Tangerang Selatan','','',0),
(959,'',64,'','Kota Cilegon','','',0),
(960,'',65,'','Kabupaten Seluma','','',0),
(961,'',65,'','Kabupaten Bengkulu Tengah','','',0),
(962,'',65,'','Kota Bengkulu','','',0),
(963,'',65,'','Kabupaten Muko Muko','','',0),
(964,'',65,'','Kabupaten Rejang Lebong','','',0),
(965,'',65,'','Kabupaten Kaur','','',0),
(966,'',65,'','Kabupaten Bengkulu Selatan','','',0),
(967,'',65,'','Kabupaten Kepahiang','','',0),
(968,'',65,'','Kabupaten Lebong','','',0),
(969,'',65,'','Kabupaten Bengkulu Utara','','',0),
(970,'',66,'','Kabupaten Gunung Kidul','','',0),
(971,'JOG',66,'','Kota Yogyakarta','','',0),
(972,'',66,'','Kabupaten Kulon Progo','','',0),
(973,'',66,'','Kabupaten Sleman','','',0),
(974,'',66,'','Kabupaten Bantul','','',0),
(975,'JKT',67,'','Kota Jakarta Selatan','','',0),
(976,'JKT',67,'','Kota Jakarta Utara','','',0),
(977,'JKT',67,'','Kota Jakarta Pusat','','',0),
(978,'JKT',67,'','Kota Jakarta Barat','','',0),
(979,'JKT',67,'','Kota Jakarta Timur','','',0),
(980,'',67,'','Kabupaten Kepulauan Seribu','','',0),
(981,'',68,'','Kabupaten Boalemo','','',0),
(982,'',68,'','Kabupaten Pohuwato','','',0),
(983,'',68,'','Kabupaten Gorontalo Utara','','',0),
(984,'',68,'','Kabupaten Gorontalo','','',0),
(985,'',68,'','Kabupaten Bone Bolango','','',0),
(986,'',68,'','Kota Gorontalo','','',0),
(987,'',69,'','Kabupaten Tebo','','',0),
(988,'',69,'','Kabupaten Tanjung Jabung Barat','','',0),
(989,'',69,'','Kabupaten Merangin','','',0),
(990,'',69,'','Kota Jambi','','',0),
(991,'',69,'','Kabupaten Bungo','','',0),
(992,'',69,'','Kota Sungaipenuh','','',0),
(993,'',69,'','Kabupaten Muaro Jambi','','',0),
(994,'',69,'','Kabupaten Kerinci','','',0),
(995,'',69,'','Kabupaten Sarolangun','','',0),
(996,'',69,'','Kabupaten Tanjung Jabung Timur','','',0),
(997,'',69,'','Kabupaten Batang Hari','','',0),
(998,'',70,'','Kabupaten Indramayu','','',0),
(999,'',70,'','Kabupaten Cirebon','','',0),
(1000,'',70,'','Kabupaten Cianjur','','',0),
(1001,'',70,'','Kabupaten Sukabumi','','',0),
(1002,'',70,'','Kota Sukabumi','','',0),
(1003,'',70,'','Kabupaten Purwakarta','','',0),
(1004,'',70,'','Kabupaten Garut','','',0),
(1005,'',70,'','Kabupaten Sumedang','','',0),
(1006,'',70,'','Kota Bandung','','',0),
(1007,'',70,'','Kabupaten Karawang','','',0),
(1008,'',70,'','Kabupaten Bogor','','',0),
(1009,'',70,'','Kota Tasikmalaya','','',0),
(1010,'',70,'','Kabupaten Bekasi','','',0),
(1011,'',70,'','Kabupaten Tasikmalaya','','',0),
(1012,'',70,'','Kota Depok','','',0),
(1013,'',70,'','Kabupaten Subang','','',0),
(1014,'BGR',70,'','Kota Bogor','','',0),
(1015,'',70,'','Kabupaten Ciamis','','',0),
(1016,'',70,'','Kabupaten Majalengka','','',0),
(1017,'',70,'','Kabupaten Kuningan','','',0),
(1018,'',70,'','Kabupaten Bandung','','',0),
(1019,'',70,'','Kabupaten Bandung Barat','','',0),
(1020,'',70,'','Kabupaten Pangandaran','','',0),
(1021,'BKS',70,'','Kota Bekasi','','',0),
(1022,'',70,'','Kota Banjar','','',0),
(1023,'',70,'','Kota Cirebon','','',0),
(1024,'',70,'','Kota Cimahi','','',0),
(1025,'',71,'','Kabupaten Wonogiri','','',0),
(1026,'',71,'','Kabupaten Batang','','',0),
(1027,'',71,'','Kabupaten Wonosobo','','',0),
(1028,'BYL',71,'','Kabupaten Boyolali','','',0),
(1029,'KLT',71,'','Kabupaten Klaten','','',0),
(1030,'',71,'','Kabupaten Demak','','',0),
(1031,'',71,'','Kabupaten Pekalongan','','',0),
(1032,'',71,'','Kabupaten Temanggung','','',0),
(1033,'GRB',71,'','Kabupaten Grobogan','','',0),
(1034,'',71,'','Kabupaten Pati','','',0),
(1035,'',71,'','Kabupaten Magelang','','',0),
(1036,'SKH',71,'','Kabupaten Sukoharjo','','',0),
(1037,'',71,'','Kabupaten Kendal','','',0),
(1038,'',71,'','Kabupaten Jepara','','',0),
(1039,'',71,'','Kabupaten Pemalang','','',0),
(1040,'',71,'','Kabupaten Tegal','','',0),
(1041,'BYM',71,'','Kabupaten Banyumas','','',0),
(1042,'',71,'','Kabupaten Banjarnegara','','',0),
(1043,'',71,'','Kabupaten Brebes','','',0),
(1044,'',71,'','Kabupaten Cilacap','','',0),
(1045,'SMG',71,'','Kabupaten Semarang','','',0),
(1046,'KDS',71,'','Kabupaten Kudus','','',0),
(1047,'',71,'','Kabupaten Blora','','',0),
(1048,'SMG',71,'','Kota Semarang','','',0),
(1049,'SLT',71,'','Kota Salatiga','','',0),
(1050,'',71,'','Kota Tegal','','',0),
(1051,'KRA',71,'','Kabupaten Karanganyar','','',0),
(1052,'SRG',71,'','Kabupaten Sragen','','',0),
(1053,'',71,'','Kabupaten Rembang','','',0),
(1054,'',71,'','Kabupaten Kebumen','','',0),
(1055,'SLO',71,'','Kota Surakarta','','',0),
(1056,'',71,'','Kabupaten Purbalingga','','',0),
(1057,'',71,'','Kabupaten Purworejo','','',0),
(1058,'',71,'','Kota Pekalongan','','',0),
(1059,'',71,'','Kota Magelang','','',0),
(1060,'',72,'','Kabupaten Bangkalan','','',0),
(1061,'',72,'','Kabupaten Banyuwangi','','',0),
(1062,'',72,'','Kota Batu','','',0),
(1063,'BLT',72,'','Kota Blitar','','',0),
(1064,'BLT',72,'','Kabupaten Blitar','','',0),
(1065,'',72,'','Kabupaten Bojonegoro','','',0),
(1066,'',72,'','Kabupaten Bondowoso','','',0),
(1067,'',72,'','Kabupaten Gresik','','',0),
(1068,'',72,'','Kabupaten Jember','','',0),
(1069,'',72,'','Kabupaten Jombang','','',0),
(1070,'',72,'','Kota Kediri','','',0),
(1071,'',72,'','Kabupaten Kediri','','',0),
(1072,'',72,'','Kabupaten Lamongan','','',0),
(1073,'',72,'','Kabupaten Lumajang','','',0),
(1074,'',72,'','Kota Madiun','','',0),
(1075,'',72,'','Kabupaten Madiun','','',0),
(1076,'',72,'','Kabupaten Magetan','','',0),
(1077,'',72,'','Kota Malang','','',0),
(1078,'',72,'','Kabupaten Malang','','',0),
(1079,'',72,'','Kota Mojokerto','','',0),
(1080,'',72,'','Kabupaten Mojokerto','','',0),
(1081,'',72,'','Kabupaten Nganjuk','','',0),
(1082,'',72,'','Kabupaten Ngawi','','',0),
(1083,'',72,'','Kabupaten Pacitan','','',0),
(1084,'',72,'','Kabupaten Pamekasan','','',0),
(1085,'',72,'','Kota Pasuruan','','',0),
(1086,'',72,'','Kabupaten Pasuruan','','',0),
(1087,'',72,'','Kabupaten Ponorogo','','',0),
(1088,'',72,'','Kota Probolinggo','','',0),
(1089,'',72,'','Kabupaten Probolinggo','','',0),
(1090,'',72,'','Kabupaten Sampang','','',0),
(1091,'SDJ',72,'','Kabupaten Sidoarjo','','',0),
(1092,'',72,'','Kabupaten Situbondo','','',0),
(1093,'',72,'','Kabupaten Sumenep','','',0),
(1094,'SBY',72,'','Kota Surabaya','','',0),
(1095,'',72,'','Kabupaten Trenggalek','','',0),
(1096,'',72,'','Kabupaten Tuban','','',0),
(1097,'',72,'','Kabupaten Tulungagung','','',0),
(1098,'',73,'','Kabupaten Bengkayang','','',0),
(1099,'',73,'','Kabupaten Kapuas Hulu','','',0),
(1100,'',73,'','Kabupaten Kayong Utara','','',0),
(1101,'',73,'','Kabupaten Ketapang','','',0),
(1102,'',73,'','Kabupaten Kubu Raya','','',0),
(1103,'',73,'','Kabupaten Landak','','',0),
(1104,'',73,'','Kabupaten Melawi','','',0),
(1105,'',73,'','Kabupaten Mempawah','','',0),
(1106,'',73,'','Kota Pontianak','','',0),
(1107,'',73,'','Kabupaten Sambas','','',0),
(1108,'',73,'','Kabupaten Sanggau','','',0),
(1109,'',73,'','Kabupaten Sekadau','','',0),
(1110,'',73,'','Kota Singkawang','','',0),
(1111,'',73,'','Kabupaten Sintang','','',0),
(1112,'',74,'','Kabupaten Balangan','','',0),
(1113,'',74,'','Kabupaten Banjar','','',0),
(1114,'',74,'','Kota Banjarbaru','','',0),
(1115,'',74,'','Kota Banjarmasin','','',0),
(1116,'',74,'','Kabupaten Barito Kuala','','',0),
(1117,'',74,'','Kabupaten Hulu Sungai Selatan','','',0),
(1118,'',74,'','Kabupaten Hulu Sungai Tengah','','',0),
(1119,'',74,'','Kabupaten Hulu Sungai Utara','','',0),
(1120,'',74,'','Kabupaten Kotabaru','','',0),
(1121,'',74,'','Kabupaten Tabalong','','',0),
(1122,'',74,'','Kabupaten Tanah Bumbu','','',0),
(1123,'TNL',74,'','Kabupaten Tanah Laut','','',0),
(1124,'',74,'','Kabupaten Tapin','','',0),
(1125,'',75,'','Kabupaten Barito Selatan','','',0),
(1126,'',75,'','Kabupaten Barito Timur','','',0),
(1127,'',75,'','Kabupaten Barito Utara','','',0),
(1128,'',75,'','Kabupaten Gunung Mas','','',0),
(1129,'',75,'','Kabupaten Kapuas','','',0),
(1130,'',75,'','Kabupaten Katingan','','',0),
(1131,'KWR',75,'','Kabupaten Kotawaringin Barat','','',0),
(1132,'KWR',75,'','Kabupaten Kotawaringin Timur','','',0),
(1133,'',75,'','Kabupaten Lamandau','','',0),
(1134,'',75,'','Kabupaten Murung Raya','','',0),
(1135,'',75,'','Kota Palangka Raya','','',0),
(1136,'',75,'','Kabupaten Pulang Pisau','','',0),
(1137,'',75,'','Kabupaten Seruyan','','',0),
(1138,'',75,'','Kabupaten Sukamara','','',0),
(1139,'',76,'','Kota Balikpapan','','',0),
(1140,'',76,'','Kabupaten Berau','','',0),
(1141,'',76,'','Kota Bontang','','',0),
(1142,'',76,'','Kabupaten Kutai Barat','','',0),
(1143,'',76,'','Kabupaten Kutai Kartanegara','','',0),
(1144,'',76,'','Kabupaten Kutai Timur','','',0),
(1145,'',76,'','Kabupaten Mahakam Ulu','','',0),
(1146,'',76,'','Kabupaten Paser','','',0),
(1147,'',76,'','Kabupaten Penajam Paser Utara','','',0),
(1148,'',76,'','Kota Samarinda','','',0),
(1149,'',77,'','Kabupaten Bulungan','','',0),
(1150,'',77,'','Kabupaten Malinau','','',0),
(1151,'',77,'','Kabupaten Nunukan','','',0),
(1152,'',77,'','Kabupaten Tana Tidung','','',0),
(1153,'',77,'','Kota Tarakan','','',0),
(1154,'',78,'','Kota Batam','','',0),
(1155,'',78,'','Kabupaten Bintan','','',0),
(1156,'',78,'','Kabupaten Karimun','','',0),
(1157,'',78,'','Kabupaten Kepulauan Anambas','','',0),
(1158,'',78,'','Kabupaten Lingga','','',0),
(1159,'',78,'','Kabupaten Natuna','','',0),
(1160,'',78,'','Kota Tanjung Pinang','','',0),
(1161,'',79,'','Kota Bandar Lampung','','',0),
(1162,'',79,'','Kabupaten Lampung Barat','','',0),
(1163,'',79,'','Kabupaten Lampung Selatan','','',0),
(1164,'',79,'','Kabupaten Lampung Tengah','','',0),
(1165,'',79,'','Kabupaten Lampung Timur','','',0),
(1166,'',79,'','Kabupaten Lampung Utara','','',0),
(1167,'',79,'','Kabupaten Mesuji','','',0),
(1168,'',79,'','Kota Metro','','',0),
(1169,'',79,'','Kabupaten Pesawaran','','',0),
(1170,'',79,'','Kabupaten Pesisir Barat','','',0),
(1171,'',79,'','Kabupaten Pringsewu','','',0),
(1172,'',79,'','Kabupaten Tanggamus','','',0),
(1173,'',79,'','Kabupaten Tulang Bawang','','',0),
(1174,'',79,'','Kabupaten Tulang Bawang Barat','','',0),
(1175,'',79,'','Kabupaten Way Kanan','','',0),
(1176,'',80,'','Kota Ambon','','',0),
(1177,'',80,'','Kabupaten Buru','','',0),
(1178,'',80,'','Kabupaten Buru Selatan','','',0),
(1179,'',80,'','Kabupaten Kepulauan Aru','','',0),
(1180,'',80,'','Kabupaten Maluku Barat Daya','','',0),
(1181,'',80,'','Kabupaten Maluku Tengah','','',0),
(1182,'',80,'','Kabupaten Maluku Tenggara','','',0),
(1183,'',80,'','Kabupaten Maluku Tenggara Barat','','',0),
(1184,'',80,'','Kabupaten Seram Bagian Barat','','',0),
(1185,'',80,'','Kabupaten Seram Bagian Timur','','',0),
(1186,'',80,'','Kota Tual','','',0),
(1187,'',81,'','Kabupaten Halmahera Barat','','',0),
(1188,'',81,'','Kabupaten Halmahera Selatan','','',0),
(1189,'',81,'','Kabupaten Halmahera Tengah','','',0),
(1190,'',81,'','Kabupaten Halmahera Timur','','',0),
(1191,'',81,'','Kabupaten Halmahera Utara','','',0),
(1192,'',81,'','Kabupaten Kepulauan Sula','','',0),
(1193,'',81,'','Kabupaten Pulau Morotai','','',0),
(1194,'',81,'','Kabupaten Pulau Taliabu','','',0),
(1195,'',81,'','Kota Ternate','','',0),
(1196,'',81,'','Kota Tidore Kepulauan','','',0),
(1197,'',82,'','Kabupaten Aceh Barat','','',0),
(1198,'',82,'','Kabupaten Aceh Barat Daya','','',0),
(1199,'',82,'','Kabupaten Aceh Besar','','',0),
(1200,'',82,'','Kabupaten Aceh Jaya','','',0),
(1201,'',82,'','Kabupaten Aceh Selatan','','',0),
(1202,'',82,'','Kabupaten Aceh Singkil','','',0),
(1203,'',82,'','Kabupaten Aceh Tamiang','','',0),
(1204,'',82,'','Kabupaten Aceh Tengah','','',0),
(1205,'',82,'','Kabupaten Aceh Tenggara','','',0),
(1206,'',82,'','Kabupaten Aceh Timur','','',0),
(1207,'',82,'','Kabupaten Aceh Utara','','',0),
(1208,'',82,'','Kota Banda Aceh','','',0),
(1209,'',82,'','Kabupaten Bener Meriah','','',0),
(1210,'',82,'','Kabupaten Bireuen','','',0),
(1211,'',82,'','Kabupaten Gayo Lues','','',0),
(1212,'',82,'','Kota Lhokseumawe','','',0),
(1213,'',82,'','Kabupaten Nagan Raya','','',0),
(1214,'',82,'','Kabupaten Pidie','','',0),
(1215,'',82,'','Kabupaten Pidie Jaya','','',0),
(1216,'',82,'','Kota Sabang','','',0),
(1217,'',82,'','Kabupaten Simeulue','','',0),
(1218,'',82,'','Kota Subulussalam','','',0),
(1219,'',83,'','Kota Bima','','',0),
(1220,'',83,'','Kabupaten Bima','','',0),
(1221,'',83,'','Kabupaten Dompu','','',0),
(1222,'',83,'','Kabupaten Lombok Barat','','',0),
(1223,'',83,'','Kabupaten Lombok Tengah','','',0),
(1224,'',83,'','Kabupaten Lombok Timur','','',0),
(1225,'',83,'','Kabupaten Lombok Utara','','',0),
(1226,'',83,'','Kota Mataram','','',0),
(1227,'',83,'','Kabupaten Sumbawa','','',0),
(1228,'',83,'','Kabupaten Sumbawa Barat','','',0),
(1229,'',84,'','Kabupaten Alor','','',0),
(1230,'',84,'','Kabupaten Belu','','',0),
(1231,'',84,'','Kabupaten Ende','','',0),
(1232,'',84,'','Kabupaten Flores Timur','','',0),
(1233,'',84,'','Kota Kupang','','',0),
(1234,'',84,'','Kabupaten Kupang','','',0),
(1235,'',84,'','Kabupaten Lembata','','',0),
(1236,'',84,'','Kabupaten Malaka','','',0),
(1237,'',84,'','Kabupaten Manggarai','','',0),
(1238,'',84,'','Kabupaten Manggarai Barat','','',0),
(1239,'',84,'','Kabupaten Manggarai Timur','','',0),
(1240,'',84,'','Kabupaten Nagekeo','','',0),
(1241,'',84,'','Kabupaten Ngada','','',0),
(1242,'',84,'','Kabupaten Rote Ndao','','',0),
(1243,'',84,'','Kabupaten Sabu Raijua','','',0),
(1244,'',84,'','Kabupaten Sikka','','',0),
(1245,'',84,'','Kabupaten Sumba Barat','','',0),
(1246,'',84,'','Kabupaten Sumba Barat Daya','','',0),
(1247,'',84,'','Kabupaten Sumba Tengah','','',0),
(1248,'',84,'','Kabupaten Sumba Timur','','',0),
(1249,'',84,'','Kabupaten Timor Tengah Selatan','','',0),
(1250,'',84,'','Kabupaten Timor Tengah Utara','','',0),
(1251,'',85,'','Kabupaten Asmat','','',0),
(1252,'',85,'','Kabupaten Biak Numfor','','',0),
(1253,'',85,'','Kabupaten Boven Digoel','','',0),
(1254,'',85,'','Kabupaten Deiyai','','',0),
(1255,'',85,'','Kabupaten Dogiyai','','',0),
(1256,'',85,'','Kabupaten Intan Jaya','','',0),
(1257,'',85,'','Kota Jayapura','','',0),
(1258,'',85,'','Kabupaten Jayapura','','',0),
(1259,'',85,'','Kabupaten Jayawijaya','','',0),
(1260,'',85,'','Kabupaten Keerom','','',0),
(1261,'',85,'','Kabupaten Kepulauan Yapen','','',0),
(1262,'',85,'','Kabupaten Lanny Jaya','','',0),
(1263,'',85,'','Kabupaten Mamberamo Raya','','',0),
(1264,'',85,'','Kabupaten Mamberamo Tengah','','',0),
(1265,'',85,'','Kabupaten Mappi','','',0),
(1266,'',85,'','Kabupaten Merauke','','',0),
(1267,'',85,'','Kabupaten Mimika','','',0),
(1268,'',85,'','Kabupaten Nabire','','',0),
(1269,'',85,'','Kabupaten Nduga','','',0),
(1270,'',85,'','Kabupaten Paniai','','',0),
(1271,'',85,'','Kabupaten Pegunungan Bintang','','',0),
(1272,'',85,'','Kabupaten Puncak','','',0),
(1273,'',85,'','Kabupaten Puncak Jaya','','',0),
(1274,'',85,'','Kabupaten Sarmi','','',0),
(1275,'',85,'','Kabupaten Supiori','','',0),
(1276,'',85,'','Kabupaten Tolikara','','',0),
(1277,'',85,'','Kabupaten Waropen','','',0),
(1278,'',85,'','Kabupaten Yahukimo','','',0),
(1279,'',85,'','Kabupaten Yalimo','','',0),
(1280,'',86,'','Kabupaten Fakfak','','',0),
(1281,'',86,'','Kabupaten Kaimana','','',0),
(1282,'',86,'','Kabupaten Manokwari','','',0),
(1283,'',86,'','Kabupaten Manokwari Selatan','','',0),
(1284,'',86,'','Kabupaten Maybrat','','',0),
(1285,'',86,'','Kabupaten Pegunungan Arfak','','',0),
(1286,'',86,'','Kabupaten Raja Ampat','','',0),
(1287,'',86,'','Kota Sorong','','',0),
(1288,'',86,'','Kabupaten Sorong','','',0),
(1289,'',86,'','Kabupaten Sorong Selatan','','',0),
(1290,'',86,'','Kabupaten Tambrauw','','',0),
(1291,'',86,'','Kabupaten Teluk Bintuni','','',0),
(1292,'',86,'','Kabupaten Teluk Wondama','','',0),
(1293,'',87,'','Kabupaten Bengkalis','','',0),
(1294,'',87,'','Kota Dumai','','',0),
(1295,'',87,'','Kabupaten Indragiri Hilir','','',0),
(1296,'',87,'','Kabupaten Indragiri Hulu','','',0),
(1297,'',87,'','Kabupaten Kampar','','',0),
(1298,'',87,'','Kabupaten Kepulauan Meranti','','',0),
(1299,'',87,'','Kabupaten Kuantan Singingi','','',0),
(1300,'',87,'','Kota Pekanbaru','','',0),
(1301,'',87,'','Kabupaten Pelalawan','','',0),
(1302,'',87,'','Kabupaten Rokan Hilir','','',0),
(1303,'',87,'','Kabupaten Rokan Hulu','','',0),
(1304,'',87,'','Kabupaten Siak','','',0),
(1305,'',88,'','Kabupaten Majene','','',0),
(1306,'',88,'','Kabupaten Mamasa','','',0),
(1307,'',88,'','Kabupaten Mamuju','','',0),
(1308,'',88,'','Kabupaten Mamuju Tengah','','',0),
(1309,'',88,'','Kabupaten Mamuju Utara','','',0),
(1310,'',88,'','Kabupaten Polewali Mandar','','',0),
(1311,'',89,'','Kabupaten Bantaeng','','',0),
(1312,'',89,'','Kabupaten Barru','','',0),
(1313,'',89,'','Kabupaten Bone','','',0),
(1314,'',89,'','Kabupaten Bulukumba','','',0),
(1315,'',89,'','Kabupaten Enrekang','','',0),
(1316,'',89,'','Kabupaten Gowa','','',0),
(1317,'',89,'','Kabupaten Jeneponto','','',0),
(1318,'',89,'','Kabupaten Kepulauan Selayar','','',0),
(1319,'',89,'','Kabupaten Luwu','','',0),
(1320,'',89,'','Kabupaten Luwu Timur','','',0),
(1321,'',89,'','Kabupaten Luwu Utara','','',0),
(1322,'MKS',89,'','Kota Makassar','','',0),
(1323,'',89,'','Kabupaten Maros','','',0),
(1324,'',89,'','Kota Palopo','','',0),
(1325,'',89,'','Kabupaten Pangkajene Kepulauan','','',0),
(1326,'',89,'','Kota Parepare','','',0),
(1327,'',89,'','Kabupaten Pinrang','','',0),
(1328,'',89,'','Kabupaten Sidenreng Rappang','','',0),
(1329,'',89,'','Kabupaten Sinjai','','',0),
(1330,'',89,'','Kabupaten Soppeng','','',0),
(1331,'',89,'','Kabupaten Takalar','','',0),
(1332,'',89,'','Kabupaten Tana Toraja','','',0),
(1333,'',89,'','Kabupaten Toraja Utara','','',0),
(1334,'',89,'','Kabupaten Wajo','','',0),
(1335,'',90,'','Kabupaten Banggai','','',0),
(1336,'',90,'','Kabupaten Banggai Kepulauan','','',0),
(1337,'',90,'','Kabupaten Banggai Laut','','',0),
(1338,'',90,'','Kabupaten Buol','','',0),
(1339,'',90,'','Kabupaten Donggala','','',0),
(1340,'',90,'','Kabupaten Morowali','','',0),
(1341,'',90,'','Kabupaten Morowali Utara','','',0),
(1342,'',90,'','Kota Palu','','',0),
(1343,'',90,'','Kabupaten Parigi Moutong','','',0),
(1344,'',90,'','Kabupaten Poso','','',0),
(1345,'',90,'','Kabupaten Sigi','','',0),
(1346,'',90,'','Kabupaten Tojo Una-Una','','',0),
(1347,'',90,'','Kabupaten Toli-Toli','','',0),
(1348,'',91,'','Kota Bau-Bau','','',0),
(1349,'',91,'','Kabupaten Bombana','','',0),
(1350,'',91,'','Kabupaten Buton','','',0),
(1351,'',91,'','Kabupaten Buton Selatan','','',0),
(1352,'',91,'','Kabupaten Buton Tengah','','',0),
(1353,'',91,'','Kabupaten Buton Utara','','',0),
(1354,'',91,'','Kota Kendari','','',0),
(1355,'',91,'','Kabupaten Kolaka','','',0),
(1356,'',91,'','Kabupaten Kolaka Timur','','',0),
(1357,'',91,'','Kabupaten Kolaka Utara','','',0),
(1358,'',91,'','Kabupaten Konawe','','',0),
(1359,'',91,'','Kabupaten Konawe Kepulauan','','',0),
(1360,'',91,'','Kabupaten Konawe Selatan','','',0),
(1361,'',91,'','Kabupaten Konawe Utara','','',0),
(1362,'',91,'','Kabupaten Muna','','',0),
(1363,'',91,'','Kabupaten Muna Barat','','',0),
(1364,'',91,'','Kabupaten Wakatobi','','',0),
(1365,'',92,'','Kota Bitung','','',0),
(1366,'',92,'','Kabupaten Bolaang Mongondow','','',0),
(1367,'',92,'','Kabupaten Bolaang Mongondow Selatan','','',0),
(1368,'',92,'','Kabupaten Bolaang Mongondow Timur','','',0),
(1369,'',92,'','Kabupaten Bolaang Mongondow Utara','','',0),
(1370,'',92,'','Kabupaten Kepulauan Sangihe','','',0),
(1371,'',92,'','Kabupaten Kepulauan Siau Tagulandang Biaro (Sitaro)','','',0),
(1372,'',92,'','Kabupaten Kepulauan Talaud','','',0),
(1373,'',92,'','Kota Kotamobagu','','',0),
(1374,'',92,'','Kota Manado','','',0),
(1375,'',92,'','Kabupaten Minahasa','','',0),
(1376,'',92,'','Kabupaten Minahasa Selatan','','',0),
(1377,'',92,'','Kabupaten Minahasa Tenggara','','',0),
(1378,'',92,'','Kabupaten Minahasa Utara','','',0),
(1379,'',92,'','Kota Tomohon','','',0),
(1380,'',93,'','Kabupaten Agam','','',0),
(1381,'',93,'','Kota Bukittinggi','','',0),
(1382,'',93,'','Kabupaten Dharmasraya','','',0),
(1383,'',93,'','Kabupaten Kepulauan Mentawai','','',0),
(1384,'',93,'','Kabupaten Lima Puluh Kota','','',0),
(1385,'',93,'','Kota Padang','','',0),
(1386,'',93,'','Kota Padang Panjang','','',0),
(1387,'',93,'','Kabupaten Padang Pariaman','','',0),
(1388,'',93,'','Kota Pariaman','','',0),
(1389,'',93,'','Kabupaten Pasaman','','',0),
(1390,'',93,'','Kabupaten Pasaman Barat','','',0),
(1391,'',93,'','Kota Payakumbuh','','',0),
(1392,'',93,'','Kabupaten Pesisir Selatan','','',0),
(1393,'',93,'','Kota Sawah Lunto','','',0),
(1394,'',93,'','Kabupaten Sijunjung','','',0),
(1395,'',93,'','Kota Solok','','',0),
(1396,'',93,'','Kabupaten Solok','','',0),
(1397,'',93,'','Kabupaten Solok Selatan','','',0),
(1398,'',93,'','Kabupaten Tanah Datar','','',0),
(1399,'',94,'','Kabupaten Banyuasin','','',0),
(1400,'',94,'','Kabupaten Empat Lawang','','',0),
(1401,'',94,'','Kabupaten Lahat','','',0),
(1402,'',94,'','Kota Lubuk Linggau','','',0),
(1403,'',94,'','Kabupaten Muara Enim','','',0),
(1404,'',94,'','Kabupaten Musi Banyuasin','','',0),
(1405,'',94,'','Kabupaten Musi Rawas','','',0),
(1406,'',94,'','Kabupaten Musi Rawas Utara','','',0),
(1407,'',94,'','Kabupaten Ogan Ilir','','',0),
(1408,'',94,'','Kabupaten Ogan Komering Ilir','','',0),
(1409,'',94,'','Kabupaten Ogan Komering Ulu','','',0),
(1410,'',94,'','Kabupaten Ogan Komering Ulu Selatan','','',0),
(1411,'',94,'','Kabupaten Ogan Komering Ulu Timur','','',0),
(1412,'',94,'','Kota Pagar Alam','','',0),
(1413,'',94,'','Kota Palembang','','',0),
(1414,'',94,'','Kabupaten Penukal Abab Lematang Ilir','','',0),
(1415,'',94,'','Kota Prabumulih','','',0),
(1416,'',95,'','Kabupaten Asahan','','',0),
(1417,'',95,'','Kabupaten Batu Bara','','',0),
(1418,'',95,'','Kota Binjai','','',0),
(1419,'',95,'','Kabupaten Dairi','','',0),
(1420,'',95,'','Kabupaten Deli Serdang','','',0),
(1421,'',95,'','Kota Gunungsitoli','','',0),
(1422,'',95,'','Kabupaten Humbang Hasundutan','','',0),
(1423,'',95,'','Kabupaten Karo','','',0),
(1424,'',95,'','Kabupaten Labuhanbatu','','',0),
(1425,'',95,'','Kabupaten Labuhanbatu Selatan','','',0),
(1426,'',95,'','Kabupaten Labuhanbatu Utara','','',0),
(1427,'',95,'','Kabupaten Langkat','','',0),
(1428,'',95,'','Kabupaten Mandailing Natal','','',0),
(1429,'',95,'','Kota Medan','','',0),
(1430,'',95,'','Kabupaten Nias','','',0),
(1431,'',95,'','Kabupaten Nias Barat','','',0),
(1432,'',95,'','Kabupaten Nias Selatan','','',0),
(1433,'',95,'','Kabupaten Nias Utara','','',0),
(1434,'',95,'','Kabupaten Padang Lawas','','',0),
(1435,'',95,'','Kabupaten Padang Lawas Utara','','',0),
(1436,'',95,'','Kota Padang Sidempuan','','',0),
(1437,'',95,'','Kabupaten Pakpak Bharat','','',0),
(1438,'',95,'','Kota Pematang Siantar','','',0),
(1439,'',95,'','Kabupaten Samosir','','',0),
(1440,'',95,'','Kabupaten Serdang Bedagai','','',0),
(1441,'',95,'','Kota Sibolga','','',0),
(1442,'',95,'','Kabupaten Simalungun','','',0),
(1443,'',95,'','Kota Tanjung Balai','','',0),
(1444,'',95,'','Kabupaten Tapanuli Selatan','','',0),
(1445,'',95,'','Kabupaten Tapanuli Tengah','','',0),
(1446,'',95,'','Kabupaten Tapanuli Utara','','',0),
(1447,'',95,'','Kota Tebing Tinggi','','',0),
(1448,'',95,'','Kabupaten Toba Samosir','','',0);

/*Table structure for table `core_customer` */

DROP TABLE IF EXISTS `core_customer`;

CREATE TABLE `core_customer` (
  `customer_id` int NOT NULL AUTO_INCREMENT,
  `province_id` int DEFAULT NULL,
  `city_id` int DEFAULT NULL,
  `customer_code` varchar(255) DEFAULT NULL,
  `customer_name` varchar(255) DEFAULT NULL,
  `customer_tax_no` varchar(255) DEFAULT NULL,
  `customer_address` varchar(255) DEFAULT NULL,
  `customer_home_phone` varchar(255) DEFAULT NULL,
  `customer_mobile_phone1` varchar(255) DEFAULT NULL,
  `customer_mobile_phone2` varchar(255) DEFAULT NULL,
  `customer_email` varchar(255) DEFAULT NULL,
  `customer_fax_number` varchar(255) DEFAULT NULL,
  `customer_contact_person` varchar(255) DEFAULT NULL,
  `customer_payment_terms` decimal(10,0) DEFAULT NULL,
  `customer_remark` text,
  `data_state` int DEFAULT '0',
  `created_id` int DEFAULT NULL,
  `created_at` datetime DEFAULT NULL,
  `updated_at` timestamp NULL DEFAULT CURRENT_TIMESTAMP,
  `data_dump` varchar(255) DEFAULT NULL,
  PRIMARY KEY (`customer_id`),
  KEY `customer_id` (`customer_id`),
  KEY `FK_core_customer_province_id` (`province_id`),
  KEY `FK_core_customer_city_id` (`city_id`)
) ENGINE=InnoDB AUTO_INCREMENT=145 DEFAULT CHARSET=utf8mb3;

/*Data for the table `core_customer` */

insert  into `core_customer`(`customer_id`,`province_id`,`city_id`,`customer_code`,`customer_name`,`customer_tax_no`,`customer_address`,`customer_home_phone`,`customer_mobile_phone1`,`customer_mobile_phone2`,`customer_email`,`customer_fax_number`,`customer_contact_person`,`customer_payment_terms`,`customer_remark`,`data_state`,`created_id`,`created_at`,`updated_at`,`data_dump`) values 
(1,71,1045,NULL,'PT. INDOMARCO PRISMATAMA GUDANG INDUK SEMARANG',NULL,'JL. INDUSTRI TUGU I KAV 2-4, KWS. INDUSTRI TUGU WIJAYA KUSUMA, RANDUGARUT - SEMARANG, 024-8665660 / 8665657-58','024-8665660 / 8665657-58',NULL,NULL,NULL,NULL,'024-8665660 / 8665657-58',NULL,NULL,0,3,'0000-00-00 00:00:00','2023-08-05 05:52:28','Jawa Tengah'),
(2,70,999,NULL,'PT. INDOMARCO PRISMATAMA GUDANG INDUK CIREBON',NULL,'JL. PANGERAN ANTASARI BLOK, PETAPAN RT. 02 / 01 DS. KEDUJEN, KEC. DEPOK - KAB. CIREBON, 0231-247195/247915','0231-247195/247915',NULL,NULL,NULL,NULL,'0231-247195/247915',NULL,NULL,0,3,'0000-00-00 00:00:00','2023-08-05 05:52:41','Jawa Barat'),
(3,70,1008,NULL,'PT. INDOMARCO PRISMATAMA GUDANG INDUK BOGOR 2',NULL,'JL. RAYA BOGOR KM. 46,6, DESA NANGGEWER MEKAR KEC CIBINONG, BOGOR - JAWA BARAT',NULL,NULL,NULL,NULL,NULL,NULL,NULL,NULL,0,74,'0000-00-00 00:00:00','2023-08-05 05:52:49','Jawa Barat'),
(4,70,1008,NULL,'PT. INDOMARCO PRISMATAMA GUDANG INDUK BOGOR',NULL,'JL. RAYA ALTERNATIF SENTUL KM 46, KEL. CIJUJUNG - KEC. SUKARAJA, KAB. BOGOR - 16710, 8796050','8796050',NULL,NULL,NULL,NULL,'8796050',NULL,NULL,0,74,'0000-00-00 00:00:00','2023-08-05 05:52:57','Jawa Barat'),
(5,72,1067,'','PT. INDOMARCO PRISMATAMA GUDANG INDUK GRESIK',NULL,'JL. RAYA DUDUK SAMPEYAN RT 11, RW 04, DS AMBENG-WATANGREJO, KEC. DUDUK SAMPEYAN - GRESIK',NULL,NULL,NULL,NULL,NULL,NULL,0,NULL,0,0,'0000-00-00 00:00:00','2023-08-05 05:53:08','Jawa Timur'),
(6,70,1044,'','PT. INDOMARCO PRISMATAMA GUDANG INDUK PARUNG','','JL. PEMBANGUNAN RAYA GUNUNG, SINDUR NO. 21A RT.01 RW.02, Gunung Sindur - Bogor 16340, 7563078 ','7563078','','','','','7563078',0,'',0,0,'0000-00-00 00:00:00','0000-00-00 00:00:00','Jawa Barat'),
(7,67,1044,'','PT. INDOMARCO PRISMATAMA GUDANG INDUK JAKARTA','','JL. ANCOL BARAT VIII NO. 2, JAKARTA UTARA, 14430, 6919971-74      ','6919971-74      ','','','','','6919971-74      ',0,'',0,0,'0000-00-00 00:00:00','0000-00-00 00:00:00','DKI Jakarta'),
(8,89,1044,'','PT. INDOMARCO PRISMATAMA GUDANG INDUK MAKASAR','','JL. KIMA 10 BLOK A5 - A5 A, KEL. DAYA KEC. BIRINGKANAYA, MAKASAR SUL-SEL 90241, TELP: 0411-512292 / 5781492 / 512335    ',' 0411-512292 / 5781492 / 512335    ','','','','',' 0411-512292 / 5781492 / 512335    ',0,'',0,0,'0000-00-00 00:00:00','0000-00-00 00:00:00','Sulawesi Selatan'),
(9,72,1044,'','PT. INDOMARCO PRISMATAMA GUDANG INDUK SURABAYA','','JL. JENGGALA NO. 22, GEDANGAN, SIDOARJO - 61254, 8915000 / 8902222       ','8915000 / 8902222       ','','','','','8915000 / 8902222       ',0,'',0,0,'0000-00-00 00:00:00','0000-00-00 00:00:00','Jawa Timur'),
(10,70,1044,'','PT. INDOMARCO PRISMATAMA GUDANG INDUK SENTUL','','JL. RAYA ALTERNATIF SENTUL KM46, KEL. CIJUJUNG - KEC. SUKARAJA, KAB. BOGOR - 16710, 8796050 ','8796050','','','','','8796050',0,'',0,0,'0000-00-00 00:00:00','0000-00-00 00:00:00','Jawa Barat'),
(11,79,1044,'','PT. INDOMARCO PRISMATAMA GUDANG INDUK LAMPUNG','','JL. TEMBESU NO. 8 DESA CAMPANG, RAYA - KALI BALOK, BANDAR LAMPUNG - 35122, 0721 - 7699123  ','0721 - 7699123  ','','','','','0721 - 7699123  ',0,'',0,0,'0000-00-00 00:00:00','0000-00-00 00:00:00','Lampung'),
(12,71,1044,'','PT. INDOMARCO PRISMATAMA DC MINI LOMBOK','','JL. BY PASS BANDARA INTERNATIO, NAL LOMBOK, DESA / KEL : BATUJAI / UNGGA, KEC : PRAYA, BP. ARIEF INDARTO, 08562956206        ','8562956206','','','','','8562956206',0,'',0,0,'0000-00-00 00:00:00','0000-00-00 00:00:00','Nusa Tenggara Barat'),
(13,71,1044,'','PT. INDOMARCO PRISMATAMA GUDANG INDUK YOGYAKARTA','','JL. RINGROAD BARAT NO. 99, PADUKUHAN SALAKAN RT.08 / RW.26, TRIHANGGO GAMPING - SLEMAN JGY, 0274-6499300    ','0274-6499300    ','','','','','0274-6499300    ',0,'',0,0,'0000-00-00 00:00:00','0000-00-00 00:00:00','Daerah Istimewa Yogyakarta'),
(14,70,1044,'','PT. INDOMARCO PRISMATAMA GUDANG INDUK PURWAKARTA','','KAWASAN KOTA BUKIT INDAH, SEKTOR N BLOK N 1/5, CIKAMPEK - JAWA BARAT, 0264-8281901    ',' 0264-8281901    ','','','','',' 0264-8281901    ',0,'',0,0,'0000-00-00 00:00:00','0000-00-00 00:00:00','Jawa Barat'),
(15,72,1044,'','PT. INDOMARCO PRISMATAMA GUDANG INDUK JEMBER','','JL. PIERRE TENDEAN NO. 99A, DUSUN TEGAL BAI, KEL. KARANGREJO, KEC. SUMBERSARI, JEMBER - 68127         ','','','','','','',0,'',0,0,'0000-00-00 00:00:00','0000-00-00 00:00:00','Jawa Timur'),
(16,67,1044,'','PT. INDOMARCO PRISMATAMA GUDANG INDUK JAKARTA 2','','JL. ANCOL 8 NO. 2, ANCOL BARAT, JAKARTA 14430           ','','','','','','',0,'',0,0,'0000-00-00 00:00:00','0000-00-00 00:00:00','DKI Jakarta'),
(17,72,1044,'','PT. INDOMARCO PRISMATAMA GUDANG INDUK MALANG','','JL. MAYJEND SUNGKONO NO.99, KEL. WONOKOYO KEC. KDNG KANDANG, RT.01 RW.02 KODYA MALANG, JATIM   ','','','','','','',0,'',0,0,'0000-00-00 00:00:00','0000-00-00 00:00:00','Jawa Timur'),
(18,70,1044,'','PT. INDOMARCO PRISMATAMA GUDANG INDUK BANDUNG','','JL. JEND. A. YANI NO. 806, KIARACONDONG - CICAHEUM, BANDUNG 40282, 022-7215556     ','022-7215556     ','','','','','022-7215556     ',0,'',0,0,'0000-00-00 00:00:00','0000-00-00 00:00:00','Jawa Barat'),
(19,62,1044,'','PT. INDOMARCO PRISMATAMA GUDANG INDUK BALI','','JL. I GUSTI NGURAH RAI (BADUNG_SINGARAJA), DESA WERDHI BUANA, KEC. MENGWI KAB BADUNG, BALI, 0361-829329     ','0361-829329     ','','','','','0361-829329     ',0,'',0,0,'0000-00-00 00:00:00','0000-00-00 00:00:00','Bali'),
(20,73,1044,'','PT. INDOMARCO PRISMATAMA GUDANG INDUK DEPO PONTIANAK','','JL. TRANS KALIMANTAN KOMPLEK, PERGURUAN PRIMA LESTARI, BLOK D.2 NO. 1-3 - KUBURAYA, KALBAR  ','','','','','','',0,'',0,0,'0000-00-00 00:00:00','0000-00-00 00:00:00','Kalimantan Barat'),
(21,64,1044,'','PT. INDOMARCO PRISMATAMA GUDANG INDUK TANGERANG 2','','JL. GATOT SOEBROTO KM. 9, RT. 03/01 KEL. KADE KEC. CURUG, KAB. TANGERANG.         ','','','','','','',0,'',0,0,'0000-00-00 00:00:00','0000-00-00 00:00:00','Banten'),
(22,64,1044,'','PT. INDOMARCO PRISMATAMA GUDANG INDUK TANGERANG 1','','JL. RAYA SERANG RT. 003 / 001 KM 09, NO. 1A ZONA INDUSTRI MANIS, DS. KADU JAYA KEC. CURUG, TANGERANG       ','','','','','','',0,'',0,0,'0000-00-00 00:00:00','0000-00-00 00:00:00','Banten'),
(23,95,1044,'','PT. INDOMARCO PRISMATAMA GUDANG INDUK MEDAN','','JL. INDUSTRI DUSUN 1 NO. 60, KEL. TANJUNG MORAWA, KAB. DELI SERDANG 20582, 061-7877060, 7877731    ','061-7877060, 7877731    ','','','','','061-7877060, 7877731    ',0,'',0,0,'0000-00-00 00:00:00','0000-00-00 00:00:00','Sumatera Utara'),
(24,72,1044,'','PT. INDOMARCO PRISMATAMA GUDANG INDUK JOMBANG','','JL. PETERONGAN KM 71,3, DESA CANDI - DESA SAMBIREJO, KEC. JOGOROTO, KAB JOMBANG              ','','','','','','',0,'',0,0,'0000-00-00 00:00:00','0000-00-00 00:00:00','Jawa Timur'),
(25,70,1044,'','PT. INDOMARCO PRISMATAMA GUDANG INDUK BEKASI','','JL. JABABEKA RAYA BLOK A NO. 6-15, RT. 004 RW. 006 PASIR GOMBONG, CIKARANG UTARA - BEKASI, K       ','','','','','','',0,'',0,0,'0000-00-00 00:00:00','0000-00-00 00:00:00','Jawa Barat'),
(26,92,1044,'','PT. INDOMARCO PRISMATAMA GUDANG INDUK MANADO','','KOMP. GUDANG PUSKUD BLOK C2 / C3, JL. RY. MANADO BITUNG, KOLONGAN, TETEMPANGAN JAGA 7, KALAWAT             ','','','','','','',0,'',0,0,'0000-00-00 00:00:00','0000-00-00 00:00:00','Sulawesi Utara'),
(27,94,1044,'','PT. INDOMARCO PRISMATAMA GUDANG INDUK PALEMBANG','','JL. PANGERAN AYIN NO. 326, KEL. SUKAMAJU KEC. SAKO, PALEMBANG - SUMSEL - 30361, 0711-822006     ','0711-822006     ','','','','','0711-822006     ',0,'',0,0,'0000-00-00 00:00:00','0000-00-00 00:00:00','Sumatera Selatan'),
(28,64,1044,'','PT. INDOMARCO PRISMATAMA GUDANG INDUK LEBAK','','JL. RANGKASBITUNG, PANDEGLANG KM 12 RT 14 RW 05, KP. CIBUAH KERTA MUKTI - BANTEN         ','','','','','','',0,'',0,0,'0000-00-00 00:00:00','0000-00-00 00:00:00','Banten'),
(29,87,1044,'','PT. INDOMARCO PRISMATAMA GUDANG INDUK PEKANBARU','','JL. RAYA KUBANG TERATAK BULUH, RT. 03 / 02 DUSUN II KERAMAT SAKTI, KUBANG JAYA, SIAK HULU - RIAU           ','','','','','','',0,'',0,0,'0000-00-00 00:00:00','0000-00-00 00:00:00','Riau'),
(30,65,1044,'','PT. INDOMARCO PRISMATAMA GUDANG INDUK BENGKULU','','JL. DEPATI PAYUNG NEGARA, KEL, BETUNGAN   KEC, SELEBAR, KOTA BENGKULU           ','','','','','','',0,'',0,0,'0000-00-00 00:00:00','0000-00-00 00:00:00','Bengkulu'),
(31,89,1044,'','PT. INDOMARCO PRISMATAMA GUDANG INDUK MAKASAR','','JL.KIMA 10 BLOK A5-A5 A, KEC.BIRINGKANAYA MAKASAR, SULAWESI SELATAN 90243, 0411-512292/5781492/512335      ',' 0411-512292/5781492/512335    ','','','','',' 0411-512292/5781492/512335    ',0,'',0,0,'0000-00-00 00:00:00','0000-00-00 00:00:00','Sulawesi Selatan'),
(32,71,1044,'','PT. INDOMARCO PRISMATAMA GUDANG INDUK DEPO ACEH','','JL.LAKSAMANA MALAHYATI   DS.BAET, KEC. BAITUSSALAM   KAB. ACEH BESAR, NANGROE ACEH DARUSSALAM         ','','','','','','',0,'',0,0,'0000-00-00 00:00:00','0000-00-00 00:00:00','Aceh'),
(33,71,1044,'','PT. INDOMARCO PRISMATAMA GUDANG INDUK KLATEN','','JL. RAYA PENGGUNG-JATINOM, DESA BLENCERAN, KEC. KARANGANOM, KAB. KLATEN, JAWA TENGAH                ','','','','','','',0,'',0,0,'0000-00-00 00:00:00','0000-00-00 00:00:00','Jawa Tengah'),
(34,92,1044,'','PT. INDOMARCO PRISMATAMA GUDANG INDUK MANADO BARU','','JL. RAYA MANADO - BITUNG, AIRMADIDI ATAS KEC.AIRMADIDI, KAB.MINAHASA UTARA SULUT 95371          ','','','','','','',0,'',0,0,'0000-00-00 00:00:00','0000-00-00 00:00:00','Sulawesi Utara'),
(35,89,1044,'','PT. INDOMARCO PRISMATAMA GUDANG INDUK PALOPO','','JL. POROS MAKASAR - PALOPO, DESA KARANG KARANGAN, KEC. BUA, KAB. LUWU, SUL-SEL 91991         ','','','','','','',0,'',0,0,'0000-00-00 00:00:00','0000-00-00 00:00:00','Sulawesi Selatan'),
(36,73,1044,'','PT. INDOMARCO PRISMATAMA GUDANG INDUK PONTIANAK BARU','','JL. ARTERI SUPADIO  RT. 04  RW. 08, DESA JL.PARIT BARU SUNGAI RAYA, KAB. KUBU RAYA KALIMANTAN BARAT.                ','','','','','','',0,'',0,0,'0000-00-00 00:00:00','0000-00-00 00:00:00','Kalimantan Barat'),
(37,81,1044,'','PT. INDOMARCO PRISMATAMA GUDANG INDUK JATI TERNATE','','JL. SANTO PETRO JEMBATAN 6, NAIK KEDARA, KALUMATA, TERNATE, SELATAN-MALUKU UTARA 97718              ','','','','','','',0,'',0,0,'0000-00-00 00:00:00','0000-00-00 00:00:00','Maluku Utara'),
(38,74,1044,'','PT. INDOMARCO PRISMATAMA GUDANG INDUK BANJARMASIN','','JL.A.YANI KM 12,2, KEL.GAMBUT BARAT KAB.BANJAR, BANJARMASIN, 70652   ','','','','','','',0,'',0,0,'0000-00-00 00:00:00','0000-00-00 00:00:00','Kalimantan Selatan'),
(39,71,1044,'','PT. INDOMARCO PRISMATAMA GUDANG INDUK BANGKA','','JL.KETAPANG KAWASAN TPI RT.001, TEMBERAN,BACANG,BUKIT INTAN, KOTA PANGKAL PINANG, KEP. BANGKA BELITUNG    ','','','','','','',0,'',0,0,'0000-00-00 00:00:00','0000-00-00 00:00:00','Kepulauan Bangka Belitung'),
(40,64,1044,'','PT. SUMBER ALFARIA TRJAYA, Tbk Cikokol Branch','','Jl. MH. Thamrin No. 9, Cikokol Tangerang 15117, Banten, Indonesia','Phone   : 021-5575 5966    ','','','','','Phone   : 021-5575 5966    ',0,'',0,0,'0000-00-00 00:00:00','0000-00-00 00:00:00','Banten'),
(41,64,1044,'','PT. SUMBER ALFARIA TRJAYA, Tbk Balaraja Branch','','Jl. Arya Jaya Santika No. 19, RT/RW 001/02, Kp. Seglok Desa Pasir Bolang, Kec. Tigaraksa, Tangerang 15720, Banten','Phone   : 021-5990 123    Fax        : 021-5990 388','','','','','Phone   : 021-5990 123    Fax        : 021-5990 388',0,'',0,0,'0000-00-00 00:00:00','0000-00-00 00:00:00','Banten'),
(42,70,1044,'','PT. SUMBER ALFARIA TRJAYA, Tbk Cileungsi Branch 2','','Kawasan Industri Menara Permai Kav. 18 JL.RAYA NAROGONG RT 01/RW 01.KEL,DAYEH','Phone : 021-8249 8222, 8249 9234    Fax     : 021-8249 7200, 8249 7500','','','','','Phone : 021-8249 8222, 8249 9234    Fax     : 021-8249 7200, 8249 7500',0,'',0,0,'0000-00-00 00:00:00','0000-00-00 00:00:00','Jawa Barat'),
(43,64,1044,'','PT. SUMBER ALFARIA TRJAYA, Tbk DEPO Balaraja Branch','','Jl. Arya Jaya Santika No. 19, RT/RW 001/02, Kp. Seglok Desa Pasir Bolang, Kec. Tigaraksa, Tangerang 15720, Banten','Phone   : 021-5990 123    Fax        : 021-5990 388','','','','','Phone   : 021-5990 123    Fax        : 021-5990 388',0,'',0,0,'0000-00-00 00:00:00','0000-00-00 00:00:00','Banten'),
(44,70,1044,'','PT. SUMBER ALFARIA TRJAYA, Tbk Bekasi Branch','','Kawasan Industri Jababeka 2 Jl. Industri Selatan VI Blok PP No. 6 Cikarang, Jawa Barat','Phone : 021- 8984 1456       Fax      : 021- 8984 1455','','','','','Phone : 021- 8984 1456       Fax      : 021- 8984 1455',0,'',0,0,'0000-00-00 00:00:00','0000-00-00 00:00:00','Jawa Barat'),
(45,72,1044,'','PT. SUMBER ALFARIA TRJAYA, Tbk Sidoarjo BULKY BEREBEK (BBRK)','','Jl. BERBEK INDUSTRI VII No 3-5 WARU SIDOARJO','','','','','','',0,'',0,0,'0000-00-00 00:00:00','0000-00-00 00:00:00','Jawa Timur'),
(46,70,1044,'','PT. SUMBER ALFARIA TRJAYA, Tbk Bandung Branch 1','','Jl. Soekarno Hatta No. 791, Cisaranten Wetan Bandung 40294, Jawa Barat','Fax : 022-7833 215, 7817 247    Fax : 022-7833 215, 7817 247','','','','','Fax : 022-7833 215, 7817 247    Fax : 022-7833 215, 7817 247',0,'',0,0,'0000-00-00 00:00:00','0000-00-00 00:00:00','Jawa Barat'),
(47,70,1044,'','PT. SUMBER ALFARIA TRJAYA, Tbk Bandung Branch 2','','Jl. Nanjung RT/RW 006/11 (Blok Ajeng), Desa Utama, Kec. Cimahi Selatan Kota Cimahi, Kab. Bandung, Jawa Barat','Phone : 022- 6675 300    Fax      : 022- 6671 567','','','','','Phone : 022- 6675 300    Fax      : 022- 6671 567',0,'',0,0,'0000-00-00 00:00:00','0000-00-00 00:00:00','Jawa Barat'),
(48,71,1044,'','PT. SUMBER ALFARIA TRJAYA, Tbk Cilacap Branch','','Jl. MT. Haryono No. 168 Kawasan Industri Cilacap 53221 Kelurahan Lomanis, Jawa Tengah','Phone    : 0282-548 345    Fax       : 0282-548 337','','','','','Phone    : 0282-548 345    Fax       : 0282-548 337',0,'',0,0,'0000-00-00 00:00:00','0000-00-00 00:00:00','Jawa Tengah'),
(49,71,1044,'','PT. SUMBER ALFARIA TRJAYA, Tbk Lombok Branch','','Jl. TGH Saleh Hambali Km 20 Dasan Cermen Sandubaya Mataram 83123','Phone : 0370-620994','','','','','Phone : 0370-620994',0,'',0,0,'0000-00-00 00:00:00','0000-00-00 00:00:00','Nusa Tenggara Barat'),
(50,72,1044,'','PT. SUMBER ALFARIA TRJAYA, Tbk Sidoarjo Branch','','Jl. Sukodono No.45 Desa Keboan Sikep Kec.Gedangan Sidoarjo 61254','','','','','','',0,'',0,0,'0000-00-00 00:00:00','0000-00-00 00:00:00','Jawa Timur'),
(51,71,1044,'','PT. SUMBER ALFARIA TRJAYA, Tbk Semarang Branch','','Kawasan Industri Tugu Wijaya Kusuma Jl. Industri I No. 1, Randugarut, Tugu Semarang 50010, Jawa Tengah','Phone  : 031-8912 111    Fax      : 031-8911 845','','','','','Phone  : 031-8912 111    Fax      : 031-8911 845',0,'',0,0,'0000-00-00 00:00:00','0000-00-00 00:00:00','Jawa Tengah'),
(52,79,1044,'','PT. SUMBER ALFARIA TRJAYA, Tbk Lampung Branch','','Jl. Tembesu No.10 Rt.001 Rw. 001 Campang Raya, Sukabumi Kota Bandar Lampung 35122, Lampung','Phone : 024-8660 999    Fax       : 024-8660 888','','','','','Phone : 024-8660 999    Fax       : 024-8660 888',0,'',0,0,'0000-00-00 00:00:00','0000-00-00 00:00:00','Lampung'),
(53,72,1044,'','PT. SUMBER ALFARIA TRJAYA, Tbk Malang Branch','','Jl. Raya Singosari Km 16, Desa Losari Kec. Singosari, Kab. Malang, Jawa Timur','Phone : 0721-7699 111    Fax      : 0721-7699 100','','','','','Phone : 0721-7699 111    Fax      : 0721-7699 100',0,'',0,0,'0000-00-00 00:00:00','0000-00-00 00:00:00','Jawa Timur'),
(54,71,1044,'','PT. SUMBER ALFARIA TRJAYA, Tbk Klaten Branch','','Jl. Solo - Yogya Km 22, Kaliwingko, Banaran Delanggu, Klaten, Jawa Tengah','Phone : 0341-7285 667    Fax    : 0341-454 777','','','','','Phone : 0341-7285 667    Fax    : 0341-454 777',0,'',0,0,'0000-00-00 00:00:00','0000-00-00 00:00:00','Jawa Tengah'),
(55,62,1044,'','PT. SUMBER ALFARIA TRJAYA, Tbk Bali Branch','','Jl. Bypass Ida Bagus Mantra Lingkungan Siut Desa Tulikup Kec. Gianyar Kab. Gianyar 80515','Phone : 0272-554 325    Fax      : 0272-557 000','','','','','Phone : 0272-554 325    Fax      : 0272-557 000',0,'',0,0,'0000-00-00 00:00:00','0000-00-00 00:00:00','Bali'),
(56,72,1044,'','PT. SUMBER ALFARIA TRJAYA, Tbk Jember Branch','','Jl. Brawijaya Komplek Rejo Agung Mangli - Jember 68153','','','','','','',0,'',0,0,'0000-00-00 00:00:00','0000-00-00 00:00:00','Jawa Timur'),
(57,95,1044,'','PT. SUMBER ALFARIA TRJAYA, Tbk Medan Branch','','Jl. Kawasan Industri No 99 S Tanjung Morawa Kab. DELI SERDANG','Phone  : 0331-426333    Fax       : 0331-426555','','','','','Phone  : 0331-426333    Fax       : 0331-426555',0,'',0,0,'0000-00-00 00:00:00','0000-00-00 00:00:00','Sumatera Utara'),
(58,70,1044,'','PT. SUMBER ALFARIA TRJAYA, Tbk Bogor Branch','','Jl. Raya Pemda - Karadenan RT 04/RW 10 Kel. Karadenan Kec. Cibinong - Bogor','phone  : 061-8050 8000 / 8050 8001    Fax  : 061-8050 8003','','','','','phone  : 061-8050 8000 / 8050 8001    Fax  : 061-8050 8003',0,'',0,0,'0000-00-00 00:00:00','0000-00-00 00:00:00','Jawa Barat'),
(59,64,1044,'','PT. SUMBER ALFARIA TRJAYA, Tbk DC.cikokol (Bulky Imam Bonjol)','','Jl. IMAM BONJOL No.198 NUSA JAYA KARAWACI TANGERANG','Phone : 021-2956 8456    Fax      : 021-2956 8444','','','','','Phone : 021-2956 8456    Fax      : 021-2956 8444',0,'',0,0,'0000-00-00 00:00:00','0000-00-00 00:00:00','Banten'),
(60,87,1044,'','PT. SUMBER ALFARIA TRJAYA, Tbk Pekanbaru Branch','','Jl. Siak 2 Air Hitam, Kel. Simpang Baru Kec. Tampan, Pekanbaru','','','','','','',0,'',0,0,'0000-00-00 00:00:00','0000-00-00 00:00:00','Riau'),
(61,70,1044,'','PT. SUMBER ALFARIA TRJAYA, Tbk Plumbon Branch','','Jl. Pangeran Antasari Blok Kebuyan RT 013/ 005 Desa Lurah, Kec. Plumbon, Kabupaten Cirebon','Phone  : 0761-8417 106    Fax      : 0761-8417 102','','','','','Phone  : 0761-8417 106    Fax      : 0761-8417 102',0,'',0,0,'0000-00-00 00:00:00','0000-00-00 00:00:00','Jawa Barat'),
(62,70,1044,'','PT. SUMBER ALFARIA TRJAYA, Tbk Parung Branch','','Jl. Raya Gunung Sindur RT 010 / RW 005 Kp. Tulang Kuning, Desa Waru, Kec, Parung Kabupaten Bogor, Jawa Barat','Phone : 0231-8290 001 / 8290 000    Fax      : 0231-8290 022 / 8290 024','','','','','Phone : 0231-8290 001 / 8290 000    Fax      : 0231-8290 022 / 8290 024',0,'',0,0,'0000-00-00 00:00:00','0000-00-00 00:00:00','Jawa Barat'),
(63,79,1044,'','PT. SUMBER ALFARIA TRJAYA, Tbk Kotabumi Branch','','Jl. Lintas Sumatera RT/RW 001/001 Desa Kalibalangan, Kec. Abung Selatan Kotabumi Lampung Utara Depan Polsek Abung Selatan','Phone  : 0251-7554422    Fax        : 0251-7554423','','','','','Phone  : 0251-7554422    Fax        : 0251-7554423',0,'',0,0,'0000-00-00 00:00:00','0000-00-00 00:00:00','Lampung'),
(64,70,1044,'','PT. SUMBER ALFARIA TRJAYA, Tbk Karawang Branch','','Jl. Alternatif Tanjungpura-Klari RT 017 RW 004 Desa Mergasari, Kec. Karawang Timur Kabupaten Karawang 41351','Phone : 081511636553    Fax      : 0724-3260052','','','','','Phone : 081511636553    Fax      : 0724-3260052',0,'',0,0,'0000-00-00 00:00:00','0000-00-00 00:00:00','Jawa Barat'),
(65,64,1044,'','PT. SUMBER ALFARIA TRJAYA, Tbk Serang Branch','','Jl. Raya Serang Cilegon Km 3.1 Desa Drangon Kec Taktakan Kab Serang','Phone  : 0267-8634161    Fax        : 0267-8634160','','','','','Phone  : 0267-8634161    Fax        : 0267-8634160',0,'',0,0,'0000-00-00 00:00:00','0000-00-00 00:00:00','Banten'),
(66,94,1044,'','PT. SUMBER ALFARIA TRJAYA, Tbk DC. PALEMBANG Branch','','Jl. Tembus Terminal Alang-Alang Lebar RT.12 RW. 05 Kel. Talang Kelapa Kec. Alang-Alang Lebar Palembang - 30154','','','','','','',0,'',0,0,'0000-00-00 00:00:00','0000-00-00 00:00:00','Sumatera Selatan'),
(67,70,1044,'','PT. SUMBER ALFARIA TRJAYA, Tbk DC.CIANJUR','','Alamat : JL.Cianjur Suka Bumi RT.01 / RW.01 Ds.Bunisari , Kec.Warung - Kondang','Telp : 02547913535','','','','','Telp : 02547913535',0,'',0,0,'0000-00-00 00:00:00','0000-00-00 00:00:00','Jawa Barat'),
(68,89,1044,'','PT. SUMBER ALFARIA TRJAYA, Tbk DC.MAKASAR','','JL.Kima Raya VIII Blok SS No.23 Kel.Bira Kec.Tamalanrea Kota Makasar','','','','','','',0,'',0,0,'0000-00-00 00:00:00','0000-00-00 00:00:00','Sulawesi Selatan'),
(69,73,1044,'','PT. SUMBER ALFARIA TRIJAYA, Tbk Branch DEPO PONTIANAK','','Kawasan Borneo Business Icon Jl.Mayor Alianyang ruko B no.6 kab. Kubu Raya prov.Kalimantan Barat 78241','Telp ; 081 58 500 4989','','','','','Telp ; 081 58 500 4989',0,'',0,0,'0000-00-00 00:00:00','0000-00-00 00:00:00','Kalimantan Barat'),
(70,69,1044,'','PT. SUMBER ALFARIA TRJAYA, Tbk Jambi Branch','','Jl. Raya Palembang- Jambi KM 14 Pondok Meja Kec.Maestong Kab. Muaro Jambi Rov.Jambi','','','','','','',0,'',0,0,'0000-00-00 00:00:00','0000-00-00 00:00:00','Jambi'),
(71,92,1044,'','PT. SUMBER ALFARIA TRJAYA, Tbk Manado Branch','','Jl. Raya Worang By Pass Desa Karegesan Jaga IV Kec.Kauditan Kab. Minahasa Utara','Telp : ( 0411 ) 4723201 / 4723210    Fax : ( 0411 ) 4733172','','','','','Telp : ( 0411 ) 4723201 / 4723210    Fax : ( 0411 ) 4733172',0,'',0,0,'0000-00-00 00:00:00','0000-00-00 00:00:00','Sulawesi Utara'),
(72,74,1044,'','PT. SUMBER ALFARIA TRJAYA, Tbk Banjarmasin Branch','','Jl. Raya Nusa Indah RT05/RW02 Kec. Bati bati, Tanah laut 70852 Kalimantan selatan Indonesia','','','','','','',0,'',0,0,'0000-00-00 00:00:00','0000-00-00 00:00:00','Kalimantan Selatan'),
(73,71,1044,'','PT. SUMBER ALFARIA TRJAYA, Tbk DC REMBANG','','Jl Raya Rembang Lasem KM 3 Rt.01/Rw.05.Desa Pasar Banggi,Sawah, Pasar Banggi, Kec. Rembang, Kab. Rembang Jawa Tengah 59219, Indonesia','Phone : 0741-5915999    CP : Choerul Anwar ( 08161621148 ext 49169)','','','','','Phone : 0741-5915999    CP : Choerul Anwar ( 08161621148 ext 49169)',0,'',0,0,'0000-00-00 00:00:00','0000-00-00 00:00:00','Jawa Tengah'),
(74,73,1044,'','CABANG INDOGROSIR PONTIANAK','','JL. ARTERI SUPADIO RT.04 / RW.08, DESA PARITBARU, KEC. SUNGAI RAYA, KAB. KUBU RAYA, KOTA PONTIANAK, L','','','','','','',0,'',0,0,'0000-00-00 00:00:00','0000-00-00 00:00:00','Kalimantan Barat'),
(75,70,1044,'','CABANG INDOGROSIR BANDUNG','','JL. AHMAD YANI NO. 806, CICAHEUM BANDUNG, 40282, 022-7202711','','','','','','',0,'',0,0,'0000-00-00 00:00:00','0000-00-00 00:00:00','Jawa Barat'),
(76,95,1044,'','CABANG INDOGROSIR MEDAN','','JL. SISINGAMANGARAJA KM 6.5, KEC. MEDAN AMPLAS, MEDAN - SUMUT, (061) 7877060, 7877731','','','','','','',0,'',0,0,'0000-00-00 00:00:00','0000-00-00 00:00:00','Sumatera Utara'),
(77,92,1044,'','CABANG INDOGROSIR MANADO','','JL. AA MARAMIS NO. 15, KEL. PANIKI SATU, LINGKUNGAN 1, KEC. MAPANGET, MANADO, 95258','','','','','','',0,'',0,0,'0000-00-00 00:00:00','0000-00-00 00:00:00','Sulawesi Utara'),
(78,76,1044,'','CABANG INDOGROSIR SAMARINDA','','JL. A.W. SYAHRANIE NO. 51, KEL. SEMPAJA SELATAN, SAMARINDA - 75119, 7770734','','','','','','',0,'',0,0,'0000-00-00 00:00:00','0000-00-00 00:00:00','Kalimantan Timur'),
(79,70,1044,'','CABANG INDOGROSIR BOGOR','','JL. RAYA BOGOR - JAKARTA KM 46.7, KEL. NANGEWER MEKAR, CIBINONG, KAB. BOGOR 16912','','','','','','',0,'',0,0,'0000-00-00 00:00:00','0000-00-00 00:00:00','Jawa Barat'),
(80,89,1044,'','CABANG INDOGROSIR MAKASAR','','JL. PERINTIS KEMERDEKAAN NO. 17, KM. 18, KEL. PAI KEC. BIRINGKANAYA, KOTA MAKASAR, SULAWESI SELATAN','','','','','','',0,'',0,0,'0000-00-00 00:00:00','0000-00-00 00:00:00','Sulawesi Selatan'),
(81,70,1044,'','CABANG INDOGROSIR BINTARA','','JL. I GUSTI NGURAH RAI, KEL. BINTARA, KEC. BEKASI BARAT, KOTA BEKASI, 6909471','','','','','','',0,'',0,0,'0000-00-00 00:00:00','0000-00-00 00:00:00','Jawa Barat'),
(82,67,1044,'','CABANG INDOGROSIR CIPINANG','','JL. PISANGAN TIMUR, CIPINANG, JAKARTA TIMUR, 4706455','','','','','','',0,'',0,0,'0000-00-00 00:00:00','0000-00-00 00:00:00','DKI Jakarta'),
(83,94,1044,'','CABANG INDOGROSIR PALEMBANG','','JL. PANGERAN AYIN RT. 05 / RW. 03, KEL. SUKAMAJU, KEC. SAKO, PALEMBANG, 711822123','','','','','','',0,'',0,0,'0000-00-00 00:00:00','0000-00-00 00:00:00','Sumatera Selatan'),
(84,67,1044,'','CABANG INDOGROSIR KEMAYORAN','','JL. TERUSAN ANGKASA B2 KAV 1, GUNUNG SAHARI SELATAN, KEMAYORAN JAKARTA PUSAT, 6909471','','','','','','',0,'',0,0,'0000-00-00 00:00:00','0000-00-00 00:00:00','DKI Jakarta'),
(85,71,1044,'','CABANG INDOGROSIR SEMARANG','','JL.RAYA KALIGAWE 38KM 5.1, RT01/RW01 TERBOYO WETAN, GENUK SEMARANG, TELP: 024-76928282','','','','','','',0,'',0,0,'0000-00-00 00:00:00','0000-00-00 00:00:00','Jawa Tengah'),
(86,91,1044,'','CABANG INDOGROSIR KENDARI','','JL MADUSILA NO.19 KEC POASIA, KEL.ANDUONOHU, KENDARI SULAWESI TENGGARA','','','','','','',0,'',0,0,'0000-00-00 00:00:00','0000-00-00 00:00:00','Sulawesi Tenggara'),
(87,64,1044,'','CABANG INDOGROSIR CIPUTAT','','JL RAYA PARUNG CIPUTAT NO 21, RT02/04 KELURAHAN KEDAUNG, KEC, SAWANGAN, KOTA DEPOK','','','','','','',0,'',0,0,'0000-00-00 00:00:00','0000-00-00 00:00:00','Banten'),
(88,70,1044,'','CABANG KARAWANG','','JL. KEPUH No.22 KEL. NAGASARI, KEC. KARAWANG BARAT, KAB.KARAWANG JAWA BARAT','','','','','','',0,'',0,0,'0000-00-00 00:00:00','0000-00-00 00:00:00','Jawa Barat'),
(89,70,1044,'','CABANG INDOGROSIR KARAWANG','','JL. KEPUH No.22, (JL. LINGKAR TANJUNGPURA), KEL.NAGASARI, KEC. KARAWANG BARAT, JAWA BARAT','','','','','','',0,'',0,0,'0000-00-00 00:00:00','0000-00-00 00:00:00','Jawa Barat'),
(90,80,1044,'','CABANG INDOGROSIR AMBON','','JL. SYARANAMUAL NO. 20 desa HUNUTH, Atau KATE-KATE KEC. PULAU AMBON, KOTA AMBON PROVINSI, MALUKU','','','','','','',0,'',0,0,'0000-00-00 00:00:00','0000-00-00 00:00:00','Maluku'),
(91,72,1044,'','CABANG INDOGROSIR MALANG','','JL. S. SUPRIADI No 170 A, KEL. KEBONSARI KEC. SUKUN MALANG, MALANG JAWA TIMUR','','','','','','',0,'',0,0,'0000-00-00 00:00:00','0000-00-00 00:00:00','Jawa Timur'),
(92,79,1044,'','CABANG INDOGROSIR BANDAR LAMPUNG','','JL. SUKARNO HATTA NO. 15, KEL. KAMPUNG BARU RAYA, KEC. LABUHAN RATU - BANDAR LAMPUNG','','','','','','',0,'',0,0,'0000-00-00 00:00:00','0000-00-00 00:00:00','Lampung'),
(93,71,1044,'','CABANG INDOGROSIR SOLO','','JL. RAYA SOLO - TAWANGMANGU, KM 7,2 DS DAGEN, KEC. JATEN, KAB. KARANGANYAR - JAWA TENGAH','','','','','','',0,'',0,0,'0000-00-00 00:00:00','0000-00-00 00:00:00','Jawa Tengah'),
(94,70,1044,'','CABANG INDOGROSIR SUKABUMI','','JL.LINGKAR SELATAN NO.26, KEL. SUDAJAYA HILIR KEC BAROS, SUKABUMI-JAWA BARAT 43161','','','','','','',0,'',0,0,'0000-00-00 00:00:00','0000-00-00 00:00:00','Jawa Barat'),
(95,78,1044,'','CABANG INDOGROSIR BATAM','','JL. LETJEND SUPRAPTO (BATAMINDO MUKA KUNING), MUKA KUNING, SEI BEDUK','','','','','','',0,'',0,0,'0000-00-00 00:00:00','0000-00-00 00:00:00','Kepulauan Riau'),
(96,64,1044,'','CABANG INDOGROSIR CIKOKOL','','JL.MH.THAMRIN RT.001/RW.002, KEL.CIKOKOL KEC.TANGERANG, TANGERANG - BANTEN 15117','','','','','','',0,'',0,0,'0000-00-00 00:00:00','0000-00-00 00:00:00','Banten'),
(97,72,1044,'','PT. MIDI UTAMA INDONESIA SURABAYA','','Jl. BERBEK INDUSTRI VII NO.3 - 5, DESA KEPUH KIRIMAN, WARU, SIDOARJO - SURABAYA (65255), Tlp. (031) 7496 - 001/ 031-7494-001 (BAP) 031-8687-005 (GA), Fax. (031) 7480-006 (OFC) / 031-7480-0078 (DC)','','','','','','',0,'',0,0,'0000-00-00 00:00:00','0000-00-00 00:00:00','Jawa Timur'),
(98,90,1044,'','PT. MIDI UTAMA INDONESIA DC PALU','','JL. TRANS SULAWESI KM.16, KEL. KAYUMALUE PAJEKO','','','','','','',0,'',0,0,'0000-00-00 00:00:00','0000-00-00 00:00:00','Sulawesi Tengah'),
(99,92,1044,'','PT. MIDI UTAMA INDONESIA BITUNG','','JL. INDUSTRI KM 12 KP. KADU DESA BUNDER, RT.03 CIKUPA, TANGERANG / EKS GUDANG BULOG','','','','','','',0,'',0,0,'0000-00-00 00:00:00','0000-00-00 00:00:00','Sulawesi Utara'),
(100,70,1044,'','PT. MIDI UTAMA INDONESIA MIDI PASURUHAN','','JL. RY BEJI, DS. CANGKRING, MALANG, RT 02 RW 01, PASURUHAN, PASURUHAN, MALANG, Tlp.(0343)6531973','','','','','','',0,'',0,0,'0000-00-00 00:00:00','0000-00-00 00:00:00','Jawa Barat'),
(101,70,1044,'','PT. MIDI UTAMA INDONESIA BEKASI','','Jl. Jababeka XI Blok L 3-5, Kawasan Industri Jababeka, Cikarang Utara, Bekasi, Telp. (021) 8984-6688), Fax. (021) 8984-4588','','','','','','',0,'',0,0,'0000-00-00 00:00:00','0000-00-00 00:00:00','Jawa Barat'),
(102,80,1044,'','PT. MIDI UTAMA INDONESIA DC AMBON','','JL. SISINGAMANGARAJA NO.88, KEL, PASSO, KEC, BAGULA, KOTA AMBON MALUKU 97232','','','','','','',0,'',0,0,'0000-00-00 00:00:00','0000-00-00 00:00:00','Maluku'),
(103,95,1044,'','PT. MIDI UTAMA INDONESIA MEDAN','','Jalan MG. Manurung, Kawasan Industri Amplas, KM 9,5. Kelurahan Timbang Deli, Kecamatan Medan, Amplas, Kota Medan','','','','','','',0,'',0,0,'0000-00-00 00:00:00','0000-00-00 00:00:00','Sumatera Utara'),
(104,90,1044,'','PT. MIDI UTAMA INDONESIA DC PALU 2','','Jl. Karanjalemba no.16, Birobuli Selatan, Palu Selatan, Kota Palu, Sulawesi Tengah, Kode Pos 94364','','','','','','',0,'',0,0,'0000-00-00 00:00:00','0000-00-00 00:00:00','Sulawesi Tengah'),
(105,92,1044,'','PT. MIDI UTAMA INDONESIA DC MANADO','','JL. RAYA MANADO BITUNG KM 15, KOMPLEKS PERGUDANGAN OLIMPIK GRUP, KEL. KOLONGAN KEC KALAWAT, MINAHASA UTARA, MANADO SULUT','','','','','','',0,'',0,0,'0000-00-00 00:00:00','0000-00-00 00:00:00','Sulawesi Utara'),
(106,71,1044,'','PT. MIDI UTAMA INDONESIA DC YOGYAKARTA','','JL. JATI No. 262, TEGAL PASAR, BANGUN TAPAN, BANTUL YOGYAKARTA, Telp. 027404932186','','','','','','',0,'',0,0,'0000-00-00 00:00:00','0000-00-00 00:00:00','Daerah Istimewa Yogyakarta'),
(107,89,1044,'','PT. MIDI UTAMA INDONESIA DC MAKASSAR','','JL. Kima Raya KM.8 SS No. 23, Biringkanaya - Daya, Makasar 90245','','','','','','',0,'',0,0,'0000-00-00 00:00:00','0000-00-00 00:00:00','Sulawesi Selatan'),
(108,76,1044,'','PT. MIDI UTAMA INDONESIA DC SAMARINDA','','JL. SURYANATA RT 015 KOMPLEK B, SAMARINDA, Telp., Fax. (0541)111682','','','','','','',0,'',0,0,'0000-00-00 00:00:00','0000-00-00 00:00:00','Kalimantan Timur'),
(109,72,1044,'','PT. SUMBER HIDUP SEHAT DC. SIDOARJO','','Komplek Pergudangan dan Industri, Non B3 Meiko Abadi III Blok B 32.','','','','','','',0,'',0,0,'0000-00-00 00:00:00','0000-00-00 00:00:00','Jawa Timur'),
(110,71,1044,'','PT. SUMBER HIDUP SEHAT DC. SEMARANG','','Jl. Fatmawati No.18 RT. 03 RW 25 Kel. Sendangmulyo, kec. Tembalang.','','','','','','',0,'',0,0,'0000-00-00 00:00:00','0000-00-00 00:00:00','Jawa Tengah'),
(111,70,1006,NULL,'TOSERBA YOGYA/GRIYA  DC.BUAH BATU',NULL,'Jl.Terusan Buah Batu No.12  Rt.06/Rw.04 \r\nKel. Batununggal   Kec. Bandung Kidul\r\nKota Bandung\r\nBANDUNG',NULL,NULL,NULL,NULL,NULL,NULL,NULL,NULL,0,75,'2023-08-10 05:03:06','2023-08-10 05:03:06',NULL),
(112,70,1006,NULL,'TOSERBA YOGYA/GRIYA  DC.GRIYA CENTER',NULL,'JL.JAKARTA  No.53 \r\nBANDUNG',NULL,NULL,NULL,NULL,NULL,NULL,NULL,NULL,0,75,'2023-08-10 05:04:18','2023-08-10 05:04:18',NULL),
(113,66,973,NULL,'PT. INTI CAKRAWALA MAJU DC.YOGYAKARTA',NULL,'JL. MAGELANG KM,6\r\nSINDUADI, MELATI, SLEMAN\r\nDAERAH ISTIMEWA YOGYAKARTA',NULL,NULL,NULL,NULL,NULL,NULL,NULL,NULL,0,75,'2023-08-10 05:07:26','2023-08-10 05:07:26',NULL),
(114,64,956,NULL,'PT. INTI CAKRAWALA MAJU DC.CIKOKOL',NULL,'JL.MH THAMRIN  RT 001/002\r\nKEL CIKOKOL , KEC TANGERANG\r\nBANTEN - 15117',NULL,NULL,NULL,NULL,NULL,NULL,NULL,NULL,0,75,'2023-08-10 05:08:38','2023-08-10 05:08:38',NULL),
(115,64,956,NULL,'PT. INTI CAKRAWALA MAJU DC.TANGERANG',NULL,'JL. GATOT SUBROTO KM. 5 NO. 4\r\nRT.001 / 001  JATI UWUNG\r\nTANGERANG,BANTEN 15138',NULL,NULL,NULL,NULL,NULL,NULL,NULL,NULL,0,75,'2023-08-10 05:09:33','2023-08-10 05:09:33',NULL),
(116,70,1002,NULL,'PT. INTI CAKRAWALA MAJU DC.SUKABUMI',NULL,'JL.LINGKAR SELATAN  NO.26\r\nSUDAJAYA HILIR, BAROS\r\nJAWA BARAT, SUKABUMI - 43161',NULL,NULL,NULL,NULL,NULL,NULL,NULL,NULL,0,75,'2023-08-10 05:10:37','2023-08-10 05:10:37',NULL),
(117,94,1413,NULL,'PT. INTI CAKRAWALA MAJU DC.PALEMBANG',NULL,'JL. PANGERAN AYIN NO.326 RT. 05 / RW. 03\r\nKEL. SUKAMAJU, KEC. SAKO\r\nPALEMBANG\r\n711822123',NULL,NULL,NULL,NULL,NULL,NULL,NULL,NULL,0,75,'2023-08-10 05:11:31','2023-08-10 05:11:31',NULL),
(118,64,955,NULL,'PT.PERINTIS PELAYANAN PARIPURNA',NULL,'JL. Raya Serang KM.10 Pos Bitung, RT.017/004 \r\nDesa Kadu, Kec.Curug, Kab. Tangerang','021-59490686',NULL,NULL,NULL,NULL,NULL,NULL,NULL,0,75,'2023-08-10 05:14:23','2023-08-10 05:14:23',NULL),
(119,64,955,NULL,'PT. CENTURY FRANCHISINDO UTAMA',NULL,'JL. Raya Serang KM.10 , RT.017/004 \r\nDesa Kadu jaya, Kec.Curug, Kab. Tangerang','021-59490686',NULL,NULL,NULL,NULL,NULL,NULL,NULL,0,75,'2023-08-10 05:16:10','2023-08-10 05:16:10',NULL),
(120,70,1021,NULL,'PT. Hero Supermarket, Tbk',NULL,'JL. INDOFARMA  RT 01  RW 10 \r\nCIBITUNG - BEKASI',NULL,NULL,NULL,NULL,NULL,NULL,NULL,NULL,0,75,'2023-08-10 05:17:33','2023-08-10 05:17:33',NULL),
(121,71,1048,NULL,'BOOTS DC SEMARANG',NULL,'Jl.Madukoro Raya, Kerobokan Kec, Semarang Barat Kota Semarang',NULL,NULL,NULL,NULL,NULL,NULL,NULL,NULL,1,75,'2023-08-16 04:14:41','2023-08-30 04:41:46',NULL),
(122,87,1300,NULL,'CABANG INDOGROSIR PEKANBARU',NULL,'JL.SOEKARNO HATTA NO,18\r\nRT01 RW,08 KEL SIDOMULYOBARAT\r\nKEC TAMPAN, PEKANBARU 28294','0761-564641',NULL,NULL,NULL,NULL,NULL,NULL,NULL,0,75,'2023-08-16 04:35:44','2023-08-16 04:35:44',NULL),
(123,70,1014,NULL,'PT.SAPTA PRIMA MEDIKA',NULL,'JL.KP MUARA BERES No.55 \r\nRT.02/RW 04 KEL.SUKAHATI\r\nCIBINONG-BOGOR',NULL,'085751000668',NULL,NULL,NULL,NULL,NULL,NULL,0,75,'2023-08-22 04:40:10','2023-08-22 04:40:10',NULL),
(124,72,1094,NULL,'PT.INTI CAKRAWALA CITRA .DC SURABAYA',NULL,'JL. RAYA JEMURSARI NO. 351\r\nSURABAYA \r\nTELP. 8439988',NULL,NULL,NULL,NULL,NULL,NULL,NULL,NULL,0,75,'2023-08-24 03:34:48','2023-08-24 03:34:48',NULL),
(125,64,955,NULL,'PT.PANEN SELARAS ADIPERKASA.BOOTS THE BREEZE BSD CITY',NULL,'The Breeze BSD City # L.63A-Lake Level\r\nJl. BSD Green Office Park, Kelurahan Sampora\r\nKec, Cisauk. Kab, Tangerang Banten 15345','0812-5710-1891','Apj. Karla Violleta  (0812-5710-1891)',NULL,NULL,NULL,NULL,NULL,NULL,0,75,'2023-08-25 02:20:49','2023-09-01 03:07:35',NULL),
(126,69,990,NULL,'PT.INTI CAKRAWALA CITRA .IDG JAMBI',NULL,'JL.LINGKAR SELATAN NO.18 RT.36\r\nKELURAHAN KENALI ASAM BAWAH\r\nKEC.KOTA BARU \r\nKOTA JAMBI',NULL,NULL,NULL,NULL,NULL,NULL,NULL,NULL,0,75,'2023-08-26 03:25:03','2023-08-26 03:25:03',NULL),
(127,67,975,NULL,'PT.PANEN SELARAS ADIPERKASA.BOOTS GANDARIA CITY MALL',NULL,'Jl.Sultan Iskandar Muda, Rt.10/Rw.6\r\nKebayora Lama Utara, Kec.Kebayoran Lama\r\nJakarta Selatan.DKI Jakarta 12240','021-27085901',NULL,NULL,NULL,NULL,NULL,NULL,NULL,0,75,'2023-08-30 04:44:20','2023-08-30 04:44:20',NULL),
(128,70,1012,NULL,'PT.TEKNOLOGI MEDIKA PRATAMA',NULL,'Komplek Pergudangan Kubik Logistics\r\nGudang E1 E2 E7\r\nJl. Tugu Raya Rt.10 /Rw.10\r\nDs / Kel Tugu. Kec Cimanggis,Kota Depok\r\nProv .Jawa Barat',NULL,NULL,NULL,NULL,NULL,NULL,NULL,NULL,0,75,'2023-08-31 04:40:38','2023-08-31 04:40:38',NULL),
(129,67,975,NULL,'PT.PANEN SELARAS ADIPERKASA.BOOTS BLOK M PLAZA',NULL,'Plaza Blok M, UG 03  04\r\nJl. Bulungan No.76, Kel, Kramat Pela\r\nKec, Kebayoran Baru, Kota Jakarta Selatan\r\nDKI Jakarta 12130\r\n021-7209175',NULL,'Apj. Arlin Wahyudi (0812-8568-6696)',NULL,NULL,NULL,NULL,NULL,NULL,0,75,'2023-09-02 04:46:37','2023-09-02 04:46:37',NULL),
(130,67,975,NULL,'PT.PANEN SELARAS ADIPERKASA.BOOTS AEON TANJUNG BARAT',NULL,'AEON Mall Tanjung Barat # Level 3F,Unit No.3-12A\r\nJl.Raya Tanjung Barat No.163.Rt 12/Rw 4.\r\nKel, Tanjung Barat. Kec, Jagakarsa. Kota Administrasi \r\nJakarta Selatan. DKI Jakarta 12530',NULL,'Apj. Yudha Iswara Yunanto   (0812-1199-4725)',NULL,NULL,NULL,NULL,NULL,NULL,0,75,'2023-09-06 02:27:52','2023-09-06 02:27:52',NULL),
(131,67,978,NULL,'PT.PANEN SELARAS ADIPERKASA.BOOTS CENTRAL PARK',NULL,'Central Park Mall Lantai LG No. Unit L-214A & L-215\r\nJl. Let.Jend.S. Parman Kav.28, Kel. Tanjung Duren Selatan\r\nKec. Grogol Petamburan, Kota Adm Jakarta Barat\r\nDKI Jakarta 11470',NULL,'Apj. Luh Jenny Wahyuni  ( 0878-4568-7002)',NULL,NULL,NULL,NULL,NULL,NULL,0,75,'2023-09-08 03:45:05','2023-09-08 03:45:05',NULL),
(132,67,975,NULL,'PT.PANEN SELARAS ADIPERKASA.BOOTS RUKO KEMANG',NULL,'Jl. Kemang Raya No.24 A   Rt.10/Rw.05\r\nKel,Bangka.  Kec, Mampang Prapatan\r\nKota Jakarta Selatan.\r\nDKI Jakarta 12730\r\n0858-9235-1967',NULL,'Apj. Muhammad Rifky Firdaus (0858-9107-7885)',NULL,NULL,NULL,NULL,NULL,NULL,0,75,'2023-09-19 06:40:09','2023-09-19 06:40:09',NULL),
(133,72,1075,NULL,'PT.SUMBER ALFARIA TRIJAYA DC MADIUN',NULL,'JL. RAYA SURABAYA - MADIUN\r\nDUSUN IV, BONGSOPOTRO\r\nKEC. SADARAN, KAB. MADIUN\r\nJAWA TIMUR',NULL,'PIC. FRANSISKA TELP. 085646595127',NULL,NULL,NULL,NULL,NULL,NULL,0,75,'2023-10-02 06:02:04','2023-10-02 06:02:04',NULL),
(134,74,1113,NULL,'INDOGROSIR BANJARMASIN',NULL,'JL.A.YANI KM 12,2\r\nKEL.GAMBUT BARAT KAB.BANJAR\r\nBANJARMASIN\r\n70652',NULL,NULL,NULL,NULL,NULL,NULL,NULL,NULL,0,75,'2023-10-07 03:21:40','2023-10-07 03:21:40',NULL),
(135,95,1427,NULL,'PT.INDOMARCO PRISMATAMA DC STABAT',NULL,'JL. LINTAS SUMATERA  KEL, KARANG REJO\r\nKEC, STABAT  KOTA STABAT\r\nKAB, LANGKAT SUMATERA UTARA 20811',NULL,NULL,NULL,NULL,NULL,NULL,NULL,NULL,0,75,'2023-10-09 04:38:20','2023-10-09 04:38:20',NULL),
(136,67,977,NULL,'PT.PANEN SELARAS ADIPERKASA.BOOTS SOGO PLAZA SENAYAN',NULL,'Mall Plaza Senayan,lantai 1 #101A0\r\nJl. Asia Afrika No.8, Kelurahan Glora, Kec. Tanah Abang\r\nKota Adm Jakarta Pusat\r\nDKI Jakarta 10270\r\n021-57900058',NULL,NULL,NULL,NULL,NULL,NULL,NULL,NULL,0,75,'2023-10-12 06:27:38','2023-10-12 06:27:38',NULL),
(137,64,955,NULL,'PT.PERINTIS PELAYANAN PARIPURNA (GUDANG CENTURY)',NULL,'GUDANG CENTURY \r\n JL. Raya Serang KM.10 Pos Bitung, RT.017/004 \r\nDesa Kadu, Kec.Curug, Kab. Tangerang\r\nTelp. 021-59490686',NULL,NULL,NULL,NULL,NULL,NULL,NULL,NULL,0,75,'2023-10-16 08:19:11','2023-10-16 08:19:11',NULL),
(138,71,1028,NULL,'PT. MIDI UTAMA INDONESIA.DC BOYOLALI',NULL,'JL. NASIONAL 16 \r\n(JL. SEMARANG SURAKARTA)\r\nKEL.WINONG , KEC. BOYOLALI\r\nKAB.BOYOLALI, JAWA TENGAH',NULL,NULL,NULL,NULL,NULL,NULL,NULL,NULL,0,75,'2023-10-20 03:48:27','2023-10-20 03:48:27',NULL),
(139,64,956,NULL,'PT.INTI CAKRAWALA CITRA. IDG TANGERANG',NULL,'JL. GATOT SUBROTO KM. 5 NO. 4\r\nJATI UWUNG\r\nTANGERANG 15138',NULL,NULL,NULL,NULL,NULL,NULL,NULL,NULL,0,75,'2023-10-25 08:38:46','2023-10-25 08:38:46',NULL),
(140,67,976,NULL,'PT.PANEN SELARAS ADIPERKASA.BOOTS GOLF ISLAND BATAVIA PIK',NULL,'Rukan Beach View Batavia Golf Island Blok.A No.80\r\nJl. Pantai Indah Kapuk, Kel. Kamal Muara\r\nKec. Penjaringan, Kota Administrasi Jakarta Utara\r\nProv. DKI Jakarta 14470',NULL,'Apj. Asep Kurnia (081287854074)',NULL,NULL,NULL,NULL,NULL,NULL,0,75,'2023-10-26 06:17:18','2023-10-26 06:17:18',NULL),
(141,72,1077,NULL,'PT. INTI CAKRAWALA MAJU DC.MALANG',NULL,'JL. S . SUPRIADI No 170 A\r\nKEL. KEBONSARI  KEC. SUKUN MALANG\r\nMALANG JAWA TIMUR',NULL,NULL,NULL,NULL,NULL,NULL,NULL,NULL,0,75,'2023-11-04 02:28:23','2023-11-04 02:28:23',NULL),
(142,95,1427,NULL,'PT.INDOMARCO PRISMATAMA DC STABAT',NULL,'JL. LINTAS SUMATERA  KEL. KARANG REJO\r\nKEC. STABAT KOTA STABAT\r\nKAB.LANGKAT SUMUT 20811',NULL,NULL,NULL,NULL,NULL,NULL,NULL,NULL,0,75,'2023-11-06 07:58:54','2023-11-06 07:58:54',NULL),
(143,67,976,NULL,'PT.PANEN SELARAS ADIPERKASA.BOOTS KELAPA GADING MALL',NULL,'Mall Kelapa Gading,lantai Ground G-73B\r\nJl. Bulevard Kelapa Gading Blok M,Rt 13/ Rw 18\r\nKel, Kelapa Gading Timur. Kec, Kelapa Gading\r\nKota Adm Jakarta Utara, DKI Jakarta 14241',NULL,'Apj. Maitri Vimala  (082350208680)',NULL,NULL,NULL,NULL,NULL,NULL,0,75,'2023-11-11 03:06:15','2023-11-11 03:06:15',NULL),
(144,64,955,NULL,'WAREHOUSE WATSONS',NULL,'KOMPLEK PERGUDANGAN NIHON SEIMA BLOK H \r\n JL. GATOT SUBROTO KM.8 \r\nDesa Kadujaya, Kec.Curug, Kab. Tangerang',NULL,NULL,NULL,NULL,NULL,NULL,NULL,NULL,0,75,'2023-11-21 04:10:02','2023-11-21 04:10:02',NULL);

/*Table structure for table `core_expedition` */

DROP TABLE IF EXISTS `core_expedition`;

CREATE TABLE `core_expedition` (
  `expedition_id` int NOT NULL AUTO_INCREMENT,
  `expedition_code` varchar(20) DEFAULT '',
  `expedition_name` varchar(50) DEFAULT '',
  `expedition_route` varchar(50) DEFAULT '',
  `expedition_address` text,
  `expedition_city` int DEFAULT NULL,
  `expedition_home_phone` varchar(50) DEFAULT '',
  `expedition_mobile_phone1` varchar(50) DEFAULT '',
  `expedition_mobile_phone2` varchar(50) DEFAULT '',
  `expedition_fax_number` varchar(50) DEFAULT '',
  `expedition_email` varchar(50) DEFAULT '',
  `expedition_person_in_charge` varchar(50) DEFAULT '',
  `expedition_status` decimal(1,0) DEFAULT '0',
  `expedition_remark` text,
  `expedition_acct_invoice` int DEFAULT '0',
  `expedition_acct_payable` int DEFAULT '0',
  `expedition_acct_claim` int DEFAULT '0',
  `expedition_acct_receivable` int DEFAULT '0',
  `expedition_token` varchar(250) DEFAULT NULL,
  `data_state` decimal(1,0) DEFAULT '0',
  `created_id` int DEFAULT NULL,
  `created_at` datetime DEFAULT NULL,
  `updated_at` timestamp NOT NULL DEFAULT CURRENT_TIMESTAMP,
  PRIMARY KEY (`expedition_id`),
  KEY `FK_core_expedition_expedition_city` (`expedition_city`)
) ENGINE=InnoDB AUTO_INCREMENT=15 DEFAULT CHARSET=utf8mb3 ROW_FORMAT=COMPACT;

/*Data for the table `core_expedition` */

insert  into `core_expedition`(`expedition_id`,`expedition_code`,`expedition_name`,`expedition_route`,`expedition_address`,`expedition_city`,`expedition_home_phone`,`expedition_mobile_phone1`,`expedition_mobile_phone2`,`expedition_fax_number`,`expedition_email`,`expedition_person_in_charge`,`expedition_status`,`expedition_remark`,`expedition_acct_invoice`,`expedition_acct_payable`,`expedition_acct_claim`,`expedition_acct_receivable`,`expedition_token`,`data_state`,`created_id`,`created_at`,`updated_at`) values 
(11,'JNE','JNE EXPRESS','NASIONAL','JL KUMUDASMORO',1048,NULL,NULL,NULL,NULL,NULL,NULL,1,NULL,0,0,0,0,NULL,0,3,'2022-01-10 04:16:02','2023-08-08 04:12:18'),
(12,'TDP','TRIADIPA','NASIONAL','JL PUCANG GADING',1048,NULL,NULL,NULL,NULL,NULL,NULL,1,NULL,0,0,0,0,NULL,0,3,'2022-01-13 05:32:26','2023-08-08 04:13:11'),
(13,'SPT','SAPTA','NASIONAL','JL MUARA BERES',1014,NULL,NULL,NULL,NULL,NULL,NULL,NULL,NULL,0,0,0,0,NULL,0,75,'2023-08-08 04:13:42','2023-08-08 04:13:42'),
(14,'KME','KME','SEMARANG','JL.PUSPOWARNO RAYA NO 55 D',1048,'00','00','00','00','00','00',NULL,'00',0,0,0,0,NULL,0,75,'2023-08-16 04:53:03','2023-08-16 04:53:03');

/*Table structure for table `core_grade` */

DROP TABLE IF EXISTS `core_grade`;

CREATE TABLE `core_grade` (
  `grade_id` int NOT NULL AUTO_INCREMENT,
  `grade_name` varchar(250) DEFAULT NULL,
  `data_state` int DEFAULT '0',
  `created_id` int DEFAULT NULL,
  `created_at` datetime DEFAULT NULL,
  `updated_at` timestamp NOT NULL DEFAULT CURRENT_TIMESTAMP,
  PRIMARY KEY (`grade_id`)
) ENGINE=InnoDB AUTO_INCREMENT=35 DEFAULT CHARSET=utf8mb3;

/*Data for the table `core_grade` */

insert  into `core_grade`(`grade_id`,`grade_name`,`data_state`,`created_id`,`created_at`,`updated_at`) values 
(1,'BBB',0,3,'2023-02-14 03:06:58','2023-06-23 10:52:21'),
(16,'SS',0,3,'2022-01-04 03:09:40','2023-06-23 10:52:21'),
(17,'S',0,3,'2022-01-04 03:09:43','2023-06-23 10:52:21'),
(18,'M',0,3,'2022-01-04 03:09:50','2023-06-23 10:52:21'),
(19,'CURAH',0,3,'2022-01-04 03:09:55','2023-06-23 10:52:21'),
(20,'CURAH SUPER',0,3,'2022-01-04 03:10:01','2023-06-23 10:52:21'),
(21,'BB',0,3,'2022-01-13 05:08:06','2023-06-23 10:52:21'),
(22,'S BAL',0,3,'2022-01-13 05:08:46','2023-06-23 10:52:21'),
(23,'SS BAL',0,3,'2022-01-13 05:11:41','2023-06-23 10:52:21'),
(24,'M BAL',0,3,'2022-01-13 05:12:02','2023-06-23 10:52:21'),
(25,'NG',0,3,'2022-01-13 05:12:38','2023-06-23 10:52:21'),
(26,'AB',0,3,'2022-01-13 05:13:42','2023-06-23 10:52:21'),
(27,'SUPER',0,3,'2022-01-13 05:19:20','2023-06-23 10:52:21'),
(28,'SUPER',1,3,'2022-01-13 05:19:20','2023-06-23 10:52:21'),
(29,'SUPER',1,3,'2022-01-13 05:19:20','2023-06-23 10:52:21'),
(30,'D',0,3,'2022-01-13 05:20:44','2023-06-23 10:52:21'),
(31,'DTOP',0,3,'2022-01-13 05:20:52','2023-06-23 10:52:21'),
(32,'BABY',0,3,'2022-01-13 05:21:10','2023-06-23 10:52:21'),
(33,'SPR',1,3,'2022-01-26 00:27:27','2023-06-23 10:52:21'),
(34,'JUMBO',0,3,'2022-01-26 00:28:07','2023-06-23 10:52:21');

/*Table structure for table `core_package` */

DROP TABLE IF EXISTS `core_package`;

CREATE TABLE `core_package` (
  `package_id` bigint NOT NULL AUTO_INCREMENT,
  `package_name` varchar(250) DEFAULT NULL,
  `data_state` int DEFAULT '0',
  `created_id` int DEFAULT NULL,
  `created_at` datetime DEFAULT NULL,
  `updated_at` timestamp NOT NULL DEFAULT CURRENT_TIMESTAMP,
  PRIMARY KEY (`package_id`)
) ENGINE=InnoDB AUTO_INCREMENT=2 DEFAULT CHARSET=utf8mb3;

/*Data for the table `core_package` */

insert  into `core_package`(`package_id`,`package_name`,`data_state`,`created_id`,`created_at`,`updated_at`) values 
(1,'PLASTIK BAL',0,3,'2022-01-26 00:30:51','2023-06-23 10:52:21');

/*Table structure for table `core_project` */

DROP TABLE IF EXISTS `core_project`;

CREATE TABLE `core_project` (
  `project_id` bigint NOT NULL AUTO_INCREMENT,
  `branch_id` int DEFAULT '0',
  `project_type_id` int DEFAULT '0',
  `project_category_id` bigint DEFAULT '0',
  `customer_id` bigint DEFAULT '0',
  `project_code` varchar(20) DEFAULT '',
  `project_name` varchar(50) DEFAULT '',
  `project_tender` decimal(20,2) DEFAULT '0.00',
  `project_remark` text,
  `project_date` date DEFAULT NULL,
  `project_status` varchar(10) DEFAULT '0',
  `data_state` int DEFAULT '0',
  `created_id` int DEFAULT '0',
  `created_on` datetime DEFAULT NULL,
  `last_update` timestamp NOT NULL DEFAULT CURRENT_TIMESTAMP,
  PRIMARY KEY (`project_id`)
) ENGINE=InnoDB AUTO_INCREMENT=2 DEFAULT CHARSET=utf8mb3;

/*Data for the table `core_project` */

insert  into `core_project`(`project_id`,`branch_id`,`project_type_id`,`project_category_id`,`customer_id`,`project_code`,`project_name`,`project_tender`,`project_remark`,`project_date`,`project_status`,`data_state`,`created_id`,`created_on`,`last_update`) values 
(1,0,0,0,0,'','',0.00,NULL,NULL,'0',0,0,NULL,'2023-07-24 13:58:27');

/*Table structure for table `core_project_category` */

DROP TABLE IF EXISTS `core_project_category`;

CREATE TABLE `core_project_category` (
  `project_category_id` int NOT NULL AUTO_INCREMENT,
  `project_category_code` varchar(20) DEFAULT '',
  `project_category_name` varchar(250) DEFAULT '',
  `data_state` int DEFAULT '0',
  `created_id` int DEFAULT '0',
  `created_on` datetime DEFAULT NULL,
  `last_update` timestamp NOT NULL DEFAULT CURRENT_TIMESTAMP,
  PRIMARY KEY (`project_category_id`)
) ENGINE=InnoDB DEFAULT CHARSET=utf8mb3;

/*Data for the table `core_project_category` */

/*Table structure for table `core_province` */

DROP TABLE IF EXISTS `core_province`;

CREATE TABLE `core_province` (
  `province_id` int NOT NULL AUTO_INCREMENT,
  `province_code` char(2) NOT NULL,
  `province_name` varchar(255) NOT NULL,
  `province_no` varchar(20) DEFAULT '',
  `data_state` int NOT NULL DEFAULT '0',
  PRIMARY KEY (`province_id`),
  KEY `province_id` (`province_id`)
) ENGINE=InnoDB AUTO_INCREMENT=96 DEFAULT CHARSET=utf8mb3;

/*Data for the table `core_province` */

insert  into `core_province`(`province_id`,`province_code`,`province_name`,`province_no`,`data_state`) values 
(62,'','Bali','',0),
(63,'','Bangka Belitung','',0),
(64,'','Banten','',0),
(65,'','Bengkulu','',0),
(66,'','DI Yogyakarta','',0),
(67,'','DKI Jakarta','',0),
(68,'','Gorontalo','',0),
(69,'','Jambi','',0),
(70,'','Jawa Barat','',0),
(71,'','Jawa Tengah','',0),
(72,'','Jawa Timur','',0),
(73,'','Kalimantan Barat','',0),
(74,'','Kalimantan Selatan','',0),
(75,'','Kalimantan Tengah','',0),
(76,'','Kalimantan Timur','',0),
(77,'','Kalimantan Utara','',0),
(78,'','Kepulauan Riau','',0),
(79,'','Lampung','',0),
(80,'','Maluku','',0),
(81,'','Maluku Utara','',0),
(82,'','Nanggroe Aceh Darussalam (NAD)','',0),
(83,'','Nusa Tenggara Barat (NTB)','',0),
(84,'','Nusa Tenggara Timur (NTT)','',0),
(85,'','Papua','',0),
(86,'','Papua Barat','',0),
(87,'','Riau','',0),
(88,'','Sulawesi Barat','',0),
(89,'','Sulawesi Selatan','',0),
(90,'','Sulawesi Tengah','',0),
(91,'','Sulawesi Tenggara','',0),
(92,'','Sulawesi Utara','',0),
(93,'','Sumatera Barat','',0),
(94,'','Sumatera Selatan','',0),
(95,'','Sumatera Utara','',0);

/*Table structure for table `core_supplier` */

DROP TABLE IF EXISTS `core_supplier`;

CREATE TABLE `core_supplier` (
  `supplier_id` int NOT NULL AUTO_INCREMENT,
  `branch_id` int DEFAULT '1',
  `province_id` int NOT NULL DEFAULT '0',
  `city_id` int NOT NULL DEFAULT '0',
  `supplier_code` varchar(20) DEFAULT '',
  `supplier_name` varchar(50) DEFAULT '',
  `supplier_id_number` varchar(30) DEFAULT '',
  `supplier_address` text,
  `supplier_city` varchar(50) DEFAULT '',
  `supplier_home_phone` varchar(200) DEFAULT '',
  `supplier_mobile_phone1` varchar(200) DEFAULT '',
  `supplier_mobile_phone2` varchar(200) DEFAULT '',
  `supplier_fax_number` varchar(200) DEFAULT '',
  `supplier_email` varchar(200) DEFAULT '',
  `supplier_contact_person` varchar(50) DEFAULT '',
  `supplier_bank_acct_name` varchar(50) DEFAULT '',
  `supplier_bank_acct_no` varchar(30) DEFAULT '',
  `supplier_tax_no` varchar(30) DEFAULT '',
  `supplier_npwp_no` varchar(255) DEFAULT NULL,
  `supplier_npwp_address` text,
  `supplier_payment_terms` decimal(10,0) DEFAULT '0',
  `supplier_status` decimal(1,0) DEFAULT '0' COMMENT '1 : Active, 0 : Suspended',
  `supplier_remark` text,
  `advance_account_id` int DEFAULT '0',
  `giro_account_id` int DEFAULT '0',
  `payable_account_id` int DEFAULT '0',
  `created_id` int DEFAULT '0',
  `created_at` datetime DEFAULT NULL,
  `data_state` int DEFAULT '0',
  `updated_at` timestamp NOT NULL DEFAULT CURRENT_TIMESTAMP,
  PRIMARY KEY (`supplier_id`),
  KEY `FK_core_supplier_province_id` (`province_id`),
  KEY `FK_core_supplier_city_id` (`city_id`),
  KEY `FK_core_supplier_branch_id` (`branch_id`)
) ENGINE=InnoDB AUTO_INCREMENT=9 DEFAULT CHARSET=utf8mb3;

/*Data for the table `core_supplier` */

insert  into `core_supplier`(`supplier_id`,`branch_id`,`province_id`,`city_id`,`supplier_code`,`supplier_name`,`supplier_id_number`,`supplier_address`,`supplier_city`,`supplier_home_phone`,`supplier_mobile_phone1`,`supplier_mobile_phone2`,`supplier_fax_number`,`supplier_email`,`supplier_contact_person`,`supplier_bank_acct_name`,`supplier_bank_acct_no`,`supplier_tax_no`,`supplier_npwp_no`,`supplier_npwp_address`,`supplier_payment_terms`,`supplier_status`,`supplier_remark`,`advance_account_id`,`giro_account_id`,`payable_account_id`,`created_id`,`created_at`,`data_state`,`updated_at`) values 
(7,1,71,1048,'','KIMIA FARMA',NULL,'Jl. Gedong Songo Timur No.1','','(024) 7604307',NULL,NULL,NULL,NULL,NULL,'1','1',NULL,'1',NULL,NULL,0,NULL,0,0,0,74,'2023-06-24 03:54:36',0,'2023-12-09 23:38:35'),
(8,1,71,1048,'','PHAPROS, PT',NULL,'Jl. Simongan No.131','','(024) 7607330',NULL,NULL,NULL,NULL,NULL,'2','2',NULL,'2',NULL,NULL,0,NULL,0,0,0,74,'2023-06-24 03:55:48',0,'2023-12-09 23:38:55');

/*Table structure for table `failed_jobs` */

DROP TABLE IF EXISTS `failed_jobs`;

CREATE TABLE `failed_jobs` (
  `id` bigint unsigned NOT NULL AUTO_INCREMENT,
  `uuid` varchar(255) CHARACTER SET utf8mb4 COLLATE utf8mb4_unicode_ci NOT NULL,
  `connection` text CHARACTER SET utf8mb4 COLLATE utf8mb4_unicode_ci NOT NULL,
  `queue` text CHARACTER SET utf8mb4 COLLATE utf8mb4_unicode_ci NOT NULL,
  `payload` longtext CHARACTER SET utf8mb4 COLLATE utf8mb4_unicode_ci NOT NULL,
  `exception` longtext CHARACTER SET utf8mb4 COLLATE utf8mb4_unicode_ci NOT NULL,
  `failed_at` timestamp NOT NULL DEFAULT CURRENT_TIMESTAMP,
  PRIMARY KEY (`id`),
  UNIQUE KEY `failed_jobs_uuid_unique` (`uuid`)
) ENGINE=InnoDB DEFAULT CHARSET=utf8mb4 COLLATE=utf8mb4_unicode_ci;

/*Data for the table `failed_jobs` */

/*Table structure for table `inv_goods_received_note` */

DROP TABLE IF EXISTS `inv_goods_received_note`;

CREATE TABLE `inv_goods_received_note` (
  `goods_received_note_id` bigint NOT NULL AUTO_INCREMENT,
  `purchase_order_id` bigint DEFAULT '0',
  `supplier_id` int DEFAULT '0',
  `warehouse_id` int DEFAULT '0',
  `goods_received_note_no` varchar(20) DEFAULT '',
  `goods_received_note_date` date DEFAULT NULL,
  `goods_received_note_expired_date` date DEFAULT NULL,
  `goods_received_note_remark` text,
  `goods_received_note_status_invoice` decimal(1,0) NOT NULL DEFAULT '0',
  `receipt_image` varchar(500) DEFAULT NULL,
  `delivery_note_no` varchar(250) DEFAULT NULL,
  `faktur_no` varchar(255) DEFAULT NULL,
  `subtotal_item` decimal(20,0) DEFAULT '0',
  `item_type` int DEFAULT '0',
  `data_state` int DEFAULT '0',
  `voided_remark` text,
  `voided_id` int DEFAULT '0',
  `voided_at` datetime DEFAULT NULL,
  `created_id` int DEFAULT '0',
  `created_at` datetime DEFAULT NULL,
  `updated_at` timestamp NULL DEFAULT CURRENT_TIMESTAMP ON UPDATE CURRENT_TIMESTAMP,
  PRIMARY KEY (`goods_received_note_id`),
  KEY `data_state` (`data_state`),
  KEY `created_id` (`created_id`),
  KEY `item_type` (`item_type`),
  KEY `FK_goods_received_note_warehouse_id` (`warehouse_id`),
  KEY `FK_goods_received_note_supplier_id` (`supplier_id`),
  KEY `FK_goods_received_note_purchase_order_id` (`purchase_order_id`),
  CONSTRAINT `FK_inv_goods_received_note_purchase_order_id` FOREIGN KEY (`purchase_order_id`) REFERENCES `purchase_order` (`purchase_order_id`) ON DELETE SET NULL ON UPDATE CASCADE,
  CONSTRAINT `FK_inv_goods_received_note_supplier_id` FOREIGN KEY (`supplier_id`) REFERENCES `core_supplier` (`supplier_id`) ON DELETE SET NULL ON UPDATE CASCADE,
  CONSTRAINT `FK_inv_goods_received_note_warehouse_id` FOREIGN KEY (`warehouse_id`) REFERENCES `inv_warehouse` (`warehouse_id`) ON DELETE SET NULL ON UPDATE CASCADE
) ENGINE=InnoDB AUTO_INCREMENT=19 DEFAULT CHARSET=utf8mb3;

/*Data for the table `inv_goods_received_note` */

insert  into `inv_goods_received_note`(`goods_received_note_id`,`purchase_order_id`,`supplier_id`,`warehouse_id`,`goods_received_note_no`,`goods_received_note_date`,`goods_received_note_expired_date`,`goods_received_note_remark`,`goods_received_note_status_invoice`,`receipt_image`,`delivery_note_no`,`faktur_no`,`subtotal_item`,`item_type`,`data_state`,`voided_remark`,`voided_id`,`voided_at`,`created_id`,`created_at`,`updated_at`) values 
(18,241,7,6,'0001/IGRN/XII/2023','2023-12-13',NULL,NULL,1,'',NULL,'112',150,0,0,NULL,0,NULL,3,'2023-12-13 07:57:52','2023-12-15 04:05:56');

/*Table structure for table `inv_goods_received_note_batch_number` */

DROP TABLE IF EXISTS `inv_goods_received_note_batch_number`;

CREATE TABLE `inv_goods_received_note_batch_number` (
  `goods_received_note_batch_number_id` bigint NOT NULL AUTO_INCREMENT,
  `goods_received_note_id` bigint DEFAULT '0',
  `item_category_id` int DEFAULT '0',
  `item_id` int DEFAULT '0',
  `item_batch_number` varchar(50) DEFAULT '',
  `quantity_batch_number` decimal(10,0) DEFAULT '0',
  `created_id` int DEFAULT NULL,
  `created_at` datetime DEFAULT NULL,
  `updated_at` timestamp NOT NULL DEFAULT CURRENT_TIMESTAMP,
  PRIMARY KEY (`goods_received_note_batch_number_id`)
) ENGINE=InnoDB DEFAULT CHARSET=utf8mb3;

/*Data for the table `inv_goods_received_note_batch_number` */

/*Table structure for table `inv_goods_received_note_item` */

DROP TABLE IF EXISTS `inv_goods_received_note_item`;

CREATE TABLE `inv_goods_received_note_item` (
  `goods_received_note_item_id` bigint NOT NULL AUTO_INCREMENT,
  `goods_received_note_id` bigint DEFAULT '0',
  `purchase_order_id` bigint DEFAULT '0',
  `purchase_order_item_id` bigint DEFAULT '0',
  `item_category_id` int DEFAULT '0',
  `item_type_id` int DEFAULT '0',
  `item_unit_id` int DEFAULT '0',
  `item_stock_id` bigint DEFAULT '0',
  `quantity` decimal(10,0) DEFAULT '0',
  `quantity_received` decimal(10,0) DEFAULT '0',
  `item_batch_number` varchar(250) DEFAULT '',
  `item_expired_date` date DEFAULT NULL,
  `data_state` int DEFAULT '0',
  `voided_id` int DEFAULT '0',
  `voided_at` datetime DEFAULT NULL,
  `created_id` int DEFAULT '0',
  `created_at` datetime DEFAULT NULL,
  `updated_at` timestamp NULL DEFAULT CURRENT_TIMESTAMP,
  PRIMARY KEY (`goods_received_note_item_id`),
  KEY `data_state` (`data_state`),
  KEY `item_category_id` (`item_category_id`),
  KEY `item_unit_id` (`item_unit_id`),
  KEY `created_id` (`created_id`),
  KEY `deleted_id` (`voided_id`),
  KEY `item_batch_number` (`item_batch_number`),
  KEY `item_id` (`item_type_id`),
  KEY `FK_goods_received_note_item_goods_received_note_id` (`goods_received_note_id`),
  KEY `FK_goods_received_note_item_purchase_order_id` (`purchase_order_id`),
  KEY `FK_goods_received_note_item_purchase_order_item_id` (`purchase_order_item_id`),
  KEY `FK_invt_goods_received_note_item_item_stock_id` (`item_stock_id`)
) ENGINE=InnoDB AUTO_INCREMENT=506 DEFAULT CHARSET=utf8mb3;

/*Data for the table `inv_goods_received_note_item` */

insert  into `inv_goods_received_note_item`(`goods_received_note_item_id`,`goods_received_note_id`,`purchase_order_id`,`purchase_order_item_id`,`item_category_id`,`item_type_id`,`item_unit_id`,`item_stock_id`,`quantity`,`quantity_received`,`item_batch_number`,`item_expired_date`,`data_state`,`voided_id`,`voided_at`,`created_id`,`created_at`,`updated_at`) values 
(504,18,241,19,2,24,5,0,50,50,'121212','2023-12-13',0,0,NULL,3,'2023-12-13 07:57:52','2023-12-13 07:57:52'),
(505,18,241,20,2,26,5,0,100,100,'131313','2023-12-13',0,0,NULL,3,'2023-12-13 07:57:53','2023-12-13 07:57:53');

/*Table structure for table `inv_item` */

DROP TABLE IF EXISTS `inv_item`;

CREATE TABLE `inv_item` (
  `item_id` int NOT NULL AUTO_INCREMENT,
  `item_type_id` int DEFAULT NULL,
  `item_category_id` int DEFAULT '0',
  `grade_id` int DEFAULT NULL,
  `item_parent_id` int DEFAULT '0',
  `item_code` varchar(20) DEFAULT '',
  `item_name` varchar(100) DEFAULT '',
  `purchase_account_id` int NOT NULL DEFAULT '0',
  `purchase_return_account_id` int NOT NULL DEFAULT '0',
  `purchase_discount_account_id` int NOT NULL DEFAULT '0',
  `sales_account_id` int NOT NULL DEFAULT '0',
  `sales_return_account_id` int NOT NULL DEFAULT '0',
  `sales_discount_account_id` int NOT NULL DEFAULT '0',
  `inv_account_id` int NOT NULL DEFAULT '0',
  `inv_return_account_id` int NOT NULL DEFAULT '0',
  `inv_discount_account_id` int NOT NULL DEFAULT '0',
  `hpp_account_id` int NOT NULL DEFAULT '0',
  `hpp_amount` int NOT NULL DEFAULT '0',
  `inventory_account_id` int NOT NULL DEFAULT '0',
  `wip_account_id` int NOT NULL DEFAULT '0',
  `item_status` decimal(1,0) DEFAULT '0',
  `item_remark` text,
  `item_barcode` varchar(50) DEFAULT '',
  `item_reorder_point` decimal(10,0) DEFAULT '0',
  `item_unit_id` int DEFAULT '0',
  `item_default_quantity` decimal(10,0) DEFAULT '0',
  `item_unit_price` decimal(10,0) DEFAULT '0',
  `item_unit_cost` decimal(10,0) DEFAULT '0',
  `item_picture` varchar(50) DEFAULT '',
  `data_state` decimal(1,0) DEFAULT '0',
  `created_id` int DEFAULT '0',
  `created_at` datetime DEFAULT NULL,
  `updated_at` timestamp NOT NULL DEFAULT CURRENT_TIMESTAMP,
  PRIMARY KEY (`item_id`),
  KEY `FK_invt_item_item_category_id` (`item_category_id`),
  KEY `FK_invt_item_item_parent_id` (`item_parent_id`),
  KEY `item_unit_id1` (`item_unit_id`),
  KEY `FK_inv_item_item_type_id` (`item_type_id`),
  KEY `FK_inv_item_grade_id` (`grade_id`),
  KEY `FK_inv_item_purchase_account_id` (`purchase_account_id`),
  KEY `FK_inv_item_purchase_return_account_id` (`purchase_return_account_id`),
  KEY `FK_inv_item_purchase_discount_account_id` (`purchase_discount_account_id`),
  KEY `FK_inv_item_sales_account_id` (`sales_account_id`),
  KEY `FK_inv_item_sales_return_account_id` (`sales_return_account_id`),
  KEY `FK_inv_item_sales_discount_account_id` (`sales_discount_account_id`),
  KEY `FK_inv_item_inv_account_id` (`inv_account_id`),
  KEY `FK_inv_item_inv_return_account_id` (`inv_return_account_id`),
  KEY `FK_inv_item_inv_discount_account_id` (`inv_discount_account_id`),
  KEY `FK_inv_item_hpp_account_id` (`hpp_account_id`)
) ENGINE=InnoDB AUTO_INCREMENT=19 DEFAULT CHARSET=utf8mb3;

/*Data for the table `inv_item` */

/*Table structure for table `inv_item_category` */

DROP TABLE IF EXISTS `inv_item_category`;

CREATE TABLE `inv_item_category` (
  `item_category_id` int NOT NULL AUTO_INCREMENT,
  `item_category_name` varchar(250) DEFAULT NULL,
  `data_state` int DEFAULT '0',
  `created_id` int DEFAULT NULL,
  `created_at` datetime DEFAULT NULL,
  `updated_at` timestamp NOT NULL DEFAULT CURRENT_TIMESTAMP,
  PRIMARY KEY (`item_category_id`)
) ENGINE=InnoDB AUTO_INCREMENT=9 DEFAULT CHARSET=utf8mb3;

/*Data for the table `inv_item_category` */

insert  into `inv_item_category`(`item_category_id`,`item_category_name`,`data_state`,`created_id`,`created_at`,`updated_at`) values 
(1,'PHAPROS',0,3,'0000-00-00 00:00:00','2023-08-04 09:18:38'),
(2,'KF',0,3,'0000-00-00 00:00:00','2023-08-04 09:18:49');

/*Table structure for table `inv_item_old` */

DROP TABLE IF EXISTS `inv_item_old`;

CREATE TABLE `inv_item_old` (
  `item_id` bigint NOT NULL AUTO_INCREMENT,
  `item_category_id` bigint DEFAULT NULL,
  `item_type_id` bigint DEFAULT NULL,
  `grade_id` bigint DEFAULT NULL,
  `item_price` bigint DEFAULT NULL,
  `data_state` int DEFAULT '0',
  `created_id` int DEFAULT NULL,
  `created_at` datetime DEFAULT NULL,
  `updated_at` timestamp NOT NULL DEFAULT CURRENT_TIMESTAMP,
  PRIMARY KEY (`item_id`),
  KEY `FK_core_product_grade_id` (`grade_id`)
) ENGINE=InnoDB DEFAULT CHARSET=utf8mb3;

/*Data for the table `inv_item_old` */

/*Table structure for table `inv_item_stock` */

DROP TABLE IF EXISTS `inv_item_stock`;

CREATE TABLE `inv_item_stock` (
  `item_stock_id` bigint NOT NULL AUTO_INCREMENT,
  `goods_received_note_id` int DEFAULT NULL,
  `goods_received_note_item_id` int DEFAULT NULL,
  `item_stock_date` date DEFAULT NULL,
  `item_stock_expired_date` date DEFAULT NULL,
  `item_batch_number` varchar(250) DEFAULT '',
  `purchase_order_item_id` bigint DEFAULT '0',
  `warehouse_id` int DEFAULT '0',
  `purchase_order_no` varchar(255) NOT NULL,
  `buyers_acknowledgment_no` varchar(255) NOT NULL,
  `no_retur_barang` varchar(255) NOT NULL,
  `nota_retur_pajak` varchar(255) NOT NULL,
  `item_category_id` int DEFAULT '0',
  `item_type_id` int DEFAULT '0',
  `item_id` int DEFAULT '0',
  `item_unit_id` int DEFAULT '1',
  `item_total` decimal(10,0) DEFAULT '0',
  `item_unit_cost` decimal(20,0) DEFAULT '0',
  `item_unit_total` decimal(20,0) DEFAULT '0',
  `item_unit_price` decimal(20,0) DEFAULT '0',
  `item_unit_id_default` int DEFAULT NULL,
  `item_default_quantity_unit` varchar(200) CHARACTER SET utf8mb4 COLLATE utf8mb4_general_ci DEFAULT '',
  `quantity_unit` varchar(200) CHARACTER SET utf8mb4 COLLATE utf8mb4_general_ci DEFAULT '',
  `item_weight_default` int DEFAULT NULL,
  `item_weight_unit` varchar(200) CHARACTER SET utf8mb4 COLLATE utf8mb4_general_ci DEFAULT '',
  `package_id` int DEFAULT NULL,
  `package_total` decimal(10,0) DEFAULT '0',
  `package_unit_id` int DEFAULT '0',
  `package_price` int DEFAULT '0',
  `data_state` int DEFAULT '0',
  `created_id` int DEFAULT NULL,
  `created_at` datetime DEFAULT NULL,
  `updated_at` timestamp NULL DEFAULT CURRENT_TIMESTAMP,
  PRIMARY KEY (`item_stock_id`)
) ENGINE=InnoDB AUTO_INCREMENT=54 DEFAULT CHARSET=utf8mb3;

/*Data for the table `inv_item_stock` */

insert  into `inv_item_stock`(`item_stock_id`,`goods_received_note_id`,`goods_received_note_item_id`,`item_stock_date`,`item_stock_expired_date`,`item_batch_number`,`purchase_order_item_id`,`warehouse_id`,`purchase_order_no`,`buyers_acknowledgment_no`,`no_retur_barang`,`nota_retur_pajak`,`item_category_id`,`item_type_id`,`item_id`,`item_unit_id`,`item_total`,`item_unit_cost`,`item_unit_total`,`item_unit_price`,`item_unit_id_default`,`item_default_quantity_unit`,`quantity_unit`,`item_weight_default`,`item_weight_unit`,`package_id`,`package_total`,`package_unit_id`,`package_price`,`data_state`,`created_id`,`created_at`,`updated_at`) values 
(40,16,500,'2023-12-12','2026-12-12','1111',15,6,'','','','',1,1,0,1,5,1000,0,0,1,'1','0',NULL,'',NULL,0,0,0,0,3,'2023-12-12 09:37:25','2023-12-14 07:29:48'),
(41,16,501,'2023-12-12','2026-12-12','2222',16,6,'','','','',1,2,0,6,5,2000,0,0,6,'1','0',NULL,'',NULL,0,0,0,0,3,'2023-12-12 09:37:25','2023-12-14 07:29:48'),
(42,0,0,'2023-12-12','2026-12-12','1111',15,7,'','','','',1,1,0,1,0,1000,0,0,1,'1','5',0,'',0,0,0,0,0,3,'2023-12-12 09:38:55','2023-12-12 09:38:55'),
(43,0,0,'2023-12-12','2026-12-12','2222',16,7,'','','','',1,2,0,6,0,2000,0,0,6,'1','5',0,'',0,0,0,0,0,3,'2023-12-12 09:38:55','2023-12-12 09:38:55'),
(44,17,502,'2023-12-13','2025-12-13','123',17,6,'','','','',1,1,0,1,100,1000,0,0,1,'1','0',NULL,'',NULL,0,0,0,0,3,'2023-12-13 03:15:12','2023-12-13 03:51:36'),
(45,17,503,'2023-12-13','2025-12-13','456',18,6,'','','','',1,2,0,6,200,1500,0,0,6,'1','0',NULL,'',NULL,0,0,0,0,3,'2023-12-13 03:15:12','2023-12-13 03:51:36'),
(46,17,503,'2023-12-13','2025-12-13','456',18,8,'0001/POC/XII/2023','','','',1,2,0,6,200,1000,0,2000,6,'1','0',NULL,'',NULL,0,0,0,0,3,'2023-12-13 03:51:36','2023-12-13 07:53:15'),
(47,17,502,'2023-12-13','2025-12-13','123',17,8,'0001/POC/XII/2023','','','',1,1,0,1,100,1500,0,3000,1,'1','-300',NULL,'',NULL,0,0,0,0,3,'2023-12-13 03:51:36','2023-12-13 07:53:15'),
(48,18,504,'2023-12-13','2023-12-13','121212',19,6,'','','','',2,24,0,5,50,1000,0,0,5,'1','0',NULL,'',NULL,0,0,0,0,3,'2023-12-13 07:57:53','2023-12-13 08:58:48'),
(49,18,505,'2023-12-13','2023-12-13','131313',20,6,'','','','',2,26,0,5,100,1000,0,0,5,'1','0',NULL,'',NULL,0,0,0,0,3,'2023-12-13 07:57:53','2023-12-13 08:58:48'),
(50,18,504,'2023-12-13','2023-12-13','121212',19,8,'0002/PO/XII/2023','','','',2,24,0,5,50,1000,0,1500,5,'1','0',NULL,'',NULL,0,0,0,0,3,'2023-12-13 08:58:48','2023-12-13 09:07:53'),
(51,18,505,'2023-12-13','2023-12-13','131313',20,8,'0002/PO/XII/2023','','','',2,26,0,5,100,1000,0,1500,5,'1','0',NULL,'',NULL,0,0,0,0,3,'2023-12-13 08:58:48','2023-12-13 09:07:54'),
(52,16,501,'2023-12-14','2026-12-12','2222',16,8,'0003/PO/XII/2023','','','',1,2,0,6,5,2000,0,1500,6,'1','0',NULL,'',NULL,0,0,0,0,3,'2023-12-14 07:29:48','2023-12-14 07:30:31'),
(53,16,500,'2023-12-14','2026-12-12','1111',15,8,'0003/PO/XII/2023','','','',1,1,0,1,5,1000,0,2000,1,'1','0',NULL,'',NULL,0,0,0,0,3,'2023-12-14 07:29:48','2023-12-14 07:30:31');

/*Table structure for table `inv_item_stock_adjustment` */

DROP TABLE IF EXISTS `inv_item_stock_adjustment`;

CREATE TABLE `inv_item_stock_adjustment` (
  `stock_adjustment_id` int NOT NULL AUTO_INCREMENT,
  `warehouse_id` int DEFAULT NULL,
  `stock_adjustment_date` varchar(225) CHARACTER SET utf8mb4 COLLATE utf8mb4_general_ci DEFAULT NULL,
  `data_state` int DEFAULT '0',
  `created_id` int DEFAULT NULL,
  `updated_id` int DEFAULT NULL,
  `created_at` datetime DEFAULT NULL,
  `updated_at` datetime DEFAULT NULL,
  PRIMARY KEY (`stock_adjustment_id`),
  KEY `FK_warehouse_adjustment` (`warehouse_id`)
) ENGINE=InnoDB AUTO_INCREMENT=101 DEFAULT CHARSET=utf8mb4 COLLATE=utf8mb4_general_ci;

/*Data for the table `inv_item_stock_adjustment` */

/*Table structure for table `inv_item_stock_adjustment_item` */

DROP TABLE IF EXISTS `inv_item_stock_adjustment_item`;

CREATE TABLE `inv_item_stock_adjustment_item` (
  `stock_adjustment_item_id` int NOT NULL AUTO_INCREMENT,
  `stock_adjustment_id` int DEFAULT NULL,
  `item_unit_id` int DEFAULT NULL,
  `item_stock_id` varchar(225) CHARACTER SET utf8mb4 COLLATE utf8mb4_general_ci DEFAULT NULL,
  `item_first_amount` varchar(225) CHARACTER SET utf8mb4 COLLATE utf8mb4_general_ci DEFAULT NULL,
  `item_adjustment_amount` varchar(225) CHARACTER SET utf8mb4 COLLATE utf8mb4_general_ci DEFAULT NULL,
  `item_last_amount` varchar(225) CHARACTER SET utf8mb4 COLLATE utf8mb4_general_ci DEFAULT NULL,
  `item_adjustment_remark` varchar(225) CHARACTER SET utf8mb4 COLLATE utf8mb4_general_ci DEFAULT NULL,
  `data_state` int DEFAULT '0',
  `created_id` int DEFAULT NULL,
  `updated_id` int DEFAULT NULL,
  `created_at` datetime DEFAULT NULL,
  `updated_at` datetime DEFAULT NULL,
  PRIMARY KEY (`stock_adjustment_item_id`),
  KEY `FK_adjustment_id` (`stock_adjustment_id`)
) ENGINE=InnoDB AUTO_INCREMENT=56 DEFAULT CHARSET=utf8mb4 COLLATE=utf8mb4_general_ci;

/*Data for the table `inv_item_stock_adjustment_item` */

/*Table structure for table `inv_item_stock_card` */

DROP TABLE IF EXISTS `inv_item_stock_card`;

CREATE TABLE `inv_item_stock_card` (
  `item_stock_card_id` bigint NOT NULL AUTO_INCREMENT,
  `item_stock_id` int DEFAULT '0',
  `section_id` int DEFAULT '0',
  `item_category_id` int DEFAULT '0',
  `item_type_id` int DEFAULT '0',
  `warehouse_id` int DEFAULT '0',
  `supplier_id` int DEFAULT '0',
  `item_unit_id` int DEFAULT '0',
  `item_stock_type` decimal(1,0) DEFAULT '0',
  `item_batch_number` varchar(20) DEFAULT '',
  `item_color` varchar(20) DEFAULT '',
  `item_size` int DEFAULT '0',
  `transaction_id` decimal(10,0) DEFAULT '0',
  `transaction_type` decimal(10,0) DEFAULT '0',
  `transaction_code` varchar(250) DEFAULT '0',
  `transaction_date` date DEFAULT NULL,
  `opening_balance` decimal(20,0) DEFAULT '0',
  `opening_balance_unfinished` decimal(20,0) DEFAULT '0',
  `item_stock_card_in` decimal(20,0) DEFAULT '0',
  `item_stock_card_out` decimal(20,0) DEFAULT '0',
  `item_unit_default_quantity` decimal(10,0) DEFAULT '0',
  `last_balance` decimal(20,0) DEFAULT '0',
  `last_balance_unfinished` decimal(20,0) DEFAULT '0',
  `data_state` int DEFAULT '0',
  `created_id` int DEFAULT NULL,
  `created_at` timestamp NOT NULL DEFAULT CURRENT_TIMESTAMP,
  `updated_at` timestamp NULL DEFAULT CURRENT_TIMESTAMP,
  PRIMARY KEY (`item_stock_card_id`),
  KEY `FK_inv_item_stock_card_item_id` (`item_type_id`),
  KEY `FK_inv_item_stock_card_supplier_id` (`supplier_id`),
  KEY `FK_inv_item_stock_card_warehouse_id` (`warehouse_id`),
  KEY `FK_inv_item_stock_card_item_category_id` (`item_category_id`),
  KEY `FK_inv_item_stock_card_item_unit_id` (`item_unit_id`),
  KEY `FK_inv_item_stock_card_section_id` (`section_id`),
  KEY `item_batch_number` (`item_batch_number`)
) ENGINE=InnoDB AUTO_INCREMENT=74935 DEFAULT CHARSET=utf8mb3;

/*Data for the table `inv_item_stock_card` */

insert  into `inv_item_stock_card`(`item_stock_card_id`,`item_stock_id`,`section_id`,`item_category_id`,`item_type_id`,`warehouse_id`,`supplier_id`,`item_unit_id`,`item_stock_type`,`item_batch_number`,`item_color`,`item_size`,`transaction_id`,`transaction_type`,`transaction_code`,`transaction_date`,`opening_balance`,`opening_balance_unfinished`,`item_stock_card_in`,`item_stock_card_out`,`item_unit_default_quantity`,`last_balance`,`last_balance_unfinished`,`data_state`,`created_id`,`created_at`,`updated_at`) values 
(74929,40,0,1,1,6,0,1,0,'1111','',0,16,1,'INVT_GDS_RCV_NOTE','2023-12-12',0,0,0,5,0,5,0,0,NULL,'2023-12-12 16:37:25','2023-12-12 16:37:25'),
(74930,41,0,1,2,6,0,6,0,'2222','',0,16,1,'INVT_GDS_RCV_NOTE','2023-12-12',0,0,0,5,0,5,0,0,NULL,'2023-12-12 16:37:25','2023-12-12 16:37:25'),
(74931,44,0,1,1,6,0,1,0,'123','',0,17,1,'INVT_GDS_RCV_NOTE','2023-12-13',0,0,0,100,0,100,0,0,NULL,'2023-12-13 10:15:12','2023-12-13 10:15:12'),
(74932,45,0,1,2,6,0,6,0,'456','',0,17,1,'INVT_GDS_RCV_NOTE','2023-12-13',0,0,0,200,0,200,0,0,NULL,'2023-12-13 10:15:12','2023-12-13 10:15:12'),
(74933,48,0,2,24,6,0,5,0,'121212','',0,18,1,'INVT_GDS_RCV_NOTE','2023-12-13',0,0,0,50,0,50,0,0,NULL,'2023-12-13 14:57:52','2023-12-13 14:57:52'),
(74934,49,0,2,26,6,0,5,0,'131313','',0,18,1,'INVT_GDS_RCV_NOTE','2023-12-13',0,0,0,100,0,100,0,0,NULL,'2023-12-13 14:57:53','2023-12-13 14:57:53');

/*Table structure for table `inv_item_stock_package` */

DROP TABLE IF EXISTS `inv_item_stock_package`;

CREATE TABLE `inv_item_stock_package` (
  `item_stock_package_id` bigint NOT NULL AUTO_INCREMENT,
  `item_stock_id` bigint DEFAULT NULL,
  `package_stock_id` bigint DEFAULT NULL,
  `quantity` int DEFAULT NULL,
  `package_unit_id` int DEFAULT NULL,
  `data_state` int DEFAULT '0',
  `created_id` int DEFAULT NULL,
  `created_at` datetime DEFAULT NULL,
  `updated_at` timestamp NOT NULL DEFAULT CURRENT_TIMESTAMP,
  PRIMARY KEY (`item_stock_package_id`)
) ENGINE=InnoDB AUTO_INCREMENT=17 DEFAULT CHARSET=utf8mb3;

/*Data for the table `inv_item_stock_package` */

/*Table structure for table `inv_item_type` */

DROP TABLE IF EXISTS `inv_item_type`;

CREATE TABLE `inv_item_type` (
  `item_type_id` int NOT NULL AUTO_INCREMENT,
  `item_category_id` int DEFAULT NULL,
  `item_type_name` varchar(250) DEFAULT NULL,
  `item_type_expired_time` int DEFAULT NULL,
  `item_package_status` int DEFAULT '0' COMMENT '0 = warehouse-out, 1 = grading',
  `item_unit_1` varchar(250) DEFAULT NULL,
  `item_quantity_default_1` varchar(250) DEFAULT NULL,
  `item_weight_1` varchar(250) DEFAULT NULL,
  `item_unit_2` varchar(250) DEFAULT NULL,
  `item_quantity_default_2` varchar(250) DEFAULT NULL,
  `item_weight_2` varchar(250) DEFAULT NULL,
  `item_unit_3` varchar(250) DEFAULT NULL,
  `item_quantity_default_3` varchar(250) DEFAULT NULL,
  `item_weight_3` varchar(250) DEFAULT NULL,
  `purchase_account_id` int DEFAULT NULL,
  `purchase_return_account_id` int DEFAULT NULL,
  `purchase_discount_account_id` int DEFAULT NULL,
  `sales_account_id` int DEFAULT NULL,
  `sales_return_account_id` int DEFAULT NULL,
  `sales_discount_account_id` int DEFAULT NULL,
  `inv_account_id` int DEFAULT NULL,
  `inv_return_account_id` int DEFAULT NULL,
  `inv_discount_account_id` int DEFAULT NULL,
  `hpp_account_id` int DEFAULT NULL,
  `hpp_amount` int DEFAULT '0',
  `data_state` int DEFAULT '0',
  `created_id` int DEFAULT NULL,
  `created_at` datetime DEFAULT NULL,
  `updated_at` timestamp NOT NULL DEFAULT CURRENT_TIMESTAMP,
  PRIMARY KEY (`item_type_id`),
  KEY `FK_core_product_type_product_catedory_id` (`item_category_id`),
  KEY `FK_inv_item_type_purchase_account_id` (`purchase_account_id`),
  KEY `FK_inv_item_type_purchase_return_account_id` (`purchase_return_account_id`),
  KEY `FK_inv_item_type_purchase_discount_account_id` (`purchase_discount_account_id`),
  KEY `FK_inv_item_type_sales_account_id` (`sales_account_id`),
  KEY `FK_inv_item_type_sales_return_account_id` (`sales_return_account_id`),
  KEY `FK_inv_item_type_sales_discount_account_id` (`sales_discount_account_id`),
  KEY `FK_inv_item_type_inv_account_id` (`inv_account_id`),
  KEY `FK_inv_item_type_inv_return_account_id` (`inv_return_account_id`),
  KEY `FK_inv_item_type_inv_discount_account_id` (`inv_discount_account_id`)
) ENGINE=InnoDB AUTO_INCREMENT=48 DEFAULT CHARSET=utf8mb3;

/*Data for the table `inv_item_type` */

insert  into `inv_item_type`(`item_type_id`,`item_category_id`,`item_type_name`,`item_type_expired_time`,`item_package_status`,`item_unit_1`,`item_quantity_default_1`,`item_weight_1`,`item_unit_2`,`item_quantity_default_2`,`item_weight_2`,`item_unit_3`,`item_quantity_default_3`,`item_weight_3`,`purchase_account_id`,`purchase_return_account_id`,`purchase_discount_account_id`,`sales_account_id`,`sales_return_account_id`,`sales_discount_account_id`,`inv_account_id`,`inv_return_account_id`,`inv_discount_account_id`,`hpp_account_id`,`hpp_amount`,`data_state`,`created_id`,`created_at`,`updated_at`) values 
(1,1,'Antimo tab/cc 10\'s',180,0,'1','1','0.006','1','1','0.006','1','1','0.006',NULL,NULL,NULL,NULL,NULL,NULL,NULL,NULL,NULL,NULL,0,0,3,'0000-00-00 00:00:00','2023-08-15 09:29:54'),
(2,1,'Antimo Anak 12,5 mg/5 ml susp/10 sct x 5 ml',180,0,'6','1','0.008','3','1','0.08','3','1','0.08',NULL,NULL,NULL,NULL,NULL,NULL,NULL,NULL,NULL,NULL,0,0,3,'0000-00-00 00:00:00','2023-08-14 07:01:08'),
(3,1,'Antimo Anak 12.5 mg/5 ml-strawberry',180,0,'6','1','0.008','3','1','0.08','3','1','0.08',NULL,NULL,NULL,NULL,NULL,NULL,NULL,NULL,NULL,NULL,0,0,3,'0000-00-00 00:00:00','2023-08-14 07:01:34'),
(4,1,'Antimo Herbal/10 sachet @ 15 mL',NULL,0,NULL,NULL,NULL,NULL,NULL,NULL,NULL,NULL,NULL,6767,6767,6767,6767,6767,6767,6767,6767,6767,NULL,0,0,3,'0000-00-00 00:00:00','0000-00-00 00:00:00'),
(5,1,'Becefort kss/10 str x 10\'s',NULL,0,'3','1','0.24','3','1','0.24','3','1','0.24',NULL,NULL,NULL,NULL,NULL,NULL,NULL,NULL,NULL,NULL,0,0,3,'0000-00-00 00:00:00','2023-08-14 07:02:22'),
(6,1,'Becefort kss/25 cc x 4\'s',NULL,0,'3','1','0.22','3','1','0.22','3','1','0.22',NULL,NULL,NULL,NULL,NULL,NULL,NULL,NULL,NULL,NULL,0,0,3,'0000-00-00 00:00:00','2023-08-14 07:02:43'),
(7,2,'Becefort syr/btl 60 ml',NULL,0,NULL,NULL,NULL,NULL,NULL,NULL,NULL,NULL,NULL,NULL,NULL,NULL,NULL,NULL,NULL,NULL,NULL,NULL,NULL,0,0,3,'0000-00-00 00:00:00','0000-00-00 00:00:00'),
(8,2,'Betafort syr/btl 60 ml',1095,0,NULL,NULL,NULL,NULL,NULL,NULL,NULL,NULL,NULL,NULL,NULL,NULL,NULL,NULL,NULL,NULL,NULL,NULL,NULL,0,0,74,'0000-00-00 00:00:00','0000-00-00 00:00:00'),
(9,2,'Bioron Forte tsg/7 cc x 4\'s',1095,0,NULL,NULL,NULL,NULL,NULL,NULL,NULL,NULL,NULL,NULL,NULL,NULL,NULL,NULL,NULL,NULL,NULL,NULL,NULL,0,1,74,'0000-00-00 00:00:00','2023-09-02 04:49:37'),
(10,1,'Bioron tsg/10 cc x 10\'s',1095,0,'3','1','0.12','3','1','0.12','3','1','0.12',NULL,NULL,NULL,NULL,NULL,NULL,NULL,NULL,NULL,NULL,0,0,74,'0000-00-00 00:00:00','2023-08-14 07:03:08'),
(11,2,'Febrinex susp/btl 60 ml',1095,0,NULL,NULL,NULL,NULL,NULL,NULL,NULL,NULL,NULL,NULL,NULL,NULL,NULL,NULL,NULL,NULL,NULL,NULL,NULL,0,0,74,'0000-00-00 00:00:00','0000-00-00 00:00:00'),
(12,1,'Fitogen tab/3 bls x 10\'s',1095,0,'3','1','0.02','3','1','0.02','3','1','0.02',NULL,NULL,NULL,NULL,NULL,NULL,NULL,NULL,NULL,NULL,0,0,74,'0000-00-00 00:00:00','2023-08-14 06:59:17'),
(13,1,'Hemorogard kaps/3 bls x10\'s',1095,0,'3','1','0.03','3','1','0.03','3','1','0.03',NULL,NULL,NULL,NULL,NULL,NULL,NULL,NULL,NULL,NULL,0,0,74,'0000-00-00 00:00:00','2023-08-14 07:03:41'),
(14,1,'Livron B Plex tsg/10 str x 10\'s',1095,0,'3','1','0.05','3','1','0.05','3','1','0.05',NULL,NULL,NULL,NULL,NULL,NULL,NULL,NULL,NULL,NULL,0,0,74,'0000-00-00 00:00:00','2023-08-14 07:04:04'),
(15,2,'Noza kapl/cc 4\'s',1095,0,'3','1','0.23','3','1','0.23','3','1','0.23',NULL,NULL,NULL,NULL,NULL,NULL,NULL,NULL,NULL,NULL,0,0,74,'0000-00-00 00:00:00','2023-08-14 07:04:49'),
(16,1,'X-Gra kaps/4 cc x 10\'s',1095,0,'3','1','0.07','3','1','0.07','3','1','0.07',NULL,NULL,NULL,NULL,NULL,NULL,NULL,NULL,NULL,NULL,0,0,74,'0000-00-00 00:00:00','2023-08-14 07:05:14'),
(17,2,'Asifit Tab Salut (Blister 3x10 Tab) BJN',1095,0,NULL,NULL,NULL,NULL,NULL,NULL,NULL,NULL,NULL,NULL,NULL,NULL,NULL,NULL,NULL,NULL,NULL,NULL,NULL,0,0,74,'0000-00-00 00:00:00','0000-00-00 00:00:00'),
(18,2,'Batugin 120 ml BJN',1095,0,'4','1','0.17','4','1','0.17','4','1','0.17',NULL,NULL,NULL,NULL,NULL,NULL,NULL,NULL,NULL,NULL,0,0,74,'0000-00-00 00:00:00','2023-08-14 07:06:07'),
(19,2,'Batugin 300 ml BJN',1095,0,NULL,NULL,NULL,NULL,NULL,NULL,NULL,NULL,NULL,NULL,NULL,NULL,NULL,NULL,NULL,NULL,NULL,NULL,NULL,0,0,74,'0000-00-00 00:00:00','0000-00-00 00:00:00'),
(20,2,'Bedak Salicyl 2% 60gr',1095,0,'5','1','0.08','5','1','0.08','5','1','0.08',NULL,NULL,NULL,NULL,NULL,NULL,NULL,NULL,NULL,NULL,0,0,74,'0000-00-00 00:00:00','2023-08-14 07:07:00'),
(21,2,'Citamin Cplus 1000 mg EFF',1095,0,NULL,NULL,NULL,NULL,NULL,NULL,NULL,NULL,NULL,NULL,NULL,NULL,NULL,NULL,NULL,NULL,NULL,NULL,NULL,0,0,74,'0000-00-00 00:00:00','0000-00-00 00:00:00'),
(22,2,'Enkasari Herbal @120 ml BJN',1095,0,'4','1','0.17','4','1','0.17','4','1','0.17',NULL,NULL,NULL,NULL,NULL,NULL,NULL,NULL,NULL,NULL,0,0,74,'0000-00-00 00:00:00','2023-08-14 07:09:36'),
(23,2,'Marcks Active Natural Beige (New)',1095,0,'5','1','0.06','5','1','0.06','5','1','0.06',NULL,NULL,NULL,NULL,NULL,NULL,NULL,NULL,NULL,NULL,0,0,74,'0000-00-00 00:00:00','2023-11-24 14:59:17'),
(24,2,'Marcks classic creme 40gr (New)',1095,0,'5','1','0.07','5','1','0.07','5','1','0.07',NULL,NULL,NULL,NULL,NULL,NULL,NULL,NULL,NULL,NULL,0,0,74,'0000-00-00 00:00:00','2023-08-14 07:10:22'),
(25,2,'Marcks Teens CP Cr?me (New)',1095,0,'5','1','0.08','5','1','0.08','5','1','0.08',NULL,NULL,NULL,NULL,NULL,NULL,NULL,NULL,NULL,NULL,0,0,74,'0000-00-00 00:00:00','2023-08-14 07:10:49'),
(26,2,'Marcks Active creme 20gr (New)',1095,0,'5','1','0.06','5','1','0.06','5','1','0.06',NULL,NULL,NULL,NULL,NULL,NULL,NULL,NULL,NULL,NULL,0,0,74,'0000-00-00 00:00:00','2023-08-14 07:11:13'),
(27,2,'Marcks Active white 20gr (New)',1095,0,'5','1','0.06','5','1','0.06','5','1','0.06',NULL,NULL,NULL,NULL,NULL,NULL,NULL,NULL,NULL,NULL,0,0,74,'0000-00-00 00:00:00','2023-08-14 07:11:32'),
(28,2,'Marcks breathable powder ivory',1095,0,'5','1','0.04','5','1','0.04','5','1','0.04',NULL,NULL,NULL,NULL,NULL,NULL,NULL,NULL,NULL,NULL,0,0,74,'0000-00-00 00:00:00','2023-08-14 07:11:53'),
(29,2,'Marcks breathable powder natural beige',1095,0,'5','1','0.04','5','1','0.04','5','1','0.04',NULL,NULL,NULL,NULL,NULL,NULL,NULL,NULL,NULL,NULL,0,0,74,'0000-00-00 00:00:00','2023-08-14 07:12:19'),
(30,2,'Marcks breathable powder rose pink',1095,0,'5','1','0.04','5','1','0.04','5','1','0.04',NULL,NULL,NULL,NULL,NULL,NULL,NULL,NULL,NULL,NULL,0,0,74,'0000-00-00 00:00:00','2023-08-14 07:12:45'),
(31,2,'Marcks classic rose 40gr (New)',1095,0,'5','1','0.07','5','1','0.07','5','1','0.07',NULL,NULL,NULL,NULL,NULL,NULL,NULL,NULL,NULL,NULL,0,0,74,'0000-00-00 00:00:00','2023-08-14 07:13:10'),
(32,2,'Marcks teens CP natural beige (New)',1095,0,'5','1','0.07','5','1','0.07','5','1','0.07',NULL,NULL,NULL,NULL,NULL,NULL,NULL,NULL,NULL,NULL,0,0,74,'0000-00-00 00:00:00','2023-08-14 07:13:49'),
(33,2,'Marcks teens CP pink (New)',1095,0,'5','1','0.07','5','1','0.07','5','1','0.07',NULL,NULL,NULL,NULL,NULL,NULL,NULL,NULL,NULL,NULL,0,0,74,'0000-00-00 00:00:00','2023-08-14 07:14:10'),
(34,2,'Marcks classic putih 40gr (New)',1095,0,'5','1','0.07','5','1','0.07','5','1','0.07',NULL,NULL,NULL,NULL,NULL,NULL,NULL,NULL,NULL,NULL,0,0,74,'0000-00-00 00:00:00','2023-08-14 07:14:39'),
(35,2,'Marcks classic invisible 40gr (New)',1095,0,'5','1','0.07','5','1','0.07','5','1','0.07',NULL,NULL,NULL,NULL,NULL,NULL,NULL,NULL,NULL,NULL,0,0,74,'0000-00-00 00:00:00','2023-08-14 07:15:00'),
(36,2,'Marcks Active pink 20gr (New)',1095,0,'5','1','0.06','5','1','0.06','5','1','0.06',NULL,NULL,NULL,NULL,NULL,NULL,NULL,NULL,NULL,NULL,0,0,74,'0000-00-00 00:00:00','2023-08-14 07:15:59'),
(37,2,'Marcks Active invisible 20gr (New)',1095,0,'5','1','0.06','5','1','0.06','5','1','0.06',NULL,NULL,NULL,NULL,NULL,NULL,NULL,NULL,NULL,NULL,0,0,74,'0000-00-00 00:00:00','2023-08-14 07:16:20'),
(38,2,'Venus flawless matte cushion no 1',1095,0,'5','1','0.08','5','1','0.08','5','1','0.08',NULL,NULL,NULL,NULL,NULL,NULL,NULL,NULL,NULL,NULL,0,0,74,'0000-00-00 00:00:00','2023-08-14 07:18:49'),
(39,2,'Venus flawless matte cushion no 2',1095,0,'5','1','0.08','5','1','0.08','5','1','0.08',NULL,NULL,NULL,NULL,NULL,NULL,NULL,NULL,NULL,NULL,0,0,74,'0000-00-00 00:00:00','2023-08-14 07:19:05'),
(40,2,'Venus flawless matte cushion no 3',1095,0,'5','1','0.08','5','1','0.08','5','1','0.08',NULL,NULL,NULL,NULL,NULL,NULL,NULL,NULL,NULL,NULL,0,0,74,'0000-00-00 00:00:00','2023-08-14 07:18:31'),
(41,2,'Venus flawless matte cushion no 4',1095,0,'5','1','0.08','5','1','0.08','5','1','0.08',NULL,NULL,NULL,NULL,NULL,NULL,NULL,NULL,NULL,NULL,0,0,74,'0000-00-00 00:00:00','2023-08-14 07:18:05'),
(42,2,'Venus Soft Matte Lipcream No.2',1095,0,'5','1','0.03','5','1','0.03','5','1','0.03',NULL,NULL,NULL,NULL,NULL,NULL,NULL,NULL,NULL,NULL,0,0,74,'0000-00-00 00:00:00','2023-08-14 07:17:09'),
(43,2,'Venus Soft Matte Lipcream No.4',1095,0,'5','1','0.03','5','1','0.03','5','1','0.03',NULL,NULL,NULL,NULL,NULL,NULL,NULL,NULL,NULL,NULL,0,0,74,'0000-00-00 00:00:00','2023-08-14 07:16:52'),
(44,1,'BIORON FORTE TAB 7x4\'S',NULL,0,'3','1','0.06','3','1','0.06','3','1','0.06',NULL,NULL,NULL,NULL,NULL,NULL,NULL,NULL,NULL,NULL,0,0,75,'2023-09-02 04:50:30','2023-09-11 08:04:47'),
(45,1,'BIORON FORTE TAB 7x4\'S',NULL,0,'3','1','0.06','3','1','0.06','3','1','0.06',NULL,NULL,NULL,NULL,NULL,NULL,NULL,NULL,NULL,NULL,0,0,75,'2023-09-11 08:04:14','2023-09-11 08:04:14'),
(46,1,'becefort syr/btl 60ml',100,0,NULL,NULL,NULL,NULL,NULL,NULL,NULL,NULL,NULL,NULL,NULL,NULL,NULL,NULL,NULL,NULL,NULL,NULL,NULL,0,0,75,'2023-10-19 08:44:27','2023-10-19 08:44:27'),
(47,1,'betafort  syr/btl 60ml',100,0,NULL,NULL,NULL,NULL,NULL,NULL,NULL,NULL,NULL,NULL,NULL,NULL,NULL,NULL,NULL,NULL,NULL,NULL,NULL,0,0,75,'2023-10-19 08:44:50','2023-10-19 08:44:50');

/*Table structure for table `inv_item_unit` */

DROP TABLE IF EXISTS `inv_item_unit`;

CREATE TABLE `inv_item_unit` (
  `item_unit_id` int NOT NULL AUTO_INCREMENT,
  `item_unit_code` varchar(20) DEFAULT '',
  `item_unit_name` varchar(50) DEFAULT '',
  `item_unit_default_quantity` decimal(10,0) DEFAULT '1',
  `item_unit_remark` text,
  `data_state` decimal(1,0) DEFAULT '0',
  `created_id` int DEFAULT NULL,
  `created_at` datetime DEFAULT NULL,
  `updated_at` timestamp NOT NULL DEFAULT CURRENT_TIMESTAMP,
  PRIMARY KEY (`item_unit_id`)
) ENGINE=InnoDB AUTO_INCREMENT=21 DEFAULT CHARSET=utf8mb3;

/*Data for the table `inv_item_unit` */

insert  into `inv_item_unit`(`item_unit_id`,`item_unit_code`,`item_unit_name`,`item_unit_default_quantity`,`item_unit_remark`,`data_state`,`created_id`,`created_at`,`updated_at`) values 
(1,'STRP','Strip',4320,NULL,0,3,'0000-00-00 00:00:00','0000-00-00 00:00:00'),
(2,'KLI','KOLI',64800,NULL,0,3,'0000-00-00 00:00:00','2023-08-05 21:45:16'),
(3,'DS','DUS',1,NULL,0,3,'0000-00-00 00:00:00','2023-08-05 21:45:28'),
(4,'BTL','BOTOL',1,NULL,0,74,'0000-00-00 00:00:00','0000-00-00 00:00:00'),
(5,'PCS','Pcs',1,NULL,0,75,'0000-00-00 00:00:00','0000-00-00 00:00:00'),
(6,'SCT','SACHET',1,NULL,0,75,'0000-00-00 00:00:00','0000-00-00 00:00:00'),
(7,'TB','Tube',1,NULL,0,NULL,NULL,'2023-08-05 09:47:21'),
(8,'LSN','LUSIN',1,NULL,0,75,'2023-08-05 21:44:24','2023-08-05 21:44:24'),
(9,'PCS2','Pcs tipe 2',1,NULL,0,75,'2023-08-08 04:43:11','2023-08-08 05:03:15'),
(10,'PCS3','Pcs tipe 3',1,NULL,0,75,'2023-08-08 04:44:19','2023-08-08 05:03:25'),
(11,NULL,'becefort syr/btl 60ml',NULL,'btl',0,75,'2023-10-19 08:45:54','2023-10-19 08:45:54'),
(12,NULL,'betafort syr/btl 60ml',NULL,'btl',0,75,'2023-10-19 08:46:10','2023-10-19 08:46:10'),
(13,NULL,'botol',NULL,NULL,0,75,'2023-10-19 08:48:22','2023-10-19 08:48:22'),
(14,NULL,'botol',NULL,NULL,0,75,'2023-10-19 08:50:04','2023-10-19 08:50:04'),
(15,NULL,'botol',NULL,NULL,0,75,'2023-10-19 08:50:55','2023-10-19 08:50:55'),
(16,NULL,'botol',NULL,NULL,0,75,'2023-10-20 02:13:42','2023-10-20 02:13:42'),
(17,NULL,'botol',NULL,NULL,0,75,'2023-10-20 02:14:44','2023-10-20 02:14:44'),
(18,NULL,'btl',NULL,NULL,0,75,'2023-11-04 01:38:59','2023-11-04 01:38:59'),
(19,NULL,'btl',NULL,NULL,0,75,'2023-11-04 01:39:41','2023-11-04 01:39:41'),
(20,NULL,'PCS',NULL,NULL,0,75,'2023-11-17 02:57:01','2023-11-17 02:57:01');

/*Table structure for table `inv_item_unit_cost` */

DROP TABLE IF EXISTS `inv_item_unit_cost`;

CREATE TABLE `inv_item_unit_cost` (
  `item_unit_cost_id` bigint NOT NULL AUTO_INCREMENT,
  `branch_id` int DEFAULT '0',
  `warehouse_id` int DEFAULT '0',
  `item_category_id` int DEFAULT '0',
  `item_unit_id` int DEFAULT '0',
  `item_id` int DEFAULT '0',
  `item_batch_number` varchar(50) DEFAULT '',
  `quantity` decimal(10,2) DEFAULT '0.00',
  `last_balance_stock` decimal(10,2) DEFAULT '0.00',
  `item_unit_cost` decimal(20,2) DEFAULT '0.00',
  `total_amount` decimal(20,2) NOT NULL DEFAULT '0.00',
  `last_balance` decimal(20,2) NOT NULL DEFAULT '0.00',
  `data_state` int DEFAULT '0',
  `created_id` int DEFAULT '0',
  `created_on` datetime DEFAULT NULL,
  `last_update` timestamp NOT NULL DEFAULT CURRENT_TIMESTAMP ON UPDATE CURRENT_TIMESTAMP,
  PRIMARY KEY (`item_unit_cost_id`)
) ENGINE=InnoDB DEFAULT CHARSET=utf8mb3;

/*Data for the table `inv_item_unit_cost` */

/*Table structure for table `inv_warehouse` */

DROP TABLE IF EXISTS `inv_warehouse`;

CREATE TABLE `inv_warehouse` (
  `warehouse_id` int NOT NULL AUTO_INCREMENT,
  `warehouse_location_id` int DEFAULT NULL,
  `warehouse_code` varchar(20) DEFAULT '',
  `warehouse_type` varchar(10) DEFAULT NULL,
  `warehouse_name` varchar(50) DEFAULT '',
  `warehouse_address` text,
  `warehouse_phone` varchar(50) DEFAULT NULL,
  `warehouse_remark` text,
  `data_state` decimal(1,0) DEFAULT '0',
  `created_id` int DEFAULT NULL,
  `created_at` datetime DEFAULT NULL,
  `updated_at` timestamp NOT NULL DEFAULT CURRENT_TIMESTAMP,
  PRIMARY KEY (`warehouse_id`),
  KEY `FK_inv_warehouse_warehouse_location` (`warehouse_location_id`)
) ENGINE=InnoDB AUTO_INCREMENT=12 DEFAULT CHARSET=utf8mb3;

/*Data for the table `inv_warehouse` */

insert  into `inv_warehouse`(`warehouse_id`,`warehouse_location_id`,`warehouse_code`,`warehouse_type`,`warehouse_name`,`warehouse_address`,`warehouse_phone`,`warehouse_remark`,`data_state`,`created_id`,`created_at`,`updated_at`) values 
(6,6,'GDRS','1','GUDANG READY STOCK','Jln. Gatot Subroto','0897875559','Gudang untuk barang ready stock',0,3,'2022-01-07 01:16:16','2023-06-23 10:52:21'),
(7,6,'GDBR','2','Gudang Barang Return','Jln. Gatot Subroto','0897875555','Gudang untuk barang rusak',0,3,'2023-02-27 06:40:42','2023-06-23 10:52:21'),
(8,6,'GDIT','1','Gudang InTransit','Jln. Gatot Subroto','0897875559','Gudang untuk barang Transit',0,3,'2023-07-12 02:49:26','2023-07-12 02:49:51'),
(9,6,'GDRIT','2','Gudang Retur InTransit','Jln. Gatot Subroto','0897875559','Gudang untuk barang Retur Transit',0,75,'2023-08-22 03:06:02','2023-08-22 03:06:02');

/*Table structure for table `inv_warehouse_in` */

DROP TABLE IF EXISTS `inv_warehouse_in`;

CREATE TABLE `inv_warehouse_in` (
  `warehouse_in_id` int NOT NULL AUTO_INCREMENT,
  `warehouse_in_no` varchar(50) DEFAULT NULL,
  `warehouse_id` int DEFAULT NULL,
  `warehouse_in_type_id` int DEFAULT NULL,
  `warehouse_in_date` date DEFAULT NULL,
  `warehouse_in_remark` text,
  `warehouse_in_status` int DEFAULT '0',
  `data_state` decimal(1,0) DEFAULT '0',
  `created_id` int DEFAULT NULL,
  `created_at` datetime DEFAULT NULL,
  `updated_at` timestamp NOT NULL DEFAULT CURRENT_TIMESTAMP,
  PRIMARY KEY (`warehouse_in_id`),
  KEY `FK_inv_warehouse_out_warehouse_id` (`warehouse_id`),
  KEY `FK_inv_warehouse_out_warehouse_out_type_id` (`warehouse_in_type_id`)
) ENGINE=InnoDB AUTO_INCREMENT=12 DEFAULT CHARSET=utf8mb3;

/*Data for the table `inv_warehouse_in` */

/*Table structure for table `inv_warehouse_in_item` */

DROP TABLE IF EXISTS `inv_warehouse_in_item`;

CREATE TABLE `inv_warehouse_in_item` (
  `warehouse_in_item_id` int NOT NULL AUTO_INCREMENT,
  `warehouse_in_id` int DEFAULT NULL,
  `item_stock_id` bigint DEFAULT NULL,
  `item_unit_id` int DEFAULT NULL,
  `quantity` int DEFAULT NULL,
  `data_state` decimal(1,0) DEFAULT '0',
  `created_id` int DEFAULT NULL,
  `created_at` datetime DEFAULT NULL,
  `updated_at` timestamp NOT NULL DEFAULT CURRENT_TIMESTAMP,
  PRIMARY KEY (`warehouse_in_item_id`),
  KEY `FK_inv_warehouse_out_item_item_stock_id` (`item_stock_id`),
  KEY `FK_inv_warehouse_out_item_item_unit_id` (`item_unit_id`),
  KEY `FK_inv_warehouse_out_item_warehouse_out_id` (`warehouse_in_id`)
) ENGINE=InnoDB AUTO_INCREMENT=14 DEFAULT CHARSET=utf8mb3;

/*Data for the table `inv_warehouse_in_item` */

/*Table structure for table `inv_warehouse_in_type` */

DROP TABLE IF EXISTS `inv_warehouse_in_type`;

CREATE TABLE `inv_warehouse_in_type` (
  `warehouse_in_type_id` int NOT NULL AUTO_INCREMENT,
  `warehouse_in_type_name` varchar(250) DEFAULT NULL,
  `warehouse_in_type_remark` text,
  `data_state` decimal(1,0) DEFAULT '0',
  `created_id` int DEFAULT NULL,
  `created_at` datetime DEFAULT NULL,
  `updated_at` timestamp NOT NULL DEFAULT CURRENT_TIMESTAMP,
  PRIMARY KEY (`warehouse_in_type_id`)
) ENGINE=InnoDB AUTO_INCREMENT=2 DEFAULT CHARSET=utf8mb3;

/*Data for the table `inv_warehouse_in_type` */

insert  into `inv_warehouse_in_type`(`warehouse_in_type_id`,`warehouse_in_type_name`,`warehouse_in_type_remark`,`data_state`,`created_id`,`created_at`,`updated_at`) values 
(1,'Return Barang','Barang Reject',0,3,'2023-02-27 04:59:55','2023-06-23 10:52:21');

/*Table structure for table `inv_warehouse_location` */

DROP TABLE IF EXISTS `inv_warehouse_location`;

CREATE TABLE `inv_warehouse_location` (
  `warehouse_location_id` int NOT NULL AUTO_INCREMENT,
  `warehouse_location_code` varchar(20) DEFAULT '',
  `province_id` int DEFAULT NULL,
  `city_id` int DEFAULT NULL,
  `data_state` decimal(1,0) DEFAULT '0',
  `created_id` int DEFAULT NULL,
  `created_at` datetime DEFAULT NULL,
  `updated_at` timestamp NOT NULL DEFAULT CURRENT_TIMESTAMP,
  PRIMARY KEY (`warehouse_location_id`),
  KEY `FK_warehouse_location_province_id` (`province_id`),
  KEY `FK_warehouse_location_city_id` (`city_id`)
) ENGINE=InnoDB AUTO_INCREMENT=7 DEFAULT CHARSET=utf8mb3;

/*Data for the table `inv_warehouse_location` */

insert  into `inv_warehouse_location`(`warehouse_location_id`,`warehouse_location_code`,`province_id`,`city_id`,`data_state`,`created_id`,`created_at`,`updated_at`) values 
(6,'SMG',71,1048,0,3,'2023-02-27 06:40:33','2023-06-23 10:52:21');

/*Table structure for table `inv_warehouse_out` */

DROP TABLE IF EXISTS `inv_warehouse_out`;

CREATE TABLE `inv_warehouse_out` (
  `warehouse_out_id` int NOT NULL AUTO_INCREMENT,
  `warehouse_out_no` varchar(50) DEFAULT NULL,
  `warehouse_id` int DEFAULT NULL,
  `warehouse_out_type_id` int DEFAULT NULL,
  `warehouse_out_date` date DEFAULT NULL,
  `warehouse_out_remark` text,
  `warehouse_out_status` int DEFAULT '0',
  `data_state` decimal(1,0) DEFAULT '0',
  `created_id` int DEFAULT NULL,
  `created_at` datetime DEFAULT NULL,
  `updated_at` timestamp NOT NULL DEFAULT CURRENT_TIMESTAMP,
  PRIMARY KEY (`warehouse_out_id`),
  KEY `FK_inv_warehouse_out_warehouse_id` (`warehouse_id`),
  KEY `FK_inv_warehouse_out_warehouse_out_type_id` (`warehouse_out_type_id`)
) ENGINE=InnoDB AUTO_INCREMENT=6 DEFAULT CHARSET=utf8mb3;

/*Data for the table `inv_warehouse_out` */

insert  into `inv_warehouse_out`(`warehouse_out_id`,`warehouse_out_no`,`warehouse_id`,`warehouse_out_type_id`,`warehouse_out_date`,`warehouse_out_remark`,`warehouse_out_status`,`data_state`,`created_id`,`created_at`,`updated_at`) values 
(5,'0004/WO/II/2023',3,4,'2023-02-28','qwq',0,0,3,'2023-02-28 08:05:41','2023-06-23 10:52:21');

/*Table structure for table `inv_warehouse_out_item` */

DROP TABLE IF EXISTS `inv_warehouse_out_item`;

CREATE TABLE `inv_warehouse_out_item` (
  `warehouse_out_item_id` int NOT NULL AUTO_INCREMENT,
  `warehouse_out_id` int DEFAULT NULL,
  `item_stock_id` bigint DEFAULT NULL,
  `item_unit_id` int DEFAULT NULL,
  `quantity` int DEFAULT NULL,
  `data_state` decimal(1,0) DEFAULT '0',
  `created_id` int DEFAULT NULL,
  `created_at` datetime DEFAULT NULL,
  `updated_at` timestamp NOT NULL DEFAULT CURRENT_TIMESTAMP,
  PRIMARY KEY (`warehouse_out_item_id`),
  KEY `FK_inv_warehouse_out_item_item_stock_id` (`item_stock_id`),
  KEY `FK_inv_warehouse_out_item_item_unit_id` (`item_unit_id`),
  KEY `FK_inv_warehouse_out_item_warehouse_out_id` (`warehouse_out_id`)
) ENGINE=InnoDB AUTO_INCREMENT=6 DEFAULT CHARSET=utf8mb3;

/*Data for the table `inv_warehouse_out_item` */

insert  into `inv_warehouse_out_item`(`warehouse_out_item_id`,`warehouse_out_id`,`item_stock_id`,`item_unit_id`,`quantity`,`data_state`,`created_id`,`created_at`,`updated_at`) values 
(1,1,31,1,90,0,3,'2023-02-10 09:03:13','2023-06-23 10:52:22'),
(2,2,16,45,4,0,3,'2023-02-27 07:39:05','2023-06-23 10:52:22'),
(3,3,31,45,4,0,3,'2023-02-27 07:40:13','2023-06-23 10:52:22'),
(4,4,32,1,4,0,3,'2023-02-28 03:45:49','2023-06-23 10:52:22'),
(5,5,31,48,9,0,3,'2023-02-28 08:05:41','2023-06-23 10:52:22');

/*Table structure for table `inv_warehouse_out_type` */

DROP TABLE IF EXISTS `inv_warehouse_out_type`;

CREATE TABLE `inv_warehouse_out_type` (
  `warehouse_out_type_id` int NOT NULL AUTO_INCREMENT,
  `warehouse_out_type_name` varchar(250) DEFAULT NULL,
  `warehouse_out_type_remark` text,
  `data_state` decimal(1,0) DEFAULT '0',
  `created_id` int DEFAULT NULL,
  `created_at` datetime DEFAULT NULL,
  `updated_at` timestamp NOT NULL DEFAULT CURRENT_TIMESTAMP,
  PRIMARY KEY (`warehouse_out_type_id`)
) ENGINE=InnoDB AUTO_INCREMENT=7 DEFAULT CHARSET=utf8mb3;

/*Data for the table `inv_warehouse_out_type` */

insert  into `inv_warehouse_out_type`(`warehouse_out_type_id`,`warehouse_out_type_name`,`warehouse_out_type_remark`,`data_state`,`created_id`,`created_at`,`updated_at`) values 
(4,'Waste','Barang Busuk',1,3,'2022-01-04 03:18:50','2023-06-23 10:52:22'),
(5,'PRODUKSI','produksi',1,3,'2022-02-08 06:48:10','2023-06-23 10:52:22'),
(6,'Antimo Anak Jeruk','Terjual',0,3,'2023-03-01 09:34:04','2023-06-23 10:52:22');

/*Table structure for table `inv_warehouse_transfer` */

DROP TABLE IF EXISTS `inv_warehouse_transfer`;

CREATE TABLE `inv_warehouse_transfer` (
  `warehouse_transfer_id` bigint NOT NULL AUTO_INCREMENT,
  `expedition_id` int DEFAULT NULL,
  `warehouse_transfer_no` varchar(250) DEFAULT NULL,
  `warehouse_transfer_date` date DEFAULT NULL,
  `warehouse_transfer_remark` text,
  `warehouse_transfer_from` int DEFAULT NULL,
  `warehouse_transfer_to` int DEFAULT NULL,
  `warehouse_transfer_type_id` int DEFAULT NULL,
  `warehouse_transfer_status` int DEFAULT '0' COMMENT '0 = belum diterima, 1 = diterima',
  `data_state` int DEFAULT '0',
  `created_id` int DEFAULT '0',
  `created_at` datetime DEFAULT NULL,
  `updated_at` timestamp NOT NULL DEFAULT CURRENT_TIMESTAMP,
  PRIMARY KEY (`warehouse_transfer_id`),
  KEY `FK_inv_warehouse_transfer_warehouse_transfer_from` (`warehouse_transfer_from`),
  KEY `FK_inv_warehouse_transfer_warehouse_transform_to` (`warehouse_transfer_to`),
  KEY `FK_inv_warehouse_transfer_warehouse_transfer_type_id` (`warehouse_transfer_type_id`),
  KEY `FK_inv_warehouse_transfer_expedition_id` (`expedition_id`)
) ENGINE=InnoDB AUTO_INCREMENT=3 DEFAULT CHARSET=utf8mb3;

/*Data for the table `inv_warehouse_transfer` */

/*Table structure for table `inv_warehouse_transfer_item` */

DROP TABLE IF EXISTS `inv_warehouse_transfer_item`;

CREATE TABLE `inv_warehouse_transfer_item` (
  `warehouse_transfer_item_id` bigint NOT NULL AUTO_INCREMENT,
  `warehouse_transfer_id` bigint DEFAULT '0',
  `purchase_invoice_id` bigint DEFAULT '0',
  `item_id` bigint DEFAULT '0',
  `item_category_id` int DEFAULT '0',
  `item_type_id` int DEFAULT NULL,
  `item_unit_id` int DEFAULT '0',
  `item_stock_id` int DEFAULT '0',
  `quantity` decimal(10,2) DEFAULT '0.00',
  `warehouse_transfer_item_remark` varchar(250) DEFAULT NULL,
  `data_state` int DEFAULT '0',
  `created_id` int DEFAULT NULL,
  `created_at` datetime DEFAULT NULL,
  `updated_at` timestamp NOT NULL DEFAULT CURRENT_TIMESTAMP,
  PRIMARY KEY (`warehouse_transfer_item_id`),
  KEY `FK_invt_warehouse_transfer_item_warehouse_transfer_id` (`warehouse_transfer_id`),
  KEY `FK_inv_warehouse_transfer_item_purchase_invoice_id` (`purchase_invoice_id`),
  KEY `FK_inv_warehouse_transfer_item` (`item_category_id`),
  KEY `FK_inv_warehouse_transfer_item_type_id` (`item_type_id`),
  KEY `FK_inv_warehouse_transfer_item_item_unit_id` (`item_unit_id`),
  KEY `FK_inv_warehouse_transfer_item_item_stock_id` (`item_stock_id`)
) ENGINE=InnoDB AUTO_INCREMENT=8 DEFAULT CHARSET=utf8mb3;

/*Data for the table `inv_warehouse_transfer_item` */

/*Table structure for table `inv_warehouse_transfer_received_note` */

DROP TABLE IF EXISTS `inv_warehouse_transfer_received_note`;

CREATE TABLE `inv_warehouse_transfer_received_note` (
  `warehouse_transfer_received_note_id` bigint NOT NULL AUTO_INCREMENT,
  `warehouse_transfer_id` bigint DEFAULT NULL,
  `warehouse_transfer_received_note_no` varchar(250) DEFAULT NULL,
  `warehouse_transfer_received_note_date` date DEFAULT NULL,
  `warehouse_transfer_received_note_remark` varchar(250) DEFAULT NULL,
  `goods_received_note_id` bigint DEFAULT NULL,
  `goods_received_note_date` date DEFAULT NULL,
  `warehouse_transfer_to` int DEFAULT NULL,
  `warehouse_transfer_from` int DEFAULT NULL,
  `data_state` int DEFAULT '0',
  `created_id` int DEFAULT '0',
  `created_at` datetime DEFAULT NULL,
  `updated_at` timestamp NOT NULL DEFAULT CURRENT_TIMESTAMP,
  PRIMARY KEY (`warehouse_transfer_received_note_id`),
  KEY `FK_received_note_warehouse_transfer_id` (`warehouse_transfer_id`),
  KEY `FK_received_note_goods_received_note_id` (`goods_received_note_id`),
  KEY `FK_received_note_warehouse_transfer_to` (`warehouse_transfer_to`),
  KEY `FK_received_note_warehouse_transfer_from` (`warehouse_transfer_from`)
) ENGINE=InnoDB AUTO_INCREMENT=3 DEFAULT CHARSET=utf8mb3;

/*Data for the table `inv_warehouse_transfer_received_note` */

/*Table structure for table `inv_warehouse_transfer_received_note_item` */

DROP TABLE IF EXISTS `inv_warehouse_transfer_received_note_item`;

CREATE TABLE `inv_warehouse_transfer_received_note_item` (
  `warehouse_transfer_received_note_item_id` bigint NOT NULL AUTO_INCREMENT,
  `warehouse_transfer_item_id` bigint DEFAULT NULL,
  `warehouse_transfer_received_note_id` bigint DEFAULT '0',
  `item_id` int DEFAULT NULL,
  `item_category_id` int DEFAULT '0',
  `item_type_id` int DEFAULT '0',
  `item_unit_id` int DEFAULT '0',
  `item_stock_id` int DEFAULT NULL,
  `quantity` decimal(10,2) DEFAULT '0.00',
  `item_batch_number` varchar(250) DEFAULT '',
  `data_state` int DEFAULT '0',
  `voided_id` int DEFAULT '0',
  `voided_at` datetime DEFAULT NULL,
  `created_id` int DEFAULT '0',
  `created_at` datetime DEFAULT NULL,
  `updated_at` timestamp NULL DEFAULT CURRENT_TIMESTAMP,
  PRIMARY KEY (`warehouse_transfer_received_note_item_id`),
  KEY `data_state` (`data_state`),
  KEY `item_category_id` (`item_category_id`),
  KEY `item_unit_id` (`item_unit_id`),
  KEY `created_id` (`created_id`),
  KEY `deleted_id` (`voided_id`),
  KEY `item_batch_number` (`item_batch_number`),
  KEY `item_id` (`item_type_id`),
  KEY `FK_received_note_item_warehouse_transfer_item_id` (`warehouse_transfer_item_id`),
  KEY `FK_received_note_item_warehouse_transfer_received_note_id` (`warehouse_transfer_received_note_id`),
  KEY `FK_received_note_item_item_stock_id` (`item_stock_id`)
) ENGINE=InnoDB AUTO_INCREMENT=8 DEFAULT CHARSET=utf8mb3;

/*Data for the table `inv_warehouse_transfer_received_note_item` */

/*Table structure for table `inv_warehouse_transfer_type` */

DROP TABLE IF EXISTS `inv_warehouse_transfer_type`;

CREATE TABLE `inv_warehouse_transfer_type` (
  `warehouse_transfer_type_id` int NOT NULL AUTO_INCREMENT,
  `warehouse_transfer_type_name` varchar(50) DEFAULT '',
  `warehouse_transfer_type_remark` text,
  `data_state` int DEFAULT '0',
  `created_id` int DEFAULT '0',
  `created_at` datetime DEFAULT NULL,
  `deleted_id` int DEFAULT '0',
  `deleted_at` datetime DEFAULT NULL,
  `updated_at` timestamp NOT NULL DEFAULT CURRENT_TIMESTAMP,
  PRIMARY KEY (`warehouse_transfer_type_id`),
  KEY `data_state` (`data_state`),
  KEY `created_id` (`created_id`)
) ENGINE=InnoDB AUTO_INCREMENT=11 DEFAULT CHARSET=utf8mb3;

/*Data for the table `inv_warehouse_transfer_type` */

insert  into `inv_warehouse_transfer_type`(`warehouse_transfer_type_id`,`warehouse_transfer_type_name`,`warehouse_transfer_type_remark`,`data_state`,`created_id`,`created_at`,`deleted_id`,`deleted_at`,`updated_at`) values 
(9,'Waste','Barang Busuk',1,3,'2022-01-04 03:18:20',0,NULL,'2023-06-23 10:52:22'),
(10,'READY SMD','PRODUK BERADA DI SAMARINDA SIAP DIKIRIM KE PEMBELI',0,3,'2022-01-07 13:11:54',0,NULL,'2023-06-23 10:52:22');

/*Table structure for table `migrations` */

DROP TABLE IF EXISTS `migrations`;

CREATE TABLE `migrations` (
  `id` int unsigned NOT NULL AUTO_INCREMENT,
  `migration` varchar(255) CHARACTER SET utf8mb4 COLLATE utf8mb4_unicode_ci NOT NULL,
  `batch` int NOT NULL,
  PRIMARY KEY (`id`)
) ENGINE=InnoDB AUTO_INCREMENT=6 DEFAULT CHARSET=utf8mb4 COLLATE=utf8mb4_unicode_ci;

/*Data for the table `migrations` */

insert  into `migrations`(`id`,`migration`,`batch`) values 
(1,'2014_10_12_000000_create_users_table',1),
(2,'2014_10_12_100000_create_password_resets_table',1),
(3,'2019_08_19_000000_create_failed_jobs_table',1),
(4,'2019_12_14_000001_create_personal_access_tokens_table',1),
(5,'2021_07_08_065000_create_p_p_o_b_s_table',1);

/*Table structure for table `p_p_o_b_s` */

DROP TABLE IF EXISTS `p_p_o_b_s`;

CREATE TABLE `p_p_o_b_s` (
  `id` bigint unsigned NOT NULL AUTO_INCREMENT,
  `created_at` timestamp NULL DEFAULT NULL,
  `updated_at` timestamp NULL DEFAULT NULL,
  PRIMARY KEY (`id`)
) ENGINE=InnoDB DEFAULT CHARSET=utf8mb4 COLLATE=utf8mb4_unicode_ci;

/*Data for the table `p_p_o_b_s` */

/*Table structure for table `password_resets` */

DROP TABLE IF EXISTS `password_resets`;

CREATE TABLE `password_resets` (
  `email` varchar(255) CHARACTER SET utf8mb4 COLLATE utf8mb4_unicode_ci NOT NULL,
  `token` varchar(255) CHARACTER SET utf8mb4 COLLATE utf8mb4_unicode_ci NOT NULL,
  `created_at` timestamp NULL DEFAULT NULL,
  KEY `password_resets_email_index` (`email`)
) ENGINE=InnoDB DEFAULT CHARSET=utf8mb4 COLLATE=utf8mb4_unicode_ci;

/*Data for the table `password_resets` */

insert  into `password_resets`(`email`,`token`,`created_at`) values 
('administrator@gmail.com','$2y$10$5POYOZVw/qOdocfjS2H1x.4rnpa9gOz2KJNzTLY1awGxW8nIihLoe','2021-09-14 08:11:09');

/*Table structure for table `personal_access_tokens` */

DROP TABLE IF EXISTS `personal_access_tokens`;

CREATE TABLE `personal_access_tokens` (
  `id` bigint unsigned NOT NULL AUTO_INCREMENT,
  `tokenable_type` varchar(255) CHARACTER SET utf8mb4 COLLATE utf8mb4_unicode_ci NOT NULL,
  `tokenable_id` bigint unsigned NOT NULL,
  `name` varchar(255) CHARACTER SET utf8mb4 COLLATE utf8mb4_unicode_ci NOT NULL,
  `token` varchar(64) CHARACTER SET utf8mb4 COLLATE utf8mb4_unicode_ci NOT NULL,
  `abilities` text CHARACTER SET utf8mb4 COLLATE utf8mb4_unicode_ci,
  `last_used_at` timestamp NULL DEFAULT NULL,
  `created_at` timestamp NULL DEFAULT NULL,
  `updated_at` timestamp NULL DEFAULT NULL,
  PRIMARY KEY (`id`),
  UNIQUE KEY `personal_access_tokens_token_unique` (`token`),
  KEY `personal_access_tokens_tokenable_type_tokenable_id_index` (`tokenable_type`,`tokenable_id`)
) ENGINE=InnoDB AUTO_INCREMENT=51 DEFAULT CHARSET=utf8mb4 COLLATE=utf8mb4_unicode_ci;

/*Data for the table `personal_access_tokens` */

insert  into `personal_access_tokens`(`id`,`tokenable_type`,`tokenable_id`,`name`,`token`,`abilities`,`last_used_at`,`created_at`,`updated_at`) values 
(41,'App\\Models\\User',3,'token-name','508636b02eaf5c09cbc9aa4777c7794edaf13dc45f6476c5c06047e2825828be','[\"*\"]','2023-02-10 07:17:54','2023-02-10 07:11:29','2023-02-10 07:17:54'),
(42,'App\\Models\\User',3,'token-name','e4951cc3fed0cd316e8709317b22182d8c735892f12b3708478a9c0214e60bbf','[\"*\"]','2023-02-10 07:21:53','2023-02-10 07:18:11','2023-02-10 07:21:53'),
(43,'App\\Models\\User',3,'token-name','79326c33563ab28f18170d7462079df46c634eeef63d1989ec4bd3fe81d5d93d','[\"*\"]','2023-02-10 07:32:24','2023-02-10 07:31:06','2023-02-10 07:32:24'),
(44,'App\\Models\\User',3,'token-name','f44a4388964324718a0475b7e71f4efb49134c26eb961f82fd04c1d8b7e7ac58','[\"*\"]','2023-02-10 07:38:05','2023-02-10 07:35:45','2023-02-10 07:38:05'),
(45,'App\\Models\\User',3,'token-name','cb59d0c295fee2461a96a6b9eca604c3f6dc604b0cb8e5beb229cba8871e1190','[\"*\"]','2023-02-10 07:56:33','2023-02-10 07:47:44','2023-02-10 07:56:33'),
(46,'App\\Models\\User',3,'token-name','8b4ce5a7bfcd7edb46b1fa7ae144e4f72b1d24291f3b63cb539ac414bb24e409','[\"*\"]','2023-02-10 07:57:21','2023-02-10 07:57:11','2023-02-10 07:57:21'),
(47,'App\\Models\\User',3,'token-name','8d1dc748a071f75b1784eb237eeb80646710bafe827fcc663bba05f3a4b3799e','[\"*\"]','2023-02-10 08:02:41','2023-02-10 08:02:10','2023-02-10 08:02:41'),
(48,'App\\Models\\User',3,'token-name','e59fbb4ea31f5c829793572ee52212eaacad13029e4b25598a56013c71fdf741','[\"*\"]','2023-02-10 08:20:11','2023-02-10 08:03:58','2023-02-10 08:20:11'),
(49,'App\\Models\\User',3,'token-name','2ed847b3b530bc525dcf87d1a058169db1663f5c834c88c7ae66a263f2c0a97d','[\"*\"]','2023-02-10 08:23:34','2023-02-10 08:23:32','2023-02-10 08:23:34'),
(50,'App\\Models\\User',3,'token-name','1743d09ad114f907bbce166c3909442b8371dea343adbd03500c853b90cd65b1','[\"*\"]','2023-02-11 03:17:35','2023-02-11 02:07:11','2023-02-11 03:17:35');

/*Table structure for table `preference_company` */

DROP TABLE IF EXISTS `preference_company`;

CREATE TABLE `preference_company` (
  `company_id` int NOT NULL AUTO_INCREMENT,
  `company_name` varchar(50) DEFAULT '',
  `company_address` text,
  `company_phone_number` varchar(30) DEFAULT '',
  `company_mobile_number` varchar(30) DEFAULT '',
  `company_email` varchar(250) DEFAULT '',
  `company_website` varchar(250) DEFAULT '',
  `company_tax_number` varchar(250) DEFAULT '',
  `company_account_receivable_due_date` int DEFAULT '0',
  `company_account_payable_due_date` int DEFAULT '0',
  `company_logo` longblob,
  `CDBO_no` varchar(255) DEFAULT NULL,
  `distribution_no` varchar(255) DEFAULT NULL,
  `account_inventory_trade_id` int NOT NULL DEFAULT '0',
  `account_vat_in_id` int NOT NULL DEFAULT '0',
  `account_vat_out_id` int NOT NULL DEFAULT '0',
  `account_payable_id` int NOT NULL DEFAULT '0',
  `account_bank_or_cash_id` int NOT NULL,
  `account_pdp_id` int NOT NULL,
  `account_bank_cash_hpp_id` int NOT NULL,
  `account_receivable_id` int NOT NULL DEFAULT '0',
  `account_shortover_id` int DEFAULT '0',
  `account_sales_id` int NOT NULL,
  `ppn_amount_in` decimal(20,0) DEFAULT '10',
  `ppn_amount_out` decimal(20,0) DEFAULT '10',
  `sales_discount_id` int NOT NULL DEFAULT '0',
  `purchase_discount_id` int NOT NULL DEFAULT '0',
  `pharmacist_license_no` varchar(255) DEFAULT NULL,
  `account_sales_return_id` int NOT NULL,
  `account_hpp_id` int NOT NULL,
  `account_bank_id` int NOT NULL,
  `account_cash_id` int NOT NULL DEFAULT '0',
  `account_cash_on_way_id` int DEFAULT '0',
  `account_delivery_id` int DEFAULT '0',
  `account_expense_id` int NOT NULL DEFAULT '0',
  `created_at` datetime DEFAULT NULL,
  `updated_at` timestamp NOT NULL DEFAULT CURRENT_TIMESTAMP,
  PRIMARY KEY (`company_id`),
  KEY `FK_preference_company_account_payable_id` (`account_payable_id`),
  KEY `FK_preference_company_account_receivable_id` (`account_receivable_id`),
  KEY `FK_preference_company_account_shortover_id` (`account_shortover_id`)
) ENGINE=InnoDB AUTO_INCREMENT=3 DEFAULT CHARSET=utf8mb3;

/*Data for the table `preference_company` */

insert  into `preference_company`(`company_id`,`company_name`,`company_address`,`company_phone_number`,`company_mobile_number`,`company_email`,`company_website`,`company_tax_number`,`company_account_receivable_due_date`,`company_account_payable_due_date`,`company_logo`,`CDBO_no`,`distribution_no`,`account_inventory_trade_id`,`account_vat_in_id`,`account_vat_out_id`,`account_payable_id`,`account_bank_or_cash_id`,`account_pdp_id`,`account_bank_cash_hpp_id`,`account_receivable_id`,`account_shortover_id`,`account_sales_id`,`ppn_amount_in`,`ppn_amount_out`,`sales_discount_id`,`purchase_discount_id`,`pharmacist_license_no`,`account_sales_return_id`,`account_hpp_id`,`account_bank_id`,`account_cash_id`,`account_cash_on_way_id`,`account_delivery_id`,`account_expense_id`,`created_at`,`updated_at`) values 
(2,'PBF Koperasi Menjangan Enam','Jl. Simongan 103, Semarang (50148)','( 024 ) 76623702','02476623702','pbfme@gmail.com','www.menjanganenam.id','',0,0,NULL,'CDOB1827/S/4-3306/09/2020','FP.01.04/IV/0118-/2019',79,99,230,197,0,82,0,30,1,308,11,11,0,0,'A1111111',340,356,0,1,1,1,0,NULL,'2023-09-11 07:32:03');

/*Table structure for table `preference_transaction_module` */

DROP TABLE IF EXISTS `preference_transaction_module`;

CREATE TABLE `preference_transaction_module` (
  `transaction_module_id` int NOT NULL AUTO_INCREMENT,
  `transaction_module_name` varchar(50) DEFAULT '',
  `transaction_module_code` varchar(50) DEFAULT '',
  `transaction_id` decimal(10,0) DEFAULT '0',
  `transaction_controller` varchar(200) DEFAULT '',
  `status` enum('1','0') DEFAULT '0',
  `created_by` varchar(20) DEFAULT '',
  `data_state` enum('0','1','2','3') DEFAULT '0',
  `created_at` datetime DEFAULT NULL,
  `updated_at` timestamp NOT NULL DEFAULT CURRENT_TIMESTAMP,
  PRIMARY KEY (`transaction_module_id`)
) ENGINE=InnoDB AUTO_INCREMENT=64 DEFAULT CHARSET=utf8mb3;

/*Data for the table `preference_transaction_module` */

insert  into `preference_transaction_module`(`transaction_module_id`,`transaction_module_name`,`transaction_module_code`,`transaction_id`,`transaction_controller`,`status`,`created_by`,`data_state`,`created_at`,`updated_at`) values 
(1,'Supplier','SP',0,'supplier','0','','0','0000-00-00 00:00:00','2023-06-23 10:52:22'),
(2,'Department','DP',0,'department','0','','0','0000-00-00 00:00:00','2023-06-23 10:52:22'),
(3,'Location','LC',0,'location','0','','0','0000-00-00 00:00:00','2023-06-23 10:52:22'),
(4,'Machine','MC',0,'machine','0','','0','0000-00-00 00:00:00','2023-06-23 10:52:22'),
(5,'Item Category','IC',0,'itemcategory','0','','0','0000-00-00 00:00:00','2023-06-23 10:52:22'),
(6,'Bank Account','BA',0,'bankaccount','0','','0','0000-00-00 00:00:00','2023-06-23 10:52:22'),
(7,'Cash Account','CA',0,'cashaccount','0','','0','0000-00-00 00:00:00','2023-06-23 10:52:22'),
(8,'Warehouse','WHS',0,'warehouse','0','','0','2015-06-09 11:48:41','2023-06-23 10:52:22'),
(9,'Item','IT',0,'item','0','','0','2015-06-10 10:16:52','2023-06-23 10:52:22'),
(10,'Warehouse In','WHI',0,'warehousein','1','','0','2015-06-10 13:52:06','2023-06-23 10:52:22'),
(11,'Warehouse Out Requisition','WOR',0,'warehouseoutrequisition','0','','0','2015-06-10 13:52:30','2023-06-23 10:52:22'),
(12,'Warehouse Out','WHO',0,'warehouseout','1','','0',NULL,'2023-06-23 10:52:22'),
(13,'Warehouse Transfer Requisition','WTR',0,'warehousetransferrequisition','0','','0',NULL,'2023-06-23 10:52:22'),
(14,'Warehouse Transfer','WHT',0,'warehousetransfer','1','','0',NULL,'2023-06-23 10:52:22'),
(15,'Purchase Requisition','PR',0,'warehouserequisition','0','','0',NULL,'2023-06-23 10:52:22'),
(16,'Purchase Order','POA',0,'purchaseorder','0','','0',NULL,'2023-06-23 10:52:22'),
(17,'Purchase Invoice','PI',0,'purchaseinvoice','1','','0',NULL,'2023-06-23 10:52:22'),
(18,'Purchase Return','PR',0,'purchasreturn','1','','0',NULL,'2023-06-23 10:52:22'),
(19,'Purchase Supplier Quotation','PSQ',0,'purchasesupplierquotation','0','','0',NULL,'2023-06-23 10:52:22'),
(20,'Goods Received Note','GRN',0,'goodsreceiptnote','1','','0',NULL,'2023-06-23 10:52:22'),
(21,'Goods Return Note','GTN',0,'goodsreturnnote','1','','0',NULL,'2023-06-23 10:52:22'),
(22,'Quality Control','QC',0,'qualitycontrol','0','','0',NULL,'2023-06-23 10:52:22'),
(23,'Purchase Bank Payment','PBP',0,'purchasebankpayment','0','','0',NULL,'2023-06-23 10:52:22'),
(24,'Purchase Cash Payment','PCP',0,'purchasecashpayment','0','','0',NULL,'2023-06-23 10:52:22'),
(25,'Asset Type','AT',0,'assettype','0','','0',NULL,'2023-06-23 10:52:22'),
(26,'Asset','AS',0,'asset','0','','0',NULL,'2023-06-23 10:52:22'),
(27,'Material Release','MR',0,'materialrelease','1','Administrator','0','2015-07-23 08:12:21','2023-06-23 10:52:22'),
(28,'Production Result','PR',0,'productionresult','1','Administrator','0','2015-07-23 08:12:21','2023-06-23 10:52:22'),
(29,'Work Order','WO',0,'workorder','0','Administrator','0','2015-07-23 00:00:00','2023-06-23 10:52:22'),
(30,'Material Return','MRT',0,'materialreturn','1','Administrator','0','2015-07-23 00:00:00','2023-06-23 10:52:22'),
(31,'Purchase Payment','PP',0,'purchasepayment','1','Administrator','0',NULL,'2023-06-23 10:52:22'),
(32,'Material Reject','MRJ',0,'materialreject','1','','0',NULL,'2023-06-23 10:52:22'),
(33,'Purchase Debit Note','PDN',0,'purchasedebitnote','1','','0',NULL,'2023-06-23 10:52:22'),
(34,'Production Activity Report','PAR',0,'productionactivityreport','0','','0',NULL,'2023-06-23 10:52:22'),
(35,'Sales Order','SO',0,'salesorder','0','Administrator','0','2015-09-17 07:52:35','2023-06-23 10:52:22'),
(36,'Sales Shipment Planning','SSP',0,'saleshipmentplanning','0','Administrator','0','2015-09-17 07:53:04','2023-06-23 10:52:22'),
(37,'Sales Delivery Order','SDO',0,'salesdeliveryorder','0','Administrator','0','2015-09-17 07:53:34','2023-06-23 10:52:22'),
(38,'Sales Delivery Note','SDN',0,'salesdeliverynote','1','Administrator','0','2015-09-17 07:54:04','2023-06-23 10:52:22'),
(39,'Sales Invoice','SI',0,'salesinvoice','1','Administrator','0','2015-09-17 07:54:21','2023-06-23 10:52:22'),
(40,'Sales Return','SR',0,'salesreturn','1','Administrator','0','2015-09-17 07:54:48','2023-06-23 10:52:22'),
(41,'Sales Order Barang Pinjaman','SOBP',0,'salesorder','0','Administrator','0',NULL,'2023-06-23 10:52:22'),
(42,'Sales Goods Returned Note','SGRN',0,'salesgoodsreturnnote','0','','0',NULL,'2023-06-23 10:52:22'),
(43,'Expedition Payment','EP',0,'expeditionpayment','1','Administrator','0',NULL,'2023-06-23 10:52:22'),
(44,'Claim Expedition','CE',0,'claimexpedition','1','Administrator','0',NULL,'2023-06-23 10:52:22'),
(45,'Claim Collection','CC',0,'claimcollection','1','Administrator','0',NULL,'2023-06-23 10:52:22'),
(46,'Cash Receipt','CR',0,'cashreceipt','1','Administrator','0','2015-11-03 08:55:51','2023-06-23 10:52:22'),
(47,'Cash Disbursement','CD',0,'cashdisbursement','1','Administrator','0','2015-11-03 08:56:24','2023-06-23 10:52:22'),
(48,'Bank Receipt','BR',0,'bankreceipt','1','Administrator','0','2015-11-03 08:56:52','2023-06-23 10:52:22'),
(49,'Bank Disbursement','BD',0,'bankdisbursement','1','Administrator','0','2015-11-03 08:57:18','2023-06-23 10:52:22'),
(50,'Assign Bank Transfer','AB',0,'assignbanktransfer','0','Administrator','0','0000-00-00 00:00:00','2023-06-23 10:52:22'),
(51,'Receipt','RC',1,'receipt','0','','0',NULL,'2023-06-23 10:52:22'),
(52,'Disbursement','DS',2,'disbursemen','0','','0',NULL,'2023-06-23 10:52:22'),
(53,'Expedition Invoice','EI',0,'expeditioninvoice','0','Administrator','0','2016-10-04 20:35:50','2023-06-23 10:52:22'),
(54,'Job Costing','JC',0,'warehouseout','0','','0','2016-12-08 20:19:48','2023-06-23 10:52:22'),
(55,'Adjustment Stock Plus','ASP',0,'adjustmentstock','0','','0','2016-12-08 22:17:36','2023-06-23 10:52:22'),
(56,'Adjustment Stock Minus','ASM',0,'adjustmentstock','0','','0','2016-12-08 23:59:45','2023-06-23 10:52:22'),
(57,'Sales Collection','SC',0,'SalesCollection','0','','0',NULL,'2023-06-23 10:52:22'),
(58,'Grading','GR',0,'Grading','0','','0',NULL,'2023-06-23 10:52:22'),
(59,'Return PDP','RPDP',0,'Return PDP','0','','0',NULL,'2023-06-23 10:52:22'),
(60,'Purchase Order Return','POR',0,'Purchase Order Return','0','','0',NULL,'2023-06-23 10:52:22'),
(61,'Sales Order Return','SOR',0,'Sales Order Return','0','','0',NULL,'2023-06-23 10:52:22'),
(62,'PDP Lost On Expedition','PDP_LOE',0,'PDP Lost On Expedition','0','','0',NULL,'2023-06-23 10:52:22'),
(63,'Pengakuan Pihak Pembeli','PPP',0,'Pengakuan Pihak Pembeli','0','','0',NULL,'2023-06-23 10:52:22');

/*Table structure for table `purchase_invoice` */

DROP TABLE IF EXISTS `purchase_invoice`;

CREATE TABLE `purchase_invoice` (
  `purchase_invoice_id` bigint NOT NULL AUTO_INCREMENT,
  `goods_received_note_id` bigint DEFAULT NULL,
  `purchase_order_id` bigint DEFAULT NULL,
  `branch_id` int DEFAULT '0',
  `supplier_id` int DEFAULT '0',
  `warehouse_id` int DEFAULT '0',
  `payment_method_account_id` int NOT NULL DEFAULT '0',
  `ongkir_account_id` int DEFAULT '0',
  `purchase_invoice_date` date DEFAULT NULL,
  `purchase_invoice_payment_terms` decimal(10,2) DEFAULT '0.00',
  `purchase_invoice_due_date` date DEFAULT NULL,
  `purchase_invoice_no` varchar(50) DEFAULT '',
  `purchase_invoice_reference_no` varchar(50) DEFAULT '',
  `purchase_invoice_remark` text,
  `purchase_police_number` varchar(20) DEFAULT '',
  `subtotal_item` decimal(10,0) DEFAULT '0',
  `subtotal_amount` decimal(20,2) DEFAULT '0.00',
  `discount_percentage` decimal(5,2) DEFAULT '0.00',
  `discount_amount` decimal(20,2) DEFAULT '0.00',
  `purchase_handling_fee` decimal(20,2) DEFAULT '0.00',
  `ppn_in_amount` decimal(20,0) DEFAULT '0',
  `tax_percentage` decimal(5,2) DEFAULT '0.00',
  `tax_amount` decimal(20,2) DEFAULT '0.00',
  `faktur_tax_no` varchar(255) DEFAULT NULL,
  `total_amount` decimal(20,2) DEFAULT '0.00',
  `paid_amount` decimal(20,2) DEFAULT '0.00',
  `payment_discount` decimal(20,2) DEFAULT '0.00',
  `owing_amount` decimal(20,2) DEFAULT '0.00',
  `shortover_amount` decimal(20,2) DEFAULT '0.00',
  `down_payment_amount` decimal(20,2) DEFAULT '0.00',
  `purchase_return_amount` decimal(20,2) NOT NULL DEFAULT '0.00',
  `debit_amount` decimal(20,2) DEFAULT '0.00',
  `purchase_invoice_status` decimal(1,0) DEFAULT '0' COMMENT '0 : Belum Lunas, 1 : Lunas',
  `purchase_invoice_token` varchar(250) DEFAULT NULL,
  `purchase_invoice_token_void` varchar(250) DEFAULT NULL,
  `voided_id` int DEFAULT '0',
  `voided_on` datetime DEFAULT NULL,
  `voided_remark` text,
  `record_no` varchar(20) DEFAULT '',
  `data_state` decimal(1,0) DEFAULT '0',
  `created_id` int DEFAULT '0',
  `created_at` datetime DEFAULT NULL,
  `updated_at` timestamp NOT NULL DEFAULT CURRENT_TIMESTAMP,
  PRIMARY KEY (`purchase_invoice_id`),
  UNIQUE KEY `purchase_invoice_token` (`purchase_invoice_token`),
  UNIQUE KEY `purchase_invoice_token_void` (`purchase_invoice_token_void`),
  KEY `FK_purchase_invoice_goods_received_note_id` (`goods_received_note_id`),
  KEY `FK_purchase_invoice_purchase_order_id` (`purchase_order_id`),
  KEY `FK_purchase_invoice_branch_id` (`branch_id`),
  KEY `FK_purchase_invoice_supplier_id` (`supplier_id`),
  KEY `FK_purchase_invoice_warehouse_id` (`warehouse_id`)
) ENGINE=InnoDB AUTO_INCREMENT=28 DEFAULT CHARSET=utf8mb3;

/*Data for the table `purchase_invoice` */

insert  into `purchase_invoice`(`purchase_invoice_id`,`goods_received_note_id`,`purchase_order_id`,`branch_id`,`supplier_id`,`warehouse_id`,`payment_method_account_id`,`ongkir_account_id`,`purchase_invoice_date`,`purchase_invoice_payment_terms`,`purchase_invoice_due_date`,`purchase_invoice_no`,`purchase_invoice_reference_no`,`purchase_invoice_remark`,`purchase_police_number`,`subtotal_item`,`subtotal_amount`,`discount_percentage`,`discount_amount`,`purchase_handling_fee`,`ppn_in_amount`,`tax_percentage`,`tax_amount`,`faktur_tax_no`,`total_amount`,`paid_amount`,`payment_discount`,`owing_amount`,`shortover_amount`,`down_payment_amount`,`purchase_return_amount`,`debit_amount`,`purchase_invoice_status`,`purchase_invoice_token`,`purchase_invoice_token_void`,`voided_id`,`voided_on`,`voided_remark`,`record_no`,`data_state`,`created_id`,`created_at`,`updated_at`) values 
(24,16,239,1,8,6,0,0,'2023-12-12',0.00,'2028-06-07','0001/PI/XII/2023','',NULL,'',10,15000.00,0.00,0.00,0.00,3300,0.00,0.00,NULL,15000.00,25000.00,0.00,0.00,0.00,0.00,0.00,0.00,1,NULL,NULL,0,NULL,NULL,'',0,3,'2023-12-12 09:38:25','2023-12-18 04:06:59'),
(25,18,241,1,7,6,0,0,'2023-12-13',0.00,'2023-12-13','0002/PI/XII/2023','',NULL,'',150,166500.00,0.00,0.00,0.00,16500,0.00,0.00,NULL,166500.00,166500.00,0.00,0.00,0.00,0.00,0.00,0.00,0,NULL,NULL,0,NULL,NULL,'',0,3,'2023-12-13 09:10:24','2023-12-15 07:32:36');

/*Table structure for table `purchase_invoice_item` */

DROP TABLE IF EXISTS `purchase_invoice_item`;

CREATE TABLE `purchase_invoice_item` (
  `purchase_invoice_item_id` bigint NOT NULL AUTO_INCREMENT,
  `purchase_invoice_id` bigint DEFAULT '0',
  `goods_received_note_item_id` bigint DEFAULT '0',
  `item_category_id` int DEFAULT '0',
  `item_type_id` int DEFAULT '0',
  `item_id` int DEFAULT '0',
  `quantity_scale` decimal(10,2) DEFAULT '0.00',
  `quantity` decimal(10,2) DEFAULT '0.00',
  `item_unit_id` int DEFAULT '0',
  `item_unit_cost` decimal(10,2) DEFAULT '0.00',
  `subtotal_amount` decimal(20,2) DEFAULT '0.00',
  `discount_percentage` decimal(5,2) DEFAULT '0.00',
  `discount_amount` decimal(20,2) DEFAULT '0.00',
  `subtotal_amount_after_discount` decimal(20,2) DEFAULT '0.00',
  `purchase_invoice_item_token` varbinary(250) DEFAULT NULL,
  `data_state` int DEFAULT '0',
  `created_id` int DEFAULT NULL,
  `created_at` datetime DEFAULT NULL,
  `updated_at` timestamp NOT NULL DEFAULT CURRENT_TIMESTAMP,
  PRIMARY KEY (`purchase_invoice_item_id`),
  UNIQUE KEY `purchase_invoice_item_token` (`purchase_invoice_item_token`),
  KEY `FK_purchase_invoice_item_purchase_invoice_id` (`purchase_invoice_id`)
) ENGINE=InnoDB AUTO_INCREMENT=50 DEFAULT CHARSET=utf8mb3;

/*Data for the table `purchase_invoice_item` */

insert  into `purchase_invoice_item`(`purchase_invoice_item_id`,`purchase_invoice_id`,`goods_received_note_item_id`,`item_category_id`,`item_type_id`,`item_id`,`quantity_scale`,`quantity`,`item_unit_id`,`item_unit_cost`,`subtotal_amount`,`discount_percentage`,`discount_amount`,`subtotal_amount_after_discount`,`purchase_invoice_item_token`,`data_state`,`created_id`,`created_at`,`updated_at`) values 
(44,24,500,1,1,NULL,0.00,5.00,1,1000.00,5000.00,0.00,0.00,0.00,NULL,0,3,'2023-12-12 09:38:25','2023-12-12 09:38:25'),
(45,24,501,1,2,NULL,0.00,5.00,6,2000.00,10000.00,0.00,0.00,0.00,NULL,0,3,'2023-12-12 09:38:25','2023-12-12 09:38:25'),
(46,25,504,2,24,NULL,0.00,50.00,5,1000.00,50000.00,0.00,0.00,0.00,NULL,0,3,'2023-12-13 09:10:24','2023-12-13 09:10:24'),
(47,25,505,2,26,NULL,0.00,100.00,5,1000.00,100000.00,0.00,0.00,0.00,NULL,0,3,'2023-12-13 09:10:24','2023-12-13 09:10:24');

/*Table structure for table `purchase_order` */

DROP TABLE IF EXISTS `purchase_order`;

CREATE TABLE `purchase_order` (
  `purchase_order_id` bigint NOT NULL AUTO_INCREMENT,
  `supplier_id` int DEFAULT '0',
  `warehouse_id` int DEFAULT '0',
  `purchase_order_no` varchar(20) DEFAULT '',
  `purchase_order_date` date DEFAULT NULL,
  `purchase_order_shipment_date` date DEFAULT NULL,
  `purchase_order_payment_terms` decimal(10,0) DEFAULT '0',
  `purchase_order_remark` text,
  `total_item` decimal(10,2) DEFAULT '0.00',
  `total_received_item` decimal(20,2) DEFAULT '0.00',
  `subtotal_amount` decimal(20,2) DEFAULT '0.00',
  `discount_percentage` decimal(5,2) DEFAULT '0.00',
  `discount_amount` decimal(20,2) DEFAULT '0.00',
  `ppn_in_percentage` decimal(5,2) DEFAULT '0.00',
  `ppn_in_amount` decimal(20,2) DEFAULT '0.00',
  `subtotal_after_ppn_in` decimal(20,2) DEFAULT '0.00',
  `tax_percentage` decimal(5,2) DEFAULT '0.00',
  `tax_amount` decimal(20,2) DEFAULT '0.00',
  `total_amount` decimal(20,2) DEFAULT '0.00',
  `down_payment_amount` decimal(20,2) DEFAULT '0.00',
  `down_payment_amount_balance` decimal(20,2) NOT NULL DEFAULT '0.00',
  `last_balance_amount` decimal(20,2) DEFAULT '0.00',
  `purchase_order_type_id` bigint DEFAULT '0',
  `purchase_order_status` int DEFAULT '0' COMMENT '0= Dalam Proses, 1= Sebagian Diterima, 2=Sudah Diterima',
  `purchase_invoice_status` int NOT NULL DEFAULT '0',
  `item_type` int DEFAULT '0',
  `branch_id` int DEFAULT NULL,
  `approved` int DEFAULT '0',
  `approved_id` int DEFAULT '0',
  `approved_on` datetime DEFAULT NULL,
  `approved_remark` text,
  `closed_remark` text,
  `voided_id` int DEFAULT '0',
  `voided_on` datetime DEFAULT NULL,
  `voided_remark` text,
  `data_state` int DEFAULT '0',
  `created_id` int DEFAULT '0',
  `created_at` datetime DEFAULT NULL,
  `updated_at` timestamp NOT NULL DEFAULT CURRENT_TIMESTAMP,
  PRIMARY KEY (`purchase_order_id`),
  KEY `FK_purchase_order_supplier_id` (`supplier_id`),
  KEY `data_state` (`data_state`),
  KEY `created_id` (`created_id`),
  KEY `FK_purchase_order_warehouse_id` (`warehouse_id`),
  KEY `FK_purchase_order_purchase_order_type_id` (`purchase_order_type_id`)
) ENGINE=InnoDB AUTO_INCREMENT=242 DEFAULT CHARSET=utf8mb3;

/*Data for the table `purchase_order` */

insert  into `purchase_order`(`purchase_order_id`,`supplier_id`,`warehouse_id`,`purchase_order_no`,`purchase_order_date`,`purchase_order_shipment_date`,`purchase_order_payment_terms`,`purchase_order_remark`,`total_item`,`total_received_item`,`subtotal_amount`,`discount_percentage`,`discount_amount`,`ppn_in_percentage`,`ppn_in_amount`,`subtotal_after_ppn_in`,`tax_percentage`,`tax_amount`,`total_amount`,`down_payment_amount`,`down_payment_amount_balance`,`last_balance_amount`,`purchase_order_type_id`,`purchase_order_status`,`purchase_invoice_status`,`item_type`,`branch_id`,`approved`,`approved_id`,`approved_on`,`approved_remark`,`closed_remark`,`voided_id`,`voided_on`,`voided_remark`,`data_state`,`created_id`,`created_at`,`updated_at`) values 
(239,8,6,'0001/PO/XII/2023','2023-12-12','2023-12-12',0,NULL,20.00,10.00,0.00,0.00,0.00,11.00,3300.00,33300.00,0.00,0.00,30000.00,0.00,0.00,0.00,0,1,0,0,1,1,0,NULL,NULL,NULL,0,NULL,NULL,0,0,'2023-12-12 09:36:10','2023-12-12 09:37:25'),
(240,8,6,'0002/PO/XII/2023','2023-12-13','2023-12-13',0,NULL,300.00,300.00,0.00,0.00,0.00,11.00,44000.00,444000.00,0.00,0.00,400000.00,0.00,0.00,0.00,0,2,0,0,1,1,0,NULL,NULL,NULL,0,NULL,NULL,0,0,'2023-12-13 03:13:01','2023-12-13 03:15:12'),
(241,7,6,'0003/PO/XII/2023','2023-12-13','2023-12-13',0,NULL,150.00,150.00,0.00,0.00,0.00,11.00,16500.00,166500.00,0.00,0.00,150000.00,0.00,0.00,0.00,0,2,0,0,1,1,0,NULL,NULL,NULL,0,NULL,NULL,0,0,'2023-12-13 07:56:42','2023-12-13 07:57:53');

/*Table structure for table `purchase_order_item` */

DROP TABLE IF EXISTS `purchase_order_item`;

CREATE TABLE `purchase_order_item` (
  `purchase_order_item_id` bigint NOT NULL AUTO_INCREMENT,
  `purchase_order_id` bigint DEFAULT '0',
  `purchase_requisition_id` bigint DEFAULT '0',
  `purchase_requisition_item_id` bigint DEFAULT '0',
  `item_category_id` int DEFAULT '0',
  `item_unit_id` int DEFAULT '0',
  `item_type_id` int DEFAULT '0',
  `quantity` decimal(10,0) DEFAULT '0',
  `quantity_outstanding` decimal(10,0) DEFAULT '0',
  `quantity_received` decimal(10,0) DEFAULT '0',
  `quantity_return` decimal(10,0) DEFAULT '0',
  `item_unit_cost` decimal(20,0) DEFAULT '0',
  `subtotal_amount` decimal(20,0) DEFAULT '0',
  `discount_percentage` decimal(5,0) DEFAULT '0',
  `discount_amount` decimal(20,0) DEFAULT '0',
  `subtotal_amount_after_discount` decimal(20,0) DEFAULT '0',
  `purchase_order_item_creassing` varchar(250) DEFAULT '',
  `purchase_order_token` varchar(250) DEFAULT '',
  `data_state` int DEFAULT '0',
  `created_id` int DEFAULT '0',
  `created_at` datetime DEFAULT NULL,
  `voided_id` int DEFAULT '0',
  `voided_on` datetime DEFAULT NULL,
  `updated_at` timestamp NOT NULL DEFAULT CURRENT_TIMESTAMP,
  PRIMARY KEY (`purchase_order_item_id`),
  KEY `data_state` (`data_state`),
  KEY `created_id` (`created_id`),
  KEY `purchase_order_token` (`purchase_order_token`),
  KEY `item_flute_id` (`item_type_id`),
  KEY `FK_purchase_order_item_purchase_order_id` (`purchase_order_id`)
) ENGINE=InnoDB AUTO_INCREMENT=21 DEFAULT CHARSET=utf8mb3;

/*Data for the table `purchase_order_item` */

insert  into `purchase_order_item`(`purchase_order_item_id`,`purchase_order_id`,`purchase_requisition_id`,`purchase_requisition_item_id`,`item_category_id`,`item_unit_id`,`item_type_id`,`quantity`,`quantity_outstanding`,`quantity_received`,`quantity_return`,`item_unit_cost`,`subtotal_amount`,`discount_percentage`,`discount_amount`,`subtotal_amount_after_discount`,`purchase_order_item_creassing`,`purchase_order_token`,`data_state`,`created_id`,`created_at`,`voided_id`,`voided_on`,`updated_at`) values 
(15,239,0,0,1,1,1,10,0,5,5,1000,10000,0,0,0,'','',0,0,'2023-12-12 09:36:10',0,NULL,'2023-12-12 09:38:55'),
(16,239,0,0,1,6,2,10,0,5,5,2000,20000,0,0,0,'','',0,0,'2023-12-12 09:36:10',0,NULL,'2023-12-12 09:38:55'),
(17,240,0,0,1,1,1,100,0,100,0,1000,100000,0,0,0,'','',0,0,'2023-12-13 03:13:01',0,NULL,'2023-12-13 03:15:12'),
(18,240,0,0,1,6,2,200,0,200,0,1500,300000,NULL,0,0,'','',0,0,'2023-12-13 03:13:01',0,NULL,'2023-12-13 03:15:12'),
(19,241,0,0,2,5,24,50,0,50,0,1000,50000,0,0,0,'','',0,0,'2023-12-13 07:56:42',0,NULL,'2023-12-13 07:57:52'),
(20,241,0,0,2,5,26,100,0,100,0,1000,100000,0,0,0,'','',0,0,'2023-12-13 07:56:42',0,NULL,'2023-12-13 07:57:53');

/*Table structure for table `purchase_order_return` */

DROP TABLE IF EXISTS `purchase_order_return`;

CREATE TABLE `purchase_order_return` (
  `purchase_order_return_id` bigint NOT NULL AUTO_INCREMENT,
  `purchase_order_id` bigint DEFAULT NULL,
  `purchase_invoice_id` decimal(20,0) DEFAULT '0',
  `supplier_id` bigint DEFAULT NULL,
  `warehouse_id` bigint DEFAULT '7',
  `purchase_order_return_no` varchar(200) DEFAULT NULL,
  `purchase_order_return_date` date DEFAULT NULL,
  `purchase_order_return_remark` text,
  `ppn_in_amount` decimal(20,0) DEFAULT '0',
  `ppn_in_percentage` decimal(20,0) DEFAULT '0',
  `subtotal_amount` decimal(20,0) DEFAULT '0',
  `subtotal_amount_after_ppn` decimal(20,0) DEFAULT '0',
  `data_state` int DEFAULT '0',
  `created_id` int DEFAULT NULL,
  `created_at` timestamp NOT NULL DEFAULT CURRENT_TIMESTAMP,
  `updated_at` timestamp NOT NULL DEFAULT CURRENT_TIMESTAMP,
  PRIMARY KEY (`purchase_order_return_id`)
) ENGINE=InnoDB AUTO_INCREMENT=57 DEFAULT CHARSET=utf8mb3;

/*Data for the table `purchase_order_return` */

insert  into `purchase_order_return`(`purchase_order_return_id`,`purchase_order_id`,`purchase_invoice_id`,`supplier_id`,`warehouse_id`,`purchase_order_return_no`,`purchase_order_return_date`,`purchase_order_return_remark`,`ppn_in_amount`,`ppn_in_percentage`,`subtotal_amount`,`subtotal_amount_after_ppn`,`data_state`,`created_id`,`created_at`,`updated_at`) values 
(56,239,24,8,7,'0001/PR/XII/2023','2023-12-12',NULL,3300,11,15000,18300,0,3,'2023-12-12 09:38:55','2023-12-12 09:38:55');

/*Table structure for table `purchase_order_return_item` */

DROP TABLE IF EXISTS `purchase_order_return_item`;

CREATE TABLE `purchase_order_return_item` (
  `purchase_order_return_item_id` bigint NOT NULL AUTO_INCREMENT,
  `purchase_order_return_id` bigint DEFAULT NULL,
  `purchase_invoice_item_id` bigint DEFAULT NULL,
  `purchase_order_item_id` bigint DEFAULT NULL,
  `item_category_id` bigint DEFAULT NULL,
  `item_type_id` int DEFAULT NULL,
  `item_unit_id` int DEFAULT NULL,
  `item_batch_number` varchar(200) DEFAULT NULL,
  `item_expired_date` date DEFAULT NULL,
  `quantity_order` decimal(20,0) DEFAULT '0',
  `quantity_return` decimal(10,0) DEFAULT '0',
  `total_amount` decimal(20,0) DEFAULT '0',
  `data_state` bigint DEFAULT '0',
  `created_id` bigint DEFAULT NULL,
  `created_at` timestamp NOT NULL DEFAULT CURRENT_TIMESTAMP,
  `updated_at` timestamp NOT NULL DEFAULT CURRENT_TIMESTAMP,
  PRIMARY KEY (`purchase_order_return_item_id`)
) ENGINE=InnoDB AUTO_INCREMENT=62 DEFAULT CHARSET=utf8mb3;

/*Data for the table `purchase_order_return_item` */

insert  into `purchase_order_return_item`(`purchase_order_return_item_id`,`purchase_order_return_id`,`purchase_invoice_item_id`,`purchase_order_item_id`,`item_category_id`,`item_type_id`,`item_unit_id`,`item_batch_number`,`item_expired_date`,`quantity_order`,`quantity_return`,`total_amount`,`data_state`,`created_id`,`created_at`,`updated_at`) values 
(60,56,44,15,1,1,1,'1111','2026-12-12',10,5,5000,0,3,'2023-12-12 09:38:55','2023-12-12 09:38:55'),
(61,56,45,16,1,2,6,'2222','2026-12-12',10,5,10000,0,3,'2023-12-12 09:38:55','2023-12-12 09:38:55');

/*Table structure for table `purchase_order_type` */

DROP TABLE IF EXISTS `purchase_order_type`;

CREATE TABLE `purchase_order_type` (
  `purchase_order_type_id` bigint NOT NULL AUTO_INCREMENT,
  `purchase_order_type_name` varchar(250) DEFAULT NULL,
  `data_state` int DEFAULT '0',
  `created_id` int DEFAULT NULL,
  `created_at` datetime DEFAULT NULL,
  `updated_at` timestamp NOT NULL DEFAULT CURRENT_TIMESTAMP,
  PRIMARY KEY (`purchase_order_type_id`)
) ENGINE=InnoDB AUTO_INCREMENT=3 DEFAULT CHARSET=utf8mb3;

/*Data for the table `purchase_order_type` */

/*Table structure for table `purchase_payment` */

DROP TABLE IF EXISTS `purchase_payment`;

CREATE TABLE `purchase_payment` (
  `payment_id` bigint NOT NULL AUTO_INCREMENT,
  `branch_id` int DEFAULT '1',
  `supplier_id` int DEFAULT '0',
  `payment_date` date DEFAULT NULL,
  `payment_no` varchar(20) DEFAULT '',
  `reference_number` varchar(20) DEFAULT '',
  `cash_account_id` int DEFAULT '0',
  `payment_remark` text,
  `payment_amount` decimal(20,2) DEFAULT '0.00',
  `payment_allocated` decimal(20,2) DEFAULT '0.00',
  `payment_shortover` decimal(20,2) DEFAULT '0.00',
  `payment_total_amount` decimal(20,2) DEFAULT '0.00',
  `payment_shortover_remark` varchar(200) DEFAULT '',
  `payment_total_cash_amount` decimal(20,2) DEFAULT '0.00',
  `payment_total_transfer_amount` decimal(20,2) DEFAULT '0.00',
  `payment_total_giro_amount` decimal(20,2) DEFAULT '0.00',
  `payment_token` varchar(250) DEFAULT NULL,
  `payment_token_void` varchar(250) DEFAULT NULL,
  `voided_id` int DEFAULT '0',
  `voided_on` datetime DEFAULT NULL,
  `voided_remark` varchar(100) DEFAULT '',
  `posted` enum('0','1') DEFAULT '0',
  `posted_id` int DEFAULT '0',
  `posted_on` datetime DEFAULT NULL,
  `data_state` decimal(1,0) DEFAULT '0',
  `created_id` int DEFAULT '0',
  `created_at` datetime DEFAULT NULL,
  `updated_at` timestamp NOT NULL DEFAULT CURRENT_TIMESTAMP,
  PRIMARY KEY (`payment_id`),
  UNIQUE KEY `payment_token` (`payment_token`),
  UNIQUE KEY `payment_token_void` (`payment_token_void`),
  KEY `FK_purchase_payment_supplier_id` (`supplier_id`) USING BTREE,
  KEY `FK_purchase_payment_branch_id` (`branch_id`)
) ENGINE=InnoDB AUTO_INCREMENT=30 DEFAULT CHARSET=utf8mb3 ROW_FORMAT=COMPACT;

/*Data for the table `purchase_payment` */

insert  into `purchase_payment`(`payment_id`,`branch_id`,`supplier_id`,`payment_date`,`payment_no`,`reference_number`,`cash_account_id`,`payment_remark`,`payment_amount`,`payment_allocated`,`payment_shortover`,`payment_total_amount`,`payment_shortover_remark`,`payment_total_cash_amount`,`payment_total_transfer_amount`,`payment_total_giro_amount`,`payment_token`,`payment_token_void`,`voided_id`,`voided_on`,`voided_remark`,`posted`,`posted_id`,`posted_on`,`data_state`,`created_id`,`created_at`,`updated_at`) values 
(25,1,7,'2023-12-15','0001/PH/XII/2023','',8,NULL,100000.00,100000.00,0.00,100000.00,'',0.00,100000.00,0.00,NULL,NULL,0,NULL,'','0',0,NULL,0,3,'2023-12-15 07:27:37','2023-12-15 07:27:37'),
(26,1,7,'2023-12-15','0002/PH/XII/2023','',8,NULL,66500.00,66500.00,0.00,66500.00,'',0.00,66500.00,0.00,NULL,NULL,0,NULL,'','0',0,NULL,0,3,'2023-12-15 07:32:36','2023-12-15 07:32:36'),
(28,1,8,'2023-12-18','0004/PH/XII/2023','',8,NULL,5000.00,5000.00,0.00,5000.00,'',0.00,5000.00,0.00,NULL,NULL,0,NULL,'','0',0,NULL,0,3,'2023-12-18 04:04:16','2023-12-18 04:04:16'),
(29,1,8,'2023-12-18','0005/PH/XII/2023','',8,NULL,10000.00,10000.00,0.00,10000.00,'',0.00,10000.00,0.00,NULL,NULL,0,NULL,'','0',0,NULL,0,3,'2023-12-18 04:06:59','2023-12-18 04:06:59');

/*Table structure for table `purchase_payment_giro` */

DROP TABLE IF EXISTS `purchase_payment_giro`;

CREATE TABLE `purchase_payment_giro` (
  `payment_giro_id` bigint NOT NULL AUTO_INCREMENT,
  `payment_id` bigint DEFAULT '0',
  `account_id` int NOT NULL DEFAULT '0',
  `payment_giro_bank_name` varchar(50) DEFAULT '',
  `payment_giro_account_name` varchar(100) DEFAULT '',
  `payment_giro_number` varchar(50) DEFAULT '',
  `payment_giro_amount` varchar(20) DEFAULT '0',
  `payment_giro_token` varchar(250) DEFAULT NULL,
  `created_at` datetime DEFAULT NULL,
  `updated_at` timestamp NOT NULL DEFAULT CURRENT_TIMESTAMP ON UPDATE CURRENT_TIMESTAMP,
  PRIMARY KEY (`payment_giro_id`),
  UNIQUE KEY `payment_giro_token` (`payment_giro_token`),
  KEY `FK_purchase_payment_giro_payment_id` (`payment_id`)
) ENGINE=InnoDB DEFAULT CHARSET=utf8mb3;

/*Data for the table `purchase_payment_giro` */

/*Table structure for table `purchase_payment_item` */

DROP TABLE IF EXISTS `purchase_payment_item`;

CREATE TABLE `purchase_payment_item` (
  `payment_item_id` bigint NOT NULL AUTO_INCREMENT,
  `payment_id` bigint DEFAULT '0',
  `purchase_invoice_id` bigint DEFAULT '0',
  `purchase_invoice_no` varchar(20) DEFAULT '',
  `purchase_invoice_date` date DEFAULT NULL,
  `purchase_invoice_amount` decimal(20,2) DEFAULT '0.00',
  `total_amount` decimal(20,2) DEFAULT '0.00',
  `paid_amount` decimal(20,2) DEFAULT '0.00',
  `owing_amount` decimal(20,2) DEFAULT '0.00',
  `shortover_amount` decimal(20,2) DEFAULT '0.00',
  `allocation_amount` decimal(20,2) DEFAULT '0.00',
  `payment_discount` decimal(20,2) DEFAULT NULL,
  `payment_item_token` varchar(250) DEFAULT NULL,
  `payment_item_token_void` varchar(250) DEFAULT NULL,
  `last_balance` decimal(20,2) DEFAULT '0.00',
  `created_at` datetime DEFAULT NULL,
  `updated_at` timestamp NOT NULL DEFAULT CURRENT_TIMESTAMP,
  PRIMARY KEY (`payment_item_id`),
  UNIQUE KEY `payment_item_token` (`payment_item_token`),
  UNIQUE KEY `payment_item_token_void` (`payment_item_token_void`),
  KEY `FK_purchase_payment_item_purchase_invoice_id` (`purchase_invoice_id`) USING BTREE,
  KEY `FK_purchase_payment_item_payment_id` (`payment_id`) USING BTREE
) ENGINE=InnoDB AUTO_INCREMENT=29 DEFAULT CHARSET=utf8mb3 ROW_FORMAT=COMPACT;

/*Data for the table `purchase_payment_item` */

insert  into `purchase_payment_item`(`payment_item_id`,`payment_id`,`purchase_invoice_id`,`purchase_invoice_no`,`purchase_invoice_date`,`purchase_invoice_amount`,`total_amount`,`paid_amount`,`owing_amount`,`shortover_amount`,`allocation_amount`,`payment_discount`,`payment_item_token`,`payment_item_token_void`,`last_balance`,`created_at`,`updated_at`) values 
(24,25,25,'0002/PI/XII/2023','2023-12-13',166500.00,166500.00,100000.00,166500.00,0.00,100000.00,NULL,NULL,NULL,66500.00,'2023-12-15 07:27:37','2023-12-15 07:27:37'),
(25,26,25,'0002/PI/XII/2023','2023-12-13',166500.00,166500.00,100000.00,66500.00,0.00,66500.00,NULL,NULL,NULL,0.00,'2023-12-15 07:32:36','2023-12-15 07:32:36'),
(26,27,24,'0001/PI/XII/2023','2023-12-12',15000.00,15000.00,0.00,15000.00,0.00,10000.00,NULL,NULL,NULL,15000.00,'2023-12-18 04:00:44','2023-12-18 04:00:44'),
(27,28,24,'0001/PI/XII/2023','2023-12-12',15000.00,15000.00,10000.00,15000.00,0.00,5000.00,NULL,NULL,NULL,10000.00,'2023-12-18 04:04:16','2023-12-18 04:04:16'),
(28,29,24,'0001/PI/XII/2023','2023-12-12',15000.00,15000.00,15000.00,10000.00,0.00,10000.00,NULL,NULL,NULL,0.00,'2023-12-18 04:06:59','2023-12-18 04:06:59');

/*Table structure for table `purchase_payment_transfer` */

DROP TABLE IF EXISTS `purchase_payment_transfer`;

CREATE TABLE `purchase_payment_transfer` (
  `payment_transfer_id` bigint NOT NULL AUTO_INCREMENT,
  `payment_id` bigint DEFAULT NULL,
  `bank_id` int DEFAULT NULL,
  `account_id` int NOT NULL DEFAULT '0',
  `payment_transfer_bank_name` varchar(50) DEFAULT NULL,
  `payment_transfer_amount` decimal(20,2) DEFAULT '0.00',
  `payment_transfer_account_name` varchar(50) DEFAULT NULL,
  `payment_transfer_account_no` varchar(20) DEFAULT '0',
  `payment_transfer_token` varchar(250) DEFAULT NULL,
  `created_at` datetime DEFAULT NULL,
  `updated_at` timestamp NOT NULL DEFAULT CURRENT_TIMESTAMP,
  PRIMARY KEY (`payment_transfer_id`),
  UNIQUE KEY `payment_transfer_token` (`payment_transfer_token`),
  KEY `FK_purchase_payment_transfer_payment_id` (`payment_id`)
) ENGINE=InnoDB AUTO_INCREMENT=11 DEFAULT CHARSET=utf8mb3;

/*Data for the table `purchase_payment_transfer` */

insert  into `purchase_payment_transfer`(`payment_transfer_id`,`payment_id`,`bank_id`,`account_id`,`payment_transfer_bank_name`,`payment_transfer_amount`,`payment_transfer_account_name`,`payment_transfer_account_no`,`payment_transfer_token`,`created_at`,`updated_at`) values 
(6,25,11,8,'Bank Mandiri',100000.00,'1','1',NULL,'2023-12-15 07:27:37','2023-12-15 07:27:37'),
(7,26,11,8,'Bank Mandiri',66500.00,'1','1',NULL,'2023-12-15 07:32:36','2023-12-15 07:32:36'),
(8,27,11,8,'Bank Mandiri',10000.00,'2','2',NULL,'2023-12-18 04:00:45','2023-12-18 04:00:45'),
(9,28,11,8,'Bank Mandiri',5000.00,'2','2',NULL,'2023-12-18 04:04:16','2023-12-18 04:04:16'),
(10,29,11,8,'Bank Mandiri',10000.00,'2','2',NULL,'2023-12-18 04:06:59','2023-12-18 04:06:59');

/*Table structure for table `return_pdp` */

DROP TABLE IF EXISTS `return_pdp`;

CREATE TABLE `return_pdp` (
  `return_pdp_id` bigint NOT NULL AUTO_INCREMENT,
  `sales_delivery_note_id` int DEFAULT NULL,
  `sales_delivery_order_id` int DEFAULT NULL,
  `sales_order_id` int DEFAULT NULL,
  `warehouse_id` bigint DEFAULT NULL,
  `customer_id` int DEFAULT NULL,
  `return_pdp_date` date DEFAULT NULL,
  `return_pdp_remark` text CHARACTER SET utf8mb4 COLLATE utf8mb4_general_ci,
  `data_state` int DEFAULT '0',
  `created_id` int DEFAULT NULL,
  `created_at` timestamp NOT NULL DEFAULT CURRENT_TIMESTAMP,
  `updated_at` timestamp NOT NULL DEFAULT CURRENT_TIMESTAMP,
  PRIMARY KEY (`return_pdp_id`)
) ENGINE=InnoDB AUTO_INCREMENT=46 DEFAULT CHARSET=utf8mb4 COLLATE=utf8mb4_general_ci;

/*Data for the table `return_pdp` */

/*Table structure for table `return_pdp_item` */

DROP TABLE IF EXISTS `return_pdp_item`;

CREATE TABLE `return_pdp_item` (
  `return_pdp_item_id` bigint NOT NULL AUTO_INCREMENT,
  `return_pdp_id` bigint DEFAULT NULL,
  `sales_delivery_note_id` int DEFAULT NULL,
  `sales_delivery_note_item_id` int DEFAULT NULL,
  `sales_order_id` int DEFAULT NULL,
  `sales_order_item_id` int DEFAULT NULL,
  `warehouse_id` int DEFAULT NULL,
  `supplier_id` int DEFAULT NULL,
  `item_category_id` int DEFAULT NULL,
  `item_type_id` int DEFAULT NULL,
  `item_stock_id` int DEFAULT NULL,
  `item_unit_id` int DEFAULT NULL,
  `quantity` decimal(10,0) DEFAULT NULL,
  `quantity_return` decimal(10,0) DEFAULT NULL,
  `item_unit_price` decimal(10,0) DEFAULT NULL,
  `subtotal_price` decimal(10,0) DEFAULT NULL,
  `data_state` int DEFAULT '0',
  `created_id` int DEFAULT NULL,
  `created_at` timestamp NOT NULL DEFAULT CURRENT_TIMESTAMP,
  `updated_at` timestamp NOT NULL DEFAULT CURRENT_TIMESTAMP,
  PRIMARY KEY (`return_pdp_item_id`)
) ENGINE=InnoDB AUTO_INCREMENT=46 DEFAULT CHARSET=utf8mb4 COLLATE=utf8mb4_general_ci;

/*Data for the table `return_pdp_item` */

/*Table structure for table `return_pdp_lost_on_expedition` */

DROP TABLE IF EXISTS `return_pdp_lost_on_expedition`;

CREATE TABLE `return_pdp_lost_on_expedition` (
  `return_pdp_lost_on_expedition_id` bigint NOT NULL AUTO_INCREMENT,
  `sales_delivery_note_id` int DEFAULT NULL,
  `sales_delivery_order_id` int DEFAULT NULL,
  `account_id` int DEFAULT NULL,
  `sales_order_id` int DEFAULT NULL,
  `warehouse_id` bigint DEFAULT NULL,
  `customer_id` int DEFAULT NULL,
  `return_pdp_lost_on_expedition_date` date DEFAULT NULL,
  `return_pdp_lost_on_expedition_remark` text CHARACTER SET utf8mb4 COLLATE utf8mb4_general_ci,
  `data_state` int DEFAULT '0',
  `created_id` int DEFAULT NULL,
  `created_at` timestamp NOT NULL DEFAULT CURRENT_TIMESTAMP,
  `updated_at` timestamp NOT NULL DEFAULT CURRENT_TIMESTAMP,
  PRIMARY KEY (`return_pdp_lost_on_expedition_id`)
) ENGINE=InnoDB AUTO_INCREMENT=29 DEFAULT CHARSET=utf8mb4 COLLATE=utf8mb4_general_ci;

/*Data for the table `return_pdp_lost_on_expedition` */

/*Table structure for table `return_pdp_lost_on_expedition_item` */

DROP TABLE IF EXISTS `return_pdp_lost_on_expedition_item`;

CREATE TABLE `return_pdp_lost_on_expedition_item` (
  `return_pdp_lost_on_expedition_item_id` bigint NOT NULL AUTO_INCREMENT,
  `return_pdp_lost_on_expedition_id` bigint DEFAULT NULL,
  `sales_delivery_note_id` int DEFAULT NULL,
  `sales_delivery_note_item_id` int DEFAULT NULL,
  `sales_order_id` int DEFAULT NULL,
  `sales_order_item_id` int DEFAULT NULL,
  `warehouse_id` int DEFAULT NULL,
  `supplier_id` int DEFAULT NULL,
  `item_category_id` int DEFAULT NULL,
  `item_type_id` int DEFAULT NULL,
  `item_stock_id` int DEFAULT NULL,
  `item_unit_id` int DEFAULT NULL,
  `quantity` decimal(10,0) DEFAULT NULL,
  `quantity_return` decimal(10,0) DEFAULT NULL,
  `item_unit_price` decimal(10,0) DEFAULT NULL,
  `subtotal_price` decimal(10,0) DEFAULT NULL,
  `data_state` int DEFAULT '0',
  `created_id` int DEFAULT NULL,
  `created_at` timestamp NOT NULL DEFAULT CURRENT_TIMESTAMP,
  `updated_at` timestamp NOT NULL DEFAULT CURRENT_TIMESTAMP,
  PRIMARY KEY (`return_pdp_lost_on_expedition_item_id`)
) ENGINE=InnoDB AUTO_INCREMENT=26 DEFAULT CHARSET=utf8mb4 COLLATE=utf8mb4_general_ci;

/*Data for the table `return_pdp_lost_on_expedition_item` */

/*Table structure for table `sales_collection` */

DROP TABLE IF EXISTS `sales_collection`;

CREATE TABLE `sales_collection` (
  `collection_id` bigint NOT NULL AUTO_INCREMENT,
  `branch_id` int DEFAULT '0',
  `salesman_id` int DEFAULT '0',
  `customer_id` bigint DEFAULT NULL,
  `section_id` int DEFAULT NULL,
  `project_id` int DEFAULT '0',
  `cash_account_id` int NOT NULL DEFAULT '0',
  `collection_no` varchar(20) DEFAULT '',
  `collection_date` date DEFAULT NULL,
  `reference_number` varchar(20) DEFAULT '',
  `collection_remark` text,
  `collection_amount` decimal(20,2) DEFAULT '0.00',
  `collection_allocated` decimal(20,2) DEFAULT '0.00',
  `collection_shortover` decimal(20,2) DEFAULT '0.00',
  `collection_total_amount` decimal(20,2) DEFAULT '0.00',
  `collection_shortover_remark` text,
  `collection_total_cash_amount` decimal(20,2) DEFAULT '0.00',
  `collection_total_transfer_amount` decimal(20,2) DEFAULT '0.00',
  `collection_total_giro_amount` decimal(20,2) DEFAULT '0.00',
  `collection_giro_status` decimal(1,0) DEFAULT '0',
  `collection_token` varchar(250) DEFAULT NULL,
  `collection_token_void` varchar(250) DEFAULT NULL,
  `voided_id` int DEFAULT '0',
  `voided_on` datetime DEFAULT NULL,
  `voided_remark` text,
  `posted` enum('1','0') DEFAULT '0',
  `posted_by` varchar(20) DEFAULT '',
  `posted_on` datetime DEFAULT NULL,
  `data_state` decimal(1,0) DEFAULT '0',
  `created_id` int DEFAULT '0',
  `created_at` datetime DEFAULT NULL,
  `updated_at` timestamp NULL DEFAULT CURRENT_TIMESTAMP ON UPDATE CURRENT_TIMESTAMP,
  PRIMARY KEY (`collection_id`),
  UNIQUE KEY `collection_token` (`collection_token`),
  UNIQUE KEY `collection_token_void` (`collection_token_void`),
  KEY `FK_sales_collection_customer_id` (`customer_id`),
  KEY `FK_sales_collection_salesman_id` (`salesman_id`),
  KEY `FK_sales_collection_section_id` (`section_id`)
) ENGINE=InnoDB AUTO_INCREMENT=19 DEFAULT CHARSET=utf8mb3 ROW_FORMAT=COMPACT;

/*Data for the table `sales_collection` */

/*Table structure for table `sales_collection_giro` */

DROP TABLE IF EXISTS `sales_collection_giro`;

CREATE TABLE `sales_collection_giro` (
  `collection_giro_id` bigint NOT NULL AUTO_INCREMENT,
  `collection_id` bigint DEFAULT '0',
  `account_id` int NOT NULL DEFAULT '0',
  `collection_giro_bank_name` varchar(50) DEFAULT '',
  `collection_giro_number` varchar(20) DEFAULT '',
  `collection_giro_amount` decimal(20,2) DEFAULT '0.00',
  `collection_giro_due_date` date DEFAULT NULL,
  `collection_giro_account_name` varchar(50) DEFAULT '',
  `collection_giro_token` varchar(250) DEFAULT NULL,
  `created_at` datetime DEFAULT NULL,
  `updated_at` timestamp NOT NULL DEFAULT CURRENT_TIMESTAMP,
  PRIMARY KEY (`collection_giro_id`),
  UNIQUE KEY `collection_giro_token` (`collection_giro_token`),
  KEY `FK_sales_collection_giro_bank_id` (`collection_giro_bank_name`),
  KEY `FK_sales_collection_giro_collection_id` (`collection_id`)
) ENGINE=InnoDB DEFAULT CHARSET=utf8mb3;

/*Data for the table `sales_collection_giro` */

/*Table structure for table `sales_collection_item` */

DROP TABLE IF EXISTS `sales_collection_item`;

CREATE TABLE `sales_collection_item` (
  `collection_item_id` bigint NOT NULL AUTO_INCREMENT,
  `collection_id` bigint DEFAULT '0',
  `sales_invoice_id` bigint DEFAULT '0',
  `sales_invoice_no` varchar(20) DEFAULT '',
  `sales_invoice_date` date DEFAULT NULL,
  `sales_invoice_amount` decimal(20,0) DEFAULT '0',
  `subtotal_invoice_amount` decimal(20,0) DEFAULT '0',
  `discount_percentage` decimal(20,0) DEFAULT '0',
  `discount_amount` decimal(20,0) DEFAULT '0',
  `total_amount` decimal(20,2) DEFAULT '0.00',
  `paid_amount` decimal(20,2) DEFAULT '0.00',
  `owing_amount` decimal(20,2) DEFAULT '0.00',
  `shortover_amount` decimal(20,2) DEFAULT '0.00',
  `allocation_amount` decimal(20,2) DEFAULT '0.00',
  `collection_discount` decimal(20,2) DEFAULT '0.00',
  `last_balance` decimal(20,2) DEFAULT '0.00',
  `collection_item_token` varchar(250) DEFAULT NULL,
  `collection_item_token_void` varchar(250) DEFAULT NULL,
  `created_at` datetime DEFAULT NULL,
  `updated_at` timestamp NULL DEFAULT CURRENT_TIMESTAMP ON UPDATE CURRENT_TIMESTAMP,
  PRIMARY KEY (`collection_item_id`),
  UNIQUE KEY `collection_item_token` (`collection_item_token`),
  UNIQUE KEY `collection_item_token_void` (`collection_item_token_void`),
  KEY `FK_sales_collection_collection_id` (`collection_id`) USING BTREE,
  KEY `FK_sales_collection_sales_invoice_id` (`sales_invoice_id`) USING BTREE
) ENGINE=InnoDB AUTO_INCREMENT=23 DEFAULT CHARSET=utf8mb3 ROW_FORMAT=COMPACT;

/*Data for the table `sales_collection_item` */

/*Table structure for table `sales_collection_piece` */

DROP TABLE IF EXISTS `sales_collection_piece`;

CREATE TABLE `sales_collection_piece` (
  `sales_collection_piece_id` int NOT NULL AUTO_INCREMENT,
  `sales_invoice_id` int DEFAULT NULL,
  `sales_invoice_no` varchar(255) CHARACTER SET utf8mb4 COLLATE utf8mb4_general_ci DEFAULT NULL,
  `sales_collection_piece_remark` varchar(255) CHARACTER SET utf8mb4 COLLATE utf8mb4_general_ci DEFAULT NULL,
  `sales_collection_piece_type_id` int NOT NULL,
  `memo_no` varchar(25) CHARACTER SET utf8mb4 COLLATE utf8mb4_general_ci NOT NULL,
  `promotion_no` varchar(255) CHARACTER SET utf8mb4 COLLATE utf8mb4_general_ci NOT NULL,
  `customer_id` int DEFAULT NULL,
  `total_amount` int DEFAULT NULL,
  `piece_amount` int DEFAULT NULL,
  `total_amount_after_piece` int DEFAULT NULL,
  `claim_date` date DEFAULT NULL,
  `claim_status` int DEFAULT '0',
  `data_state` int DEFAULT '0',
  `created_id` int DEFAULT NULL,
  `created_at` timestamp NULL DEFAULT NULL,
  `updated_at` timestamp NULL DEFAULT NULL,
  PRIMARY KEY (`sales_collection_piece_id`)
) ENGINE=InnoDB DEFAULT CHARSET=utf8mb4 COLLATE=utf8mb4_general_ci;

/*Data for the table `sales_collection_piece` */

/*Table structure for table `sales_collection_transfer` */

DROP TABLE IF EXISTS `sales_collection_transfer`;

CREATE TABLE `sales_collection_transfer` (
  `collection_giro_id` bigint NOT NULL AUTO_INCREMENT,
  `collection_id` bigint DEFAULT '0',
  `account_id` int NOT NULL DEFAULT '0',
  `collection_transfer_bank_name` varchar(50) DEFAULT '',
  `collection_transfer_amount` decimal(20,2) DEFAULT '0.00',
  `collection_transfer_account_name` varchar(100) DEFAULT '',
  `collection_transfer_account_no` varchar(20) DEFAULT '0',
  `collection_transfer_token` varchar(250) DEFAULT NULL,
  `created_at` datetime DEFAULT NULL,
  `updated_at` timestamp NOT NULL DEFAULT CURRENT_TIMESTAMP ON UPDATE CURRENT_TIMESTAMP,
  PRIMARY KEY (`collection_giro_id`),
  UNIQUE KEY `collection_transfer_token` (`collection_transfer_token`),
  KEY `sales_collection_transfer_collection_id` (`collection_id`)
) ENGINE=InnoDB AUTO_INCREMENT=9 DEFAULT CHARSET=utf8mb3;

/*Data for the table `sales_collection_transfer` */

/*Table structure for table `sales_customer` */

DROP TABLE IF EXISTS `sales_customer`;

CREATE TABLE `sales_customer` (
  `customer_id` bigint NOT NULL AUTO_INCREMENT,
  `branch_id` int DEFAULT '1',
  `province_id` int NOT NULL DEFAULT '0',
  `city_id` int NOT NULL DEFAULT '0',
  `customer_code` varchar(20) DEFAULT '',
  `customer_registration_date` date DEFAULT NULL,
  `customer_name` varchar(50) DEFAULT '',
  `customer_owner_name` varchar(50) DEFAULT NULL,
  `customer_email` varchar(50) DEFAULT '',
  `customer_tax_no` varchar(30) DEFAULT '',
  `customer_address` text,
  `customer_city` varchar(50) DEFAULT '',
  `customer_post_code` varchar(10) DEFAULT '',
  `customer_kelurahan` varchar(50) DEFAULT '',
  `customer_kecamatan` varchar(50) DEFAULT '',
  `customer_inv_address` text,
  `customer_inv_city` varchar(50) DEFAULT '',
  `customer_inv_post_code` varchar(10) DEFAULT '',
  `customer_inv_kelurahan` varchar(50) DEFAULT '',
  `customer_inv_kecamatan` varchar(50) DEFAULT '',
  `customer_contact_person` varchar(50) DEFAULT '',
  `customer_home_phone` varchar(100) DEFAULT '',
  `customer_mobile_phone1` varchar(100) DEFAULT '',
  `customer_mobile_phone2` varchar(100) DEFAULT '',
  `customer_fax_number` varchar(100) DEFAULT '',
  `customer_payment_terms` decimal(10,0) DEFAULT '0' COMMENT 'Default Payment Terms',
  `customer_latitude` decimal(20,10) DEFAULT '0.0000000000',
  `customer_longitude` decimal(20,10) DEFAULT '0.0000000000',
  `customer_credit_limit` decimal(20,2) DEFAULT '0.00',
  `customer_credit_limit_balance` decimal(20,2) DEFAULT '0.00',
  `customer_remark` text,
  `customer_status` decimal(1,0) DEFAULT '1' COMMENT '1 : Active, 0 : Not Active',
  `customer_no` varchar(50) DEFAULT '',
  `data_state` decimal(1,0) DEFAULT '0',
  `created_id` int DEFAULT '0',
  `created_at` datetime DEFAULT NULL,
  `updated_at` timestamp NOT NULL DEFAULT CURRENT_TIMESTAMP,
  `record_id` int DEFAULT '0',
  PRIMARY KEY (`customer_id`),
  KEY `customer_no` (`customer_no`),
  KEY `FK_sales_customer_province_id` (`province_id`),
  KEY `FK_sales_customer_city` (`city_id`)
) ENGINE=InnoDB DEFAULT CHARSET=utf8mb3;

/*Data for the table `sales_customer` */

/*Table structure for table `sales_delivery_note` */

DROP TABLE IF EXISTS `sales_delivery_note`;

CREATE TABLE `sales_delivery_note` (
  `sales_delivery_note_id` bigint NOT NULL AUTO_INCREMENT,
  `sales_delivery_order_id` bigint DEFAULT '0',
  `shipment_planning_id` bigint DEFAULT '0',
  `sales_order_id` bigint DEFAULT '0',
  `warehouse_id` int DEFAULT '0',
  `section_id` int DEFAULT NULL,
  `salesman_id` int DEFAULT NULL,
  `customer_id` bigint DEFAULT '0',
  `expedition_id` int DEFAULT '0',
  `sales_delivery_note_cost` decimal(20,2) DEFAULT '0.00',
  `sales_delivery_note_no` varchar(20) DEFAULT '',
  `ppn_out_amount` decimal(20,2) DEFAULT NULL,
  `expedition_receipt_no` varchar(255) DEFAULT NULL,
  `customer_name` varchar(50) DEFAULT '',
  `customer_address` text,
  `customer_city` varchar(50) DEFAULT '',
  `customer_home_phone` varchar(50) DEFAULT '',
  `customer_mobile_phone1` varchar(50) DEFAULT '',
  `driver_name` varchar(50) DEFAULT '',
  `fleet_police_number` varchar(20) DEFAULT '',
  `purchase_order_no` varchar(50) DEFAULT NULL,
  `salesman_name` varchar(50) DEFAULT '',
  `sales_delivery_note_date` date DEFAULT NULL,
  `sales_delivery_note_status` decimal(1,0) DEFAULT '0',
  `sales_invoice_status` decimal(1,0) DEFAULT '0',
  `sales_delivery_note_remark` text,
  `posted` decimal(1,0) DEFAULT '0',
  `posted_id` int DEFAULT NULL,
  `posted_on` datetime DEFAULT NULL,
  `voided_id` int DEFAULT '0',
  `voided_on` datetime DEFAULT NULL,
  `voided_remark` text,
  `rejected_id` int DEFAULT '0',
  `rejected_on` datetime DEFAULT NULL,
  `rejected_remark` text,
  `branch_id` int DEFAULT NULL,
  `return_status` int DEFAULT '0',
  `pdp_lost_on_expedition_status` int DEFAULT NULL,
  `buyers_acknowledgment_status` int DEFAULT '0',
  `data_state` decimal(1,0) DEFAULT '0',
  `created_id` int DEFAULT '0',
  `created_at` datetime DEFAULT NULL,
  `updated_at` timestamp NULL DEFAULT CURRENT_TIMESTAMP,
  PRIMARY KEY (`sales_delivery_note_id`),
  KEY `FK_sales_delivery_note_sales_delivery_order_id` (`sales_delivery_order_id`),
  KEY `FK_sales_delivery_note_sales_order_id` (`sales_order_id`),
  KEY `FK_sales_delivery_note_warehouse_id` (`warehouse_id`)
) ENGINE=InnoDB AUTO_INCREMENT=12 DEFAULT CHARSET=utf8mb3 ROW_FORMAT=COMPACT;

/*Data for the table `sales_delivery_note` */

insert  into `sales_delivery_note`(`sales_delivery_note_id`,`sales_delivery_order_id`,`shipment_planning_id`,`sales_order_id`,`warehouse_id`,`section_id`,`salesman_id`,`customer_id`,`expedition_id`,`sales_delivery_note_cost`,`sales_delivery_note_no`,`ppn_out_amount`,`expedition_receipt_no`,`customer_name`,`customer_address`,`customer_city`,`customer_home_phone`,`customer_mobile_phone1`,`driver_name`,`fleet_police_number`,`purchase_order_no`,`salesman_name`,`sales_delivery_note_date`,`sales_delivery_note_status`,`sales_invoice_status`,`sales_delivery_note_remark`,`posted`,`posted_id`,`posted_on`,`voided_id`,`voided_on`,`voided_remark`,`rejected_id`,`rejected_on`,`rejected_remark`,`branch_id`,`return_status`,`pdp_lost_on_expedition_status`,`buyers_acknowledgment_status`,`data_state`,`created_id`,`created_at`,`updated_at`) values 
(9,6,0,6,8,NULL,NULL,1,11,0.00,'0001/SDN/XII/2023',0.00,'11111111111111111111','',NULL,'','','','adit','H 9790 NG',NULL,'','2023-12-13',0,0,NULL,0,NULL,NULL,0,NULL,NULL,0,NULL,NULL,1,0,NULL,1,0,3,'2023-12-13 03:51:36','2023-12-13 07:53:15'),
(10,7,0,7,8,NULL,NULL,1,13,0.00,'0002/SDN/XII/2023',0.00,'11111111111111111111','',NULL,'','','','adit','H 9790 NG',NULL,'','2023-12-13',0,0,NULL,0,NULL,NULL,0,NULL,NULL,0,NULL,NULL,1,0,NULL,1,0,3,'2023-12-13 08:58:48','2023-12-13 09:07:53'),
(11,8,0,8,8,NULL,NULL,1,13,0.00,'0003/SDN/XII/2023',0.00,'2222222222222','',NULL,'','','','adit','H 9790 NG',NULL,'','2023-12-14',0,0,NULL,0,NULL,NULL,0,NULL,NULL,0,NULL,NULL,1,0,NULL,1,0,3,'2023-12-14 07:29:47','2023-12-14 07:30:31');

/*Table structure for table `sales_delivery_note_item` */

DROP TABLE IF EXISTS `sales_delivery_note_item`;

CREATE TABLE `sales_delivery_note_item` (
  `sales_delivery_note_item_id` bigint NOT NULL AUTO_INCREMENT,
  `sales_delivery_note_id` bigint DEFAULT '0',
  `sales_order_id` bigint DEFAULT '0',
  `sales_order_item_id` int DEFAULT '0',
  `sales_delivery_order_id` int DEFAULT NULL,
  `sales_delivery_order_item_id` int DEFAULT NULL,
  `section_id` int DEFAULT '0',
  `warehouse_id` int DEFAULT '0',
  `supplier_id` int DEFAULT '0',
  `item_category_id` int DEFAULT '0',
  `item_id` int DEFAULT '0',
  `item_type_id` int DEFAULT NULL,
  `item_unit_id` int DEFAULT NULL,
  `item_unit_id_unit` int DEFAULT '0',
  `quantity` varchar(100) DEFAULT NULL,
  `quantity_unit` varchar(100) DEFAULT NULL,
  `item_default_quantity_unit` varchar(100) DEFAULT NULL,
  `item_weight_unit` varchar(100) DEFAULT '0',
  `item_batch_number` varchar(100) DEFAULT NULL,
  `sales_delivery_note_item_token` varchar(250) DEFAULT NULL,
  `sales_delivery_note_item_token_void` varchar(250) DEFAULT NULL,
  `return_item_status` int DEFAULT '0',
  `data_state` int DEFAULT '0',
  `item_unit_price` decimal(10,2) DEFAULT '0.00',
  `subtotal_price` decimal(20,2) DEFAULT '0.00',
  `hpp_amount` decimal(20,2) DEFAULT '0.00',
  `hpp_account_id` int DEFAULT '0',
  `created_id` int DEFAULT NULL,
  `created_at` datetime DEFAULT NULL,
  `updated_at` timestamp NULL DEFAULT CURRENT_TIMESTAMP,
  PRIMARY KEY (`sales_delivery_note_item_id`),
  UNIQUE KEY `sales_delivery_note_item_token` (`sales_delivery_note_item_token`),
  UNIQUE KEY `sales_delivery_note_item_token_void` (`sales_delivery_note_item_token_void`),
  KEY `account_id_hpp` (`hpp_account_id`),
  KEY `section_id` (`section_id`),
  KEY `FK_sales_delivery_note_item_sales_delivery_note_id` (`sales_delivery_note_id`)
) ENGINE=InnoDB AUTO_INCREMENT=15 DEFAULT CHARSET=utf8mb3 ROW_FORMAT=COMPACT;

/*Data for the table `sales_delivery_note_item` */

insert  into `sales_delivery_note_item`(`sales_delivery_note_item_id`,`sales_delivery_note_id`,`sales_order_id`,`sales_order_item_id`,`sales_delivery_order_id`,`sales_delivery_order_item_id`,`section_id`,`warehouse_id`,`supplier_id`,`item_category_id`,`item_id`,`item_type_id`,`item_unit_id`,`item_unit_id_unit`,`quantity`,`quantity_unit`,`item_default_quantity_unit`,`item_weight_unit`,`item_batch_number`,`sales_delivery_note_item_token`,`sales_delivery_note_item_token_void`,`return_item_status`,`data_state`,`item_unit_price`,`subtotal_price`,`hpp_amount`,`hpp_account_id`,`created_id`,`created_at`,`updated_at`) values 
(9,9,6,6,6,6,0,0,0,1,NULL,2,6,6,'200.00','200.00','1','1.6',NULL,NULL,NULL,0,0,2000.00,199000.00,0.00,0,3,'2023-12-13 03:51:36','2023-12-13 03:51:36'),
(10,9,6,7,6,7,0,0,0,1,NULL,1,1,1,'100.00','100.00','1','0.6',NULL,NULL,NULL,0,0,3000.00,597000.00,0.00,0,3,'2023-12-13 03:51:36','2023-12-13 03:51:36'),
(11,10,7,8,7,8,0,0,0,0,NULL,24,5,5,'50.00','50.00','1','3',NULL,NULL,NULL,0,0,1500.00,74625.00,0.00,0,3,'2023-12-13 08:58:48','2023-12-13 08:58:48'),
(12,10,7,9,7,9,0,0,0,0,NULL,26,5,5,'100.00','100.00','1','7',NULL,NULL,NULL,0,0,1500.00,149250.00,0.00,0,3,'2023-12-13 08:58:48','2023-12-13 08:58:48'),
(13,11,8,10,8,10,0,0,0,0,NULL,2,6,6,'5.00','5.00','1','0.04',NULL,NULL,NULL,0,0,1500.00,7462.50,0.00,0,3,'2023-12-14 07:29:48','2023-12-14 07:29:48'),
(14,11,8,11,8,11,0,0,0,0,NULL,1,1,1,'5.00','5.00','1','0.03',NULL,NULL,NULL,0,0,2000.00,9950.00,0.00,0,3,'2023-12-14 07:29:48','2023-12-14 07:29:48');

/*Table structure for table `sales_delivery_note_item_stock` */

DROP TABLE IF EXISTS `sales_delivery_note_item_stock`;

CREATE TABLE `sales_delivery_note_item_stock` (
  `sales_delivery_note_item_stock_id` bigint NOT NULL AUTO_INCREMENT,
  `sales_order_id` int DEFAULT NULL,
  `sales_order_item_id` int DEFAULT NULL,
  `sales_delivery_order_id` int DEFAULT NULL,
  `sales_delivery_order_item_id` int DEFAULT NULL,
  `sales_delivery_order_item_stock_id` int DEFAULT NULL,
  `sales_delivery_note_id` bigint DEFAULT NULL,
  `sales_delivery_note_item_id` bigint DEFAULT NULL,
  `item_batch_number` varchar(255) DEFAULT NULL,
  `item_category_id` int DEFAULT NULL,
  `item_type_id` int DEFAULT NULL,
  `item_stock_id` int NOT NULL,
  `item_unit_id` int DEFAULT NULL,
  `item_unit_id_unit` int DEFAULT NULL,
  `quantity` varchar(200) CHARACTER SET utf8mb4 COLLATE utf8mb4_general_ci DEFAULT NULL,
  `item_default_quantity_unit` varchar(200) CHARACTER SET utf8mb4 COLLATE utf8mb4_general_ci DEFAULT NULL,
  `quantity_unit` varchar(200) CHARACTER SET utf8mb4 COLLATE utf8mb4_general_ci DEFAULT NULL,
  `warehouse_id` int DEFAULT NULL,
  `item_weight_default` varchar(200) CHARACTER SET utf8mb4 COLLATE utf8mb4_general_ci DEFAULT NULL,
  `item_weight_unit` varchar(200) CHARACTER SET utf8mb4 COLLATE utf8mb4_general_ci DEFAULT NULL,
  `data_state` int DEFAULT '0',
  `created_id` int DEFAULT NULL,
  `created_at` datetime DEFAULT NULL,
  `updated_at` timestamp NOT NULL DEFAULT CURRENT_TIMESTAMP,
  PRIMARY KEY (`sales_delivery_note_item_stock_id`),
  KEY `FK_sales_delivery_note_item_stock_sales_delivery_note_id` (`sales_delivery_note_id`)
) ENGINE=InnoDB AUTO_INCREMENT=13 DEFAULT CHARSET=utf8mb3 ROW_FORMAT=COMPACT;

/*Data for the table `sales_delivery_note_item_stock` */

insert  into `sales_delivery_note_item_stock`(`sales_delivery_note_item_stock_id`,`sales_order_id`,`sales_order_item_id`,`sales_delivery_order_id`,`sales_delivery_order_item_id`,`sales_delivery_order_item_stock_id`,`sales_delivery_note_id`,`sales_delivery_note_item_id`,`item_batch_number`,`item_category_id`,`item_type_id`,`item_stock_id`,`item_unit_id`,`item_unit_id_unit`,`quantity`,`item_default_quantity_unit`,`quantity_unit`,`warehouse_id`,`item_weight_default`,`item_weight_unit`,`data_state`,`created_id`,`created_at`,`updated_at`) values 
(7,6,7,6,7,7,9,10,NULL,NULL,2,46,6,NULL,'100','1','200',0,NULL,'0.6',0,3,'2023-12-13 03:51:36','2023-12-13 03:51:36'),
(8,6,6,6,6,6,9,9,NULL,NULL,1,47,1,NULL,'100','1','100',0,NULL,'0.6',0,3,'2023-12-13 03:51:36','2023-12-13 03:51:36'),
(9,7,8,7,8,8,10,11,NULL,NULL,24,50,5,NULL,'100','1','50',0,NULL,'7',0,3,'2023-12-13 08:58:48','2023-12-13 08:58:48'),
(10,7,9,7,9,9,10,12,NULL,NULL,26,51,5,NULL,'100','1','100',0,NULL,'7',0,3,'2023-12-13 08:58:48','2023-12-13 08:58:48'),
(11,8,11,8,11,12,11,14,NULL,NULL,2,52,6,NULL,'5','1','5',0,NULL,'0.03',0,3,'2023-12-14 07:29:48','2023-12-14 07:29:48'),
(12,8,10,8,10,11,11,13,NULL,NULL,1,53,1,NULL,'5','1','5',0,NULL,'0.03',0,3,'2023-12-14 07:29:48','2023-12-14 07:29:48');

/*Table structure for table `sales_delivery_order` */

DROP TABLE IF EXISTS `sales_delivery_order`;

CREATE TABLE `sales_delivery_order` (
  `sales_delivery_order_id` bigint NOT NULL AUTO_INCREMENT,
  `warehouse_id` int DEFAULT '0',
  `sales_order_id` bigint DEFAULT NULL,
  `sales_delivery_order_no` varchar(20) DEFAULT '',
  `sales_delivery_order_date` date DEFAULT NULL,
  `sales_delivery_order_status` decimal(10,0) DEFAULT '0',
  `sales_delivery_order_remark` text,
  `sales_delivery_note_status` decimal(1,0) DEFAULT '0',
  `sales_delivery_order_cost` decimal(20,2) DEFAULT NULL,
  `ppn_out_amount` decimal(11,0) DEFAULT NULL,
  `branch_id` int DEFAULT NULL,
  `data_state` int DEFAULT '0',
  `created_id` int DEFAULT '0',
  `created_at` datetime DEFAULT NULL,
  `voided_id` int DEFAULT '0',
  `voided_on` datetime DEFAULT NULL,
  `voided_remark` text,
  `updated_id` int DEFAULT '0',
  `updated_on` datetime DEFAULT NULL,
  `updated_remark` text,
  `updated_at` timestamp NOT NULL DEFAULT CURRENT_TIMESTAMP,
  PRIMARY KEY (`sales_delivery_order_id`)
) ENGINE=InnoDB AUTO_INCREMENT=9 DEFAULT CHARSET=utf8mb3 ROW_FORMAT=COMPACT;

/*Data for the table `sales_delivery_order` */

insert  into `sales_delivery_order`(`sales_delivery_order_id`,`warehouse_id`,`sales_order_id`,`sales_delivery_order_no`,`sales_delivery_order_date`,`sales_delivery_order_status`,`sales_delivery_order_remark`,`sales_delivery_note_status`,`sales_delivery_order_cost`,`ppn_out_amount`,`branch_id`,`data_state`,`created_id`,`created_at`,`voided_id`,`voided_on`,`voided_remark`,`updated_id`,`updated_on`,`updated_remark`,`updated_at`) values 
(6,6,6,'0001/SDO/XII/2023','2023-12-13',0,NULL,1,NULL,0,1,0,3,'2023-12-13 03:35:42',0,NULL,NULL,0,NULL,NULL,'2023-12-13 03:51:36'),
(7,6,7,'0002/SDO/XII/2023','2023-12-13',0,NULL,1,NULL,0,1,0,3,'2023-12-13 08:57:48',0,NULL,NULL,0,NULL,NULL,'2023-12-13 08:58:48'),
(8,6,8,'0003/SDO/XII/2023','2023-12-14',0,NULL,1,NULL,0,1,0,3,'2023-12-14 07:29:07',0,NULL,NULL,0,NULL,NULL,'2023-12-14 07:29:47');

/*Table structure for table `sales_delivery_order_item` */

DROP TABLE IF EXISTS `sales_delivery_order_item`;

CREATE TABLE `sales_delivery_order_item` (
  `sales_delivery_order_item_id` bigint NOT NULL AUTO_INCREMENT,
  `sales_delivery_order_id` bigint DEFAULT '0',
  `sales_order_id` bigint DEFAULT '0',
  `sales_order_item_id` bigint DEFAULT '0',
  `salesman_id` int DEFAULT '0',
  `customer_id` bigint DEFAULT '0',
  `item_id` int DEFAULT '0',
  `item_unit_id` int DEFAULT '0',
  `item_batch_number` varchar(50) DEFAULT '',
  `item_type_id` int DEFAULT NULL,
  `quantity` varchar(222) DEFAULT NULL,
  `quantity_ordered` varchar(222) DEFAULT NULL,
  `item_unit_price` decimal(10,0) DEFAULT '0',
  `subtotal_price` decimal(20,2) DEFAULT '0.00',
  `sales_delivery_note_status` int DEFAULT '0',
  `data_state` int DEFAULT '0',
  `created_id` int DEFAULT '0',
  `created_at` datetime DEFAULT NULL,
  `voided_id` int DEFAULT '0',
  `voided_on` datetime DEFAULT NULL,
  `voided_remark` text,
  `updated_at` timestamp NOT NULL DEFAULT CURRENT_TIMESTAMP,
  PRIMARY KEY (`sales_delivery_order_item_id`)
) ENGINE=InnoDB AUTO_INCREMENT=12 DEFAULT CHARSET=utf8mb3 ROW_FORMAT=COMPACT;

/*Data for the table `sales_delivery_order_item` */

insert  into `sales_delivery_order_item`(`sales_delivery_order_item_id`,`sales_delivery_order_id`,`sales_order_id`,`sales_order_item_id`,`salesman_id`,`customer_id`,`item_id`,`item_unit_id`,`item_batch_number`,`item_type_id`,`quantity`,`quantity_ordered`,`item_unit_price`,`subtotal_price`,`sales_delivery_note_status`,`data_state`,`created_id`,`created_at`,`voided_id`,`voided_on`,`voided_remark`,`updated_at`) values 
(6,6,6,6,0,1,0,1,'',1,'100.00','100.00',2000,199000.00,0,0,3,'2023-12-13 03:35:42',0,NULL,NULL,'2023-12-13 03:35:42'),
(7,6,6,7,0,1,0,6,'',2,'200.00','200.00',3000,597000.00,0,0,3,'2023-12-13 03:35:42',0,NULL,NULL,'2023-12-13 03:35:42'),
(8,7,7,8,0,1,0,5,'',24,'50.00','50.00',1500,74625.00,0,0,3,'2023-12-13 08:57:48',0,NULL,NULL,'2023-12-13 08:57:48'),
(9,7,7,9,0,1,0,5,'',26,'100.00','100.00',1500,149250.00,0,0,3,'2023-12-13 08:57:48',0,NULL,NULL,'2023-12-13 08:57:48'),
(10,8,8,10,0,1,0,1,'',1,'5.00','5.00',1500,7462.50,0,0,3,'2023-12-14 07:29:07',0,NULL,NULL,'2023-12-14 07:29:07'),
(11,8,8,11,0,1,0,6,'',2,'5.00','5.00',2000,9950.00,0,0,3,'2023-12-14 07:29:07',0,NULL,NULL,'2023-12-14 07:29:07');

/*Table structure for table `sales_delivery_order_item_composition` */

DROP TABLE IF EXISTS `sales_delivery_order_item_composition`;

CREATE TABLE `sales_delivery_order_item_composition` (
  `sales_delivery_order_compt_id` bigint NOT NULL AUTO_INCREMENT,
  `sales_delivery_order_id` bigint DEFAULT '0',
  `stockist_id` bigint DEFAULT '0',
  `item_id` int DEFAULT '0',
  `material_id` int DEFAULT '0',
  `quantity` decimal(10,2) DEFAULT '0.00',
  `outstanding_quantity` decimal(10,2) DEFAULT '0.00',
  `sales_order_id` bigint DEFAULT '0',
  `created_id` int DEFAULT NULL,
  `created_at` datetime DEFAULT NULL,
  `updated_at` timestamp NOT NULL DEFAULT CURRENT_TIMESTAMP,
  PRIMARY KEY (`sales_delivery_order_compt_id`)
) ENGINE=InnoDB DEFAULT CHARSET=utf8mb3 ROW_FORMAT=COMPACT;

/*Data for the table `sales_delivery_order_item_composition` */

/*Table structure for table `sales_delivery_order_item_piece` */

DROP TABLE IF EXISTS `sales_delivery_order_item_piece`;

CREATE TABLE `sales_delivery_order_item_piece` (
  `sales_delivery_order_item_piece_id` bigint NOT NULL AUTO_INCREMENT,
  `sales_delivery_order_id` bigint DEFAULT '0',
  `sales_delivery_order_item_id` bigint DEFAULT '0',
  `sales_order_id` bigint DEFAULT '0',
  `sales_order_item_id` bigint DEFAULT '0',
  `salesman_id` int DEFAULT '0',
  `customer_id` bigint DEFAULT '0',
  `warehouse_id` int DEFAULT '0',
  `item_model_id` int DEFAULT '0',
  `item_flute_id` int DEFAULT '0',
  `item_substance_id` int DEFAULT '0',
  `item_category_id` int DEFAULT '0',
  `item_id` int DEFAULT '0',
  `item_unit_id` int DEFAULT '0',
  `item_stock_id` bigint DEFAULT '0',
  `quantity` decimal(10,2) DEFAULT '0.00',
  `item_batch_number` varchar(50) DEFAULT '',
  `sales_order_item_length` int DEFAULT '0',
  `sales_order_item_width` int DEFAULT '0',
  `sales_order_item_height` int DEFAULT '9',
  `sales_delivery_order_item_piece_token` varchar(250) DEFAULT '',
  `sales_delivery_order_item_piece_token_void` varchar(250) DEFAULT '',
  `data_state` int DEFAULT '0',
  `created_id` int DEFAULT '0',
  `created_at` datetime DEFAULT NULL,
  `voided_id` int DEFAULT '0',
  `voided_on` datetime DEFAULT NULL,
  `updated_at` timestamp NOT NULL DEFAULT CURRENT_TIMESTAMP,
  PRIMARY KEY (`sales_delivery_order_item_piece_id`)
) ENGINE=InnoDB DEFAULT CHARSET=utf8mb3 ROW_FORMAT=COMPACT;

/*Data for the table `sales_delivery_order_item_piece` */

/*Table structure for table `sales_delivery_order_item_stock` */

DROP TABLE IF EXISTS `sales_delivery_order_item_stock`;

CREATE TABLE `sales_delivery_order_item_stock` (
  `sales_delivery_order_item_stock_id` bigint NOT NULL AUTO_INCREMENT,
  `sales_order_id` int DEFAULT NULL,
  `sales_order_item_id` int DEFAULT NULL,
  `sales_delivery_order_id` int DEFAULT NULL,
  `sales_delivery_order_item_id` int DEFAULT NULL,
  `item_unit_id` int DEFAULT NULL,
  `item_stock_id` int DEFAULT NULL,
  `item_total_stock` decimal(10,0) DEFAULT '0',
  `data_state` int DEFAULT '0',
  `created_id` int DEFAULT NULL,
  `created_at` timestamp NOT NULL DEFAULT CURRENT_TIMESTAMP,
  `updated_at` timestamp NOT NULL DEFAULT CURRENT_TIMESTAMP,
  PRIMARY KEY (`sales_delivery_order_item_stock_id`)
) ENGINE=InnoDB AUTO_INCREMENT=13 DEFAULT CHARSET=utf8mb4 COLLATE=utf8mb4_general_ci;

/*Data for the table `sales_delivery_order_item_stock` */

insert  into `sales_delivery_order_item_stock`(`sales_delivery_order_item_stock_id`,`sales_order_id`,`sales_order_item_id`,`sales_delivery_order_id`,`sales_delivery_order_item_id`,`item_unit_id`,`item_stock_id`,`item_total_stock`,`data_state`,`created_id`,`created_at`,`updated_at`) values 
(6,6,6,6,6,1,44,100,0,3,'2023-12-13 03:35:42','2023-12-13 03:35:42'),
(7,6,7,6,7,6,45,200,0,3,'2023-12-13 03:35:42','2023-12-13 03:35:42'),
(8,7,8,7,8,5,48,50,0,3,'2023-12-13 08:57:48','2023-12-13 08:57:48'),
(9,7,9,7,9,5,49,100,0,3,'2023-12-13 08:57:48','2023-12-13 08:57:48'),
(10,7,9,7,9,5,49,100,0,3,'2023-12-13 08:57:48','2023-12-13 08:57:48'),
(11,8,10,8,10,1,40,5,0,3,'2023-12-14 07:29:07','2023-12-14 07:29:07'),
(12,8,11,8,11,6,41,5,0,3,'2023-12-14 07:29:07','2023-12-14 07:29:07');

/*Table structure for table `sales_delivery_order_item_stock_temporary` */

DROP TABLE IF EXISTS `sales_delivery_order_item_stock_temporary`;

CREATE TABLE `sales_delivery_order_item_stock_temporary` (
  `sales_delivery_order_item_stock_temporary_id` bigint NOT NULL AUTO_INCREMENT,
  `sales_order_id` int DEFAULT NULL,
  `sales_order_item_id` int DEFAULT NULL,
  `sales_delivery_order_id` int DEFAULT NULL,
  `sales_delivery_order_item_id` int DEFAULT NULL,
  `item_unit_id` int DEFAULT NULL,
  `item_stock_id` int DEFAULT NULL,
  `item_stock_quantity` decimal(10,0) DEFAULT '0',
  `data_state` int DEFAULT '0',
  `created_id` int DEFAULT NULL,
  `created_at` datetime DEFAULT NULL,
  `updated_at` timestamp NOT NULL DEFAULT CURRENT_TIMESTAMP,
  PRIMARY KEY (`sales_delivery_order_item_stock_temporary_id`)
) ENGINE=InnoDB AUTO_INCREMENT=2559 DEFAULT CHARSET=utf8mb4 COLLATE=utf8mb4_general_ci;

/*Data for the table `sales_delivery_order_item_stock_temporary` */

/*Table structure for table `sales_delivery_order_warehouse` */

DROP TABLE IF EXISTS `sales_delivery_order_warehouse`;

CREATE TABLE `sales_delivery_order_warehouse` (
  `sales_delivery_order_warehouse_id` bigint NOT NULL AUTO_INCREMENT,
  `sales_delivery_order_id` bigint DEFAULT NULL,
  `sales_order_id` bigint DEFAULT '0',
  `customer_id` bigint DEFAULT NULL,
  `warehouse_id` int DEFAULT NULL,
  `item_category_id` int DEFAULT NULL,
  `item_id` int DEFAULT NULL,
  `item_unit_id` int DEFAULT NULL,
  `quantity` decimal(10,2) DEFAULT '0.00',
  `item_batch_number` varchar(20) NOT NULL,
  `item_stock_type` decimal(1,0) DEFAULT '0',
  `sales_delivery_order_warehouse_token` varchar(250) DEFAULT NULL,
  `created_id` int DEFAULT NULL,
  `created_at` datetime DEFAULT NULL,
  `updated_at` timestamp NOT NULL DEFAULT CURRENT_TIMESTAMP,
  PRIMARY KEY (`sales_delivery_order_warehouse_id`)
) ENGINE=InnoDB DEFAULT CHARSET=utf8mb3;

/*Data for the table `sales_delivery_order_warehouse` */

/*Table structure for table `sales_invoice` */

DROP TABLE IF EXISTS `sales_invoice`;

CREATE TABLE `sales_invoice` (
  `sales_invoice_id` bigint NOT NULL AUTO_INCREMENT,
  `branch_id` int DEFAULT '0',
  `warehouse_id` int DEFAULT '0',
  `customer_id` int DEFAULT '0',
  `sales_order_id` bigint NOT NULL DEFAULT '0',
  `sales_delivery_note_id` bigint NOT NULL DEFAULT '0',
  `collection_method_account_id` int NOT NULL DEFAULT '0',
  `services_income_id` int NOT NULL DEFAULT '0',
  `sales_invoice_no` varchar(255) DEFAULT NULL,
  `sales_invoice_reference_no` varchar(30) NOT NULL DEFAULT '',
  `sales_invoice_date` date DEFAULT NULL,
  `sales_invoice_due_date` date DEFAULT NULL,
  `sales_invoice_remark` text,
  `sales_invoice_status` decimal(1,0) DEFAULT '0' COMMENT '0 = draft, 1 = closed',
  `services_income_amount` decimal(20,2) NOT NULL DEFAULT '0.00',
  `subtotal_item` decimal(10,2) DEFAULT '0.00',
  `subtotal_amount` decimal(20,2) DEFAULT '0.00',
  `subtotal_before_discount` decimal(20,2) DEFAULT '0.00',
  `discount_percentage` decimal(10,2) DEFAULT '0.00',
  `discount_amount` decimal(20,2) DEFAULT '0.00',
  `return_status` decimal(1,0) DEFAULT '0',
  `subtotal_after_discount` decimal(20,2) DEFAULT '0.00',
  `tax_percentage` decimal(10,2) NOT NULL DEFAULT '0.00',
  `tax_amount` decimal(20,2) NOT NULL DEFAULT '0.00',
  `goods_received_note_no` varchar(255) DEFAULT NULL,
  `faktur_tax_no` varchar(255) DEFAULT NULL,
  `buyers_acknowledgment_id` int NOT NULL,
  `buyers_acknowledgment_no` varchar(255) NOT NULL,
  `ttf_no` varchar(255) NOT NULL,
  `kwitansi_status` int NOT NULL,
  `total_amount` decimal(20,2) DEFAULT '0.00',
  `paid_amount` decimal(20,2) DEFAULT '0.00',
  `owing_amount` decimal(20,2) DEFAULT '0.00',
  `shortover_amount` decimal(20,2) DEFAULT '0.00',
  `last_balance` decimal(20,2) DEFAULT '0.00',
  `cash_advance_amount` decimal(20,2) DEFAULT '0.00',
  `change_amount` decimal(20,2) DEFAULT '0.00',
  `sales_return_amount` decimal(20,2) NOT NULL DEFAULT '0.00',
  `sales_collection_date` date DEFAULT NULL,
  `sales_invoice_token` varchar(250) DEFAULT NULL,
  `sales_invoice_token_void` varchar(250) DEFAULT NULL,
  `voided_id` int DEFAULT '0',
  `voided_on` datetime DEFAULT NULL,
  `voided_remark` text,
  `data_state` decimal(1,0) DEFAULT '0',
  `created_id` int DEFAULT '0',
  `created_at` datetime DEFAULT NULL,
  `updated_at` timestamp NOT NULL DEFAULT CURRENT_TIMESTAMP,
  PRIMARY KEY (`sales_invoice_id`)
) ENGINE=InnoDB AUTO_INCREMENT=18 DEFAULT CHARSET=utf8mb3 ROW_FORMAT=COMPACT;

/*Data for the table `sales_invoice` */

insert  into `sales_invoice`(`sales_invoice_id`,`branch_id`,`warehouse_id`,`customer_id`,`sales_order_id`,`sales_delivery_note_id`,`collection_method_account_id`,`services_income_id`,`sales_invoice_no`,`sales_invoice_reference_no`,`sales_invoice_date`,`sales_invoice_due_date`,`sales_invoice_remark`,`sales_invoice_status`,`services_income_amount`,`subtotal_item`,`subtotal_amount`,`subtotal_before_discount`,`discount_percentage`,`discount_amount`,`return_status`,`subtotal_after_discount`,`tax_percentage`,`tax_amount`,`goods_received_note_no`,`faktur_tax_no`,`buyers_acknowledgment_id`,`buyers_acknowledgment_no`,`ttf_no`,`kwitansi_status`,`total_amount`,`paid_amount`,`owing_amount`,`shortover_amount`,`last_balance`,`cash_advance_amount`,`change_amount`,`sales_return_amount`,`sales_collection_date`,`sales_invoice_token`,`sales_invoice_token_void`,`voided_id`,`voided_on`,`voided_remark`,`data_state`,`created_id`,`created_at`,`updated_at`) values 
(16,1,8,1,7,10,0,0,'0001/TMO.ME/12/2023','','2023-12-14','2023-12-14',NULL,0,0.00,150.00,248501.25,0.00,0.00,0.00,0,223875.00,0.00,24626.25,'0002/BPB/2023','0001/20230801/01X',53,'0002/BPB/2023','1',0,248501.25,0.00,248501.25,0.00,0.00,0.00,0.00,0.00,NULL,NULL,NULL,0,NULL,NULL,0,3,'2023-12-14 03:21:38','2023-12-14 03:26:39'),
(17,1,8,1,8,11,0,0,'0002/TMO.ME/12/2023','','2023-12-14',NULL,NULL,0,0.00,10.00,19327.88,0.00,0.00,0.00,0,17412.50,0.00,1915.38,NULL,'1',54,'0003/BPB/2023','',0,19327.88,0.00,19327.88,0.00,0.00,0.00,0.00,0.00,NULL,NULL,NULL,0,NULL,NULL,0,3,'2023-12-14 07:33:50','2023-12-14 07:33:50');

/*Table structure for table `sales_invoice_item` */

DROP TABLE IF EXISTS `sales_invoice_item`;

CREATE TABLE `sales_invoice_item` (
  `sales_invoice_item_id` bigint NOT NULL AUTO_INCREMENT,
  `sales_invoice_id` bigint DEFAULT '0',
  `sales_order_id` bigint DEFAULT '0',
  `sales_delivery_note_id` bigint DEFAULT '0',
  `sales_delivery_note_item_id` bigint DEFAULT '0',
  `item_id` bigint DEFAULT '0',
  `item_type_id` int DEFAULT NULL,
  `item_unit_id` bigint DEFAULT '0',
  `quantity` int DEFAULT '0',
  `item_unit_price` bigint DEFAULT '0',
  `item_unit_price_tax` bigint DEFAULT '0',
  `discount_A` int DEFAULT '0',
  `discount_B` int DEFAULT '0',
  `subtotal_price_A` int DEFAULT '0',
  `subtotal_price_B` int DEFAULT '0',
  `data_state` int DEFAULT '0',
  `created_id` int DEFAULT NULL,
  `created_at` datetime DEFAULT NULL,
  `updated_at` timestamp NOT NULL DEFAULT CURRENT_TIMESTAMP,
  KEY `sales_invoice_item_id` (`sales_invoice_item_id`)
) ENGINE=InnoDB AUTO_INCREMENT=26 DEFAULT CHARSET=utf8mb3 ROW_FORMAT=COMPACT;

/*Data for the table `sales_invoice_item` */

insert  into `sales_invoice_item`(`sales_invoice_item_id`,`sales_invoice_id`,`sales_order_id`,`sales_delivery_note_id`,`sales_delivery_note_item_id`,`item_id`,`item_type_id`,`item_unit_id`,`quantity`,`item_unit_price`,`item_unit_price_tax`,`discount_A`,`discount_B`,`subtotal_price_A`,`subtotal_price_B`,`data_state`,`created_id`,`created_at`,`updated_at`) values 
(22,16,7,10,11,0,24,5,50,1500,0,0,375,75000,83584,0,3,'2023-12-14 03:21:38','2023-12-14 03:21:38'),
(23,16,7,10,12,0,26,5,100,1500,0,0,750,150000,167168,0,3,'2023-12-14 03:21:38','2023-12-14 03:21:38'),
(24,17,8,11,13,0,2,6,5,1500,0,0,38,7500,8358,0,3,'2023-12-14 07:33:50','2023-12-14 07:33:50'),
(25,17,8,11,14,0,1,1,5,2000,0,0,50,10000,11145,0,3,'2023-12-14 07:33:50','2023-12-14 07:33:50');

/*Table structure for table `sales_kwitansi` */

DROP TABLE IF EXISTS `sales_kwitansi`;

CREATE TABLE `sales_kwitansi` (
  `sales_kwitansi_id` bigint NOT NULL AUTO_INCREMENT,
  `sales_kwitansi_no` varchar(255) COLLATE utf8mb4_general_ci DEFAULT NULL,
  `customer_id` int DEFAULT NULL,
  `sales_kwitansi_date` date DEFAULT NULL,
  `print_type` int DEFAULT NULL,
  `data_state` int DEFAULT '0',
  `created_id` int DEFAULT NULL,
  `created_at` timestamp NULL DEFAULT NULL,
  `updated_at` timestamp NULL DEFAULT NULL,
  PRIMARY KEY (`sales_kwitansi_id`)
) ENGINE=InnoDB AUTO_INCREMENT=3 DEFAULT CHARSET=utf8mb4 COLLATE=utf8mb4_general_ci;

/*Data for the table `sales_kwitansi` */

insert  into `sales_kwitansi`(`sales_kwitansi_id`,`sales_kwitansi_no`,`customer_id`,`sales_kwitansi_date`,`print_type`,`data_state`,`created_id`,`created_at`,`updated_at`) values 
(2,'0001/KW.ME/12/2023',1,'2023-12-14',NULL,0,3,'2023-12-14 07:54:19','2023-12-14 07:54:19');

/*Table structure for table `sales_kwitansi_item` */

DROP TABLE IF EXISTS `sales_kwitansi_item`;

CREATE TABLE `sales_kwitansi_item` (
  `sales_kwitansi_item_id` int NOT NULL AUTO_INCREMENT,
  `sales_kwitansi_id` int DEFAULT NULL,
  `sales_invoice_id` int DEFAULT NULL,
  `buyers_acknowledgment_id` int DEFAULT NULL,
  `checked` int DEFAULT NULL,
  `created_id` int DEFAULT NULL,
  `created_at` date DEFAULT NULL,
  `updated_at` timestamp NULL DEFAULT NULL,
  PRIMARY KEY (`sales_kwitansi_item_id`)
) ENGINE=InnoDB AUTO_INCREMENT=5 DEFAULT CHARSET=utf8mb4 COLLATE=utf8mb4_general_ci;

/*Data for the table `sales_kwitansi_item` */

insert  into `sales_kwitansi_item`(`sales_kwitansi_item_id`,`sales_kwitansi_id`,`sales_invoice_id`,`buyers_acknowledgment_id`,`checked`,`created_id`,`created_at`,`updated_at`) values 
(3,2,16,53,1,3,'2023-12-14','2023-12-14 07:54:19'),
(4,2,17,54,1,3,'2023-12-14','2023-12-14 07:54:19');

/*Table structure for table `sales_order` */

DROP TABLE IF EXISTS `sales_order`;

CREATE TABLE `sales_order` (
  `sales_order_id` bigint NOT NULL AUTO_INCREMENT,
  `sales_order_type_id` bigint DEFAULT '0',
  `customer_id` int DEFAULT '0',
  `salesman_id` int DEFAULT '0',
  `receipt_image` varchar(500) DEFAULT '',
  `sales_order_no` varchar(50) DEFAULT '',
  `purchase_order_no` varchar(50) DEFAULT '0',
  `sales_order_date` date DEFAULT NULL,
  `sales_order_delivery_date` date DEFAULT NULL,
  `sales_order_status` int DEFAULT '0',
  `sales_order_over_limit` decimal(20,2) DEFAULT '0.00',
  `sales_order_over_due_status` int NOT NULL DEFAULT '0',
  `purchase_order_status` int DEFAULT '0',
  `work_order_status` int DEFAULT '0' COMMENT '0 : Draft, 1 : Processed',
  `purchase_requisition_status` int DEFAULT '0',
  `sales_order_design_status` int DEFAULT '0',
  `sales_delivery_order_status` int DEFAULT '0',
  `customer_credit_limit_balance` decimal(20,2) DEFAULT '0.00',
  `sales_invoice_status` int DEFAULT '0',
  `sales_invoice_last_balance` decimal(20,2) DEFAULT '0.00',
  `sales_order_remark` text,
  `sales_order_over_remark` text,
  `total_item` decimal(10,2) DEFAULT '0.00',
  `subtotal_before_discount` decimal(20,2) DEFAULT '0.00',
  `discount_percentage` decimal(20,2) DEFAULT '0.00',
  `discount_amount` decimal(20,2) DEFAULT '0.00',
  `subtotal_after_discount` decimal(20,2) DEFAULT '0.00',
  `ppn_out_percentage` decimal(20,2) DEFAULT '0.00',
  `ppn_out_amount` decimal(20,2) DEFAULT '0.00',
  `subtotal_after_ppn_out` decimal(20,2) DEFAULT '0.00',
  `sales_shipment_status` decimal(1,0) DEFAULT '0',
  `paid_amount` decimal(20,2) DEFAULT '0.00',
  `total_amount` decimal(20,2) DEFAULT '0.00',
  `last_balance` decimal(20,2) DEFAULT '0.00',
  `counter_edited` decimal(5,0) DEFAULT '0',
  `branch_id` int DEFAULT NULL,
  `data_state` int DEFAULT '0',
  `created_id` int DEFAULT '0',
  `created_at` datetime DEFAULT NULL,
  `approved` int DEFAULT '0',
  `approved_id` int DEFAULT '0',
  `approved_on` datetime DEFAULT NULL,
  `approved_remark` text,
  `closed` int DEFAULT '0',
  `closed_id` int DEFAULT '0',
  `closed_on` datetime DEFAULT NULL,
  `closed_remark` text,
  `voided_id` int DEFAULT '0',
  `voided_on` datetime DEFAULT NULL,
  `voided_remark` text,
  `customer_no` varchar(50) DEFAULT '',
  `updated_at` timestamp NOT NULL DEFAULT CURRENT_TIMESTAMP,
  PRIMARY KEY (`sales_order_id`),
  KEY `sales_order_id` (`sales_order_id`)
) ENGINE=InnoDB AUTO_INCREMENT=9 DEFAULT CHARSET=utf8mb3 ROW_FORMAT=COMPACT;

/*Data for the table `sales_order` */

insert  into `sales_order`(`sales_order_id`,`sales_order_type_id`,`customer_id`,`salesman_id`,`receipt_image`,`sales_order_no`,`purchase_order_no`,`sales_order_date`,`sales_order_delivery_date`,`sales_order_status`,`sales_order_over_limit`,`sales_order_over_due_status`,`purchase_order_status`,`work_order_status`,`purchase_requisition_status`,`sales_order_design_status`,`sales_delivery_order_status`,`customer_credit_limit_balance`,`sales_invoice_status`,`sales_invoice_last_balance`,`sales_order_remark`,`sales_order_over_remark`,`total_item`,`subtotal_before_discount`,`discount_percentage`,`discount_amount`,`subtotal_after_discount`,`ppn_out_percentage`,`ppn_out_amount`,`subtotal_after_ppn_out`,`sales_shipment_status`,`paid_amount`,`total_amount`,`last_balance`,`counter_edited`,`branch_id`,`data_state`,`created_id`,`created_at`,`approved`,`approved_id`,`approved_on`,`approved_remark`,`closed`,`closed_id`,`closed_on`,`closed_remark`,`voided_id`,`voided_on`,`voided_remark`,`customer_no`,`updated_at`) values 
(6,2,1,0,'','0001/SO/XII/2023','0001/POC/XII/2023','2023-12-13','2023-12-13',2,0.00,0,0,0,0,0,1,0.00,0,0.00,NULL,NULL,300.00,0.00,0.00,0.00,883560.00,0.00,0.00,883560.00,0,0.00,883560.00,0.00,0,1,0,0,'2023-12-13 03:30:36',1,0,NULL,NULL,0,0,NULL,NULL,0,NULL,NULL,'','2023-12-13 07:53:15'),
(7,2,1,0,'','0002/SO/XII/2023','0002/PO/XII/2023','2023-12-13','2023-12-13',2,0.00,0,0,0,0,0,1,0.00,0,0.00,NULL,NULL,150.00,0.00,0.00,0.00,248501.25,0.00,0.00,248501.25,0,0.00,248501.25,0.00,0,1,0,0,'2023-12-13 08:31:19',1,0,NULL,NULL,0,0,NULL,NULL,0,NULL,NULL,'','2023-12-13 09:07:53'),
(8,2,1,0,'','0003/SO/XII/2023','0003/PO/XII/2023','2023-12-14','2023-12-14',2,0.00,0,0,0,0,0,1,0.00,0,0.00,NULL,NULL,10.00,0.00,0.00,0.00,19327.88,0.00,0.00,19327.88,0,0.00,19327.88,0.00,0,1,0,0,'2023-12-14 07:27:29',1,0,NULL,NULL,0,0,NULL,NULL,0,NULL,NULL,'','2023-12-14 07:30:31');

/*Table structure for table `sales_order_item` */

DROP TABLE IF EXISTS `sales_order_item`;

CREATE TABLE `sales_order_item` (
  `sales_order_item_id` bigint NOT NULL AUTO_INCREMENT,
  `sales_order_id` bigint DEFAULT '0',
  `item_category_id` int DEFAULT NULL,
  `item_type_id` int DEFAULT '0',
  `quantity` decimal(10,2) DEFAULT '0.00',
  `quantity_delivered` decimal(10,2) DEFAULT '0.00',
  `quantity_shipped` decimal(10,2) DEFAULT '0.00',
  `quantity_planned` decimal(10,2) DEFAULT '0.00',
  `quantity_outstanding` decimal(10,2) DEFAULT '0.00',
  `quantity_received` decimal(10,2) DEFAULT '0.00',
  `quantity_ordered` decimal(10,2) DEFAULT '0.00',
  `quantity_cavity` decimal(10,2) DEFAULT '0.00',
  `quantity_minimum` decimal(10,2) DEFAULT '0.00',
  `quantity_resulted` decimal(10,2) DEFAULT '0.00',
  `sales_order_item_status` int DEFAULT '0',
  `item_substance_price` decimal(10,2) DEFAULT '0.00',
  `item_unit_id` int DEFAULT NULL,
  `item_unit_price` decimal(10,2) DEFAULT '0.00',
  `item_unit_price_adds` decimal(10,2) DEFAULT '0.00',
  `purchase_requisition_status` int DEFAULT '0',
  `purchase_order_status` int DEFAULT '0',
  `work_order_status` int DEFAULT '0',
  `sales_delivery_order_status` int NOT NULL DEFAULT '0',
  `sales_delivery_note_status` int DEFAULT '0',
  `sales_invoice_status` int DEFAULT '0',
  `quantity_minimum_status` int DEFAULT '0',
  `subtotal_amount` decimal(20,2) DEFAULT '0.00',
  `subtotal_additional_amount` decimal(20,2) DEFAULT '0.00',
  `subtotal_item_amount` decimal(20,2) DEFAULT '0.00',
  `sales_order_no` varchar(50) DEFAULT '',
  `sales_order_status` int DEFAULT '0',
  `discount_percentage_item` decimal(10,2) DEFAULT '0.00',
  `discount_percentage_item_b` decimal(10,2) DEFAULT NULL,
  `discount_amount_item` decimal(10,2) DEFAULT '0.00',
  `discount_amount_item_b` decimal(10,2) DEFAULT NULL,
  `subtotal_after_discount_item_a` decimal(10,2) DEFAULT '0.00',
  `subtotal_after_discount_item_b` decimal(10,2) DEFAULT NULL,
  `total_price_after_ppn_amount` decimal(20,2) NOT NULL,
  `ppn_amount_item` decimal(20,2) NOT NULL,
  `record_id` bigint DEFAULT '0',
  `data_state` int DEFAULT '0',
  `created_id` int DEFAULT '0',
  `created_at` datetime DEFAULT NULL,
  `updated_at` timestamp NOT NULL DEFAULT CURRENT_TIMESTAMP,
  PRIMARY KEY (`sales_order_item_id`),
  KEY `sales_order_item_id` (`sales_order_item_id`)
) ENGINE=InnoDB AUTO_INCREMENT=12 DEFAULT CHARSET=utf8mb3 ROW_FORMAT=COMPACT;

/*Data for the table `sales_order_item` */

insert  into `sales_order_item`(`sales_order_item_id`,`sales_order_id`,`item_category_id`,`item_type_id`,`quantity`,`quantity_delivered`,`quantity_shipped`,`quantity_planned`,`quantity_outstanding`,`quantity_received`,`quantity_ordered`,`quantity_cavity`,`quantity_minimum`,`quantity_resulted`,`sales_order_item_status`,`item_substance_price`,`item_unit_id`,`item_unit_price`,`item_unit_price_adds`,`purchase_requisition_status`,`purchase_order_status`,`work_order_status`,`sales_delivery_order_status`,`sales_delivery_note_status`,`sales_invoice_status`,`quantity_minimum_status`,`subtotal_amount`,`subtotal_additional_amount`,`subtotal_item_amount`,`sales_order_no`,`sales_order_status`,`discount_percentage_item`,`discount_percentage_item_b`,`discount_amount_item`,`discount_amount_item_b`,`subtotal_after_discount_item_a`,`subtotal_after_discount_item_b`,`total_price_after_ppn_amount`,`ppn_amount_item`,`record_id`,`data_state`,`created_id`,`created_at`,`updated_at`) values 
(6,6,1,1,100.00,100.00,0.00,0.00,0.00,0.00,0.00,0.00,0.00,100.00,0,0.00,1,2000.00,0.00,0,0,0,1,0,0,0,200000.00,0.00,0.00,'',0,0.00,0.50,0.00,1000.00,200000.00,199000.00,220890.00,21890.00,0,0,0,'2023-12-13 03:30:36','2023-12-13 03:35:42'),
(7,6,1,2,200.00,200.00,0.00,0.00,0.00,0.00,0.00,0.00,0.00,200.00,0,0.00,6,3000.00,0.00,0,0,0,1,0,0,0,600000.00,0.00,0.00,'',0,0.00,0.50,0.00,3000.00,600000.00,597000.00,662670.00,65670.00,0,0,0,'2023-12-13 03:30:36','2023-12-13 03:35:42'),
(8,7,2,24,50.00,50.00,0.00,0.00,0.00,0.00,0.00,0.00,0.00,50.00,0,0.00,5,1500.00,0.00,0,0,0,1,0,0,0,75000.00,0.00,0.00,'',0,0.00,0.50,0.00,375.00,75000.00,74625.00,82833.75,8208.75,0,0,0,'2023-12-13 08:31:19','2023-12-13 08:57:48'),
(9,7,2,26,100.00,100.00,0.00,0.00,0.00,0.00,0.00,0.00,0.00,100.00,0,0.00,5,1500.00,0.00,0,0,0,1,0,0,0,150000.00,0.00,0.00,'',0,0.00,0.50,0.00,750.00,150000.00,149250.00,165667.50,16417.50,0,0,0,'2023-12-13 08:31:19','2023-12-13 08:57:48'),
(10,8,1,1,5.00,5.00,0.00,0.00,0.00,0.00,0.00,0.00,0.00,5.00,0,0.00,1,1500.00,0.00,0,0,0,1,0,0,0,7500.00,0.00,0.00,'',0,0.00,0.50,0.00,37.50,7500.00,7462.50,8283.38,820.88,0,0,0,'2023-12-14 07:27:29','2023-12-14 07:29:07'),
(11,8,1,2,5.00,5.00,0.00,0.00,0.00,0.00,0.00,0.00,0.00,5.00,0,0.00,6,2000.00,0.00,0,0,0,1,0,0,0,10000.00,0.00,0.00,'',0,0.00,0.50,0.00,50.00,10000.00,9950.00,11044.50,1094.50,0,0,0,'2023-12-14 07:27:29','2023-12-14 07:29:07');

/*Table structure for table `sales_order_return` */

DROP TABLE IF EXISTS `sales_order_return`;

CREATE TABLE `sales_order_return` (
  `sales_order_return_id` bigint NOT NULL AUTO_INCREMENT,
  `sales_delivery_note_id` int DEFAULT NULL,
  `sales_delivery_order_id` int DEFAULT NULL,
  `sales_order_id` int DEFAULT NULL,
  `sales_invoice_id` int DEFAULT NULL,
  `warehouse_id` bigint DEFAULT NULL,
  `customer_id` int DEFAULT NULL,
  `sales_order_return_no` varchar(200) CHARACTER SET utf8mb4 COLLATE utf8mb4_general_ci DEFAULT NULL,
  `no_retur_barang` varchar(255) CHARACTER SET utf8mb4 COLLATE utf8mb4_general_ci DEFAULT NULL,
  `nota_retur_pajak` varchar(255) CHARACTER SET utf8mb4 COLLATE utf8mb4_general_ci DEFAULT NULL,
  `barang_kembali` int DEFAULT '0',
  `sales_order_return_date` date DEFAULT NULL,
  `sales_order_return_remark` text CHARACTER SET utf8mb4 COLLATE utf8mb4_general_ci,
  `data_state` int DEFAULT '0',
  `created_id` int DEFAULT NULL,
  `created_at` timestamp NOT NULL DEFAULT CURRENT_TIMESTAMP,
  `updated_at` timestamp NOT NULL DEFAULT CURRENT_TIMESTAMP,
  PRIMARY KEY (`sales_order_return_id`)
) ENGINE=InnoDB AUTO_INCREMENT=116 DEFAULT CHARSET=utf8mb3;

/*Data for the table `sales_order_return` */

/*Table structure for table `sales_order_return_item` */

DROP TABLE IF EXISTS `sales_order_return_item`;

CREATE TABLE `sales_order_return_item` (
  `sales_order_return_item_id` bigint NOT NULL AUTO_INCREMENT,
  `sales_order_return_id` bigint DEFAULT NULL,
  `sales_delivery_note_id` int DEFAULT NULL,
  `sales_delivery_note_item_id` int DEFAULT NULL,
  `sales_order_id` int DEFAULT NULL,
  `sales_invoice_id` int DEFAULT NULL,
  `sales_order_item_id` int DEFAULT NULL,
  `warehouse_id` int DEFAULT NULL,
  `supplier_id` int DEFAULT NULL,
  `item_category_id` int DEFAULT NULL,
  `item_id` int DEFAULT NULL,
  `item_stock_id` int DEFAULT NULL,
  `item_type_id` int DEFAULT NULL,
  `item_unit_id` int DEFAULT NULL,
  `quantity` decimal(10,0) DEFAULT NULL,
  `quantity_return` decimal(10,0) DEFAULT NULL,
  `item_unit_price` decimal(10,0) DEFAULT NULL,
  `subtotal_price` decimal(10,0) DEFAULT NULL,
  `data_state` int DEFAULT '0',
  `created_id` int DEFAULT NULL,
  `created_at` timestamp NOT NULL DEFAULT CURRENT_TIMESTAMP,
  `updated_at` timestamp NOT NULL DEFAULT CURRENT_TIMESTAMP,
  PRIMARY KEY (`sales_order_return_item_id`)
) ENGINE=InnoDB AUTO_INCREMENT=89 DEFAULT CHARSET=utf8mb4 COLLATE=utf8mb4_general_ci;

/*Data for the table `sales_order_return_item` */

/*Table structure for table `sales_order_type` */

DROP TABLE IF EXISTS `sales_order_type`;

CREATE TABLE `sales_order_type` (
  `sales_order_type_id` bigint NOT NULL AUTO_INCREMENT,
  `sales_order_type_name` varchar(250) DEFAULT NULL,
  `data_state` int DEFAULT '0',
  `created_id` int DEFAULT NULL,
  `created_at` datetime DEFAULT NULL,
  `updated_at` timestamp NOT NULL DEFAULT CURRENT_TIMESTAMP,
  PRIMARY KEY (`sales_order_type_id`),
  KEY `sales_order_type_id` (`sales_order_type_id`)
) ENGINE=InnoDB AUTO_INCREMENT=3 DEFAULT CHARSET=utf8mb3;

/*Data for the table `sales_order_type` */

insert  into `sales_order_type`(`sales_order_type_id`,`sales_order_type_name`,`data_state`,`created_id`,`created_at`,`updated_at`) values 
(1,'Kwitansi',0,NULL,NULL,'2023-06-23 10:52:23'),
(2,'Invoice',0,NULL,NULL,'2023-06-23 10:52:23');

/*Table structure for table `system_log_user` */

DROP TABLE IF EXISTS `system_log_user`;

CREATE TABLE `system_log_user` (
  `user_log_id` bigint NOT NULL AUTO_INCREMENT,
  `user_id` int DEFAULT '0',
  `username` varchar(50) DEFAULT '',
  `id_previllage` int DEFAULT '0',
  `log_stat` enum('0','1') DEFAULT NULL,
  `class_name` varchar(250) DEFAULT '',
  `pk` varchar(20) DEFAULT '',
  `remark` varchar(50) DEFAULT '',
  `log_time` datetime DEFAULT NULL,
  `created_at` datetime DEFAULT NULL,
  `updated_at` timestamp NULL DEFAULT CURRENT_TIMESTAMP,
  PRIMARY KEY (`user_log_id`)
) ENGINE=InnoDB AUTO_INCREMENT=202 DEFAULT CHARSET=latin1;

/*Data for the table `system_log_user` */

insert  into `system_log_user`(`user_log_id`,`user_id`,`username`,`id_previllage`,`log_stat`,`class_name`,`pk`,`remark`,`log_time`,`created_at`,`updated_at`) values 
(1,0,'administrator',2141,'1','SalesInvoice.printSalesInvoice','administrator','Print Sales Invoice','2022-02-08 12:56:56','2022-02-08 12:56:56','2023-06-23 10:52:23'),
(2,0,'administrator',2141,'1','SalesInvoice.printSalesInvoice','administrator','Print Sales Invoice','2022-02-08 13:41:13','2022-02-08 13:41:13','2023-06-23 10:52:23'),
(3,0,'administrator',2141,'1','SalesInvoice.printSalesInvoice','administrator','Print Sales Invoice','2022-12-24 12:00:23','2022-12-24 12:00:23','2023-06-23 10:52:23'),
(4,0,'administrator',1089,'1','Application.cashAcctReceipt.cashAcctReceiptinsertprocess','administrator','Add Cash Receipt','2023-02-10 15:08:35','2023-02-10 15:08:35','2023-06-23 10:52:23'),
(5,0,'administrator',1089,'1','Application.cashAcctDisbursement.cashAcctDisbursementinsertprocess','administrator','Add Cash Disbursement','2023-02-10 15:09:37','2023-02-10 15:09:37','2023-06-23 10:52:23'),
(6,0,'administrator',1089,'1','Application.cashAcctReceipt.cashAcctReceiptinsertprocess','administrator','Add Cash Receipt','2023-02-13 10:01:27','2023-02-13 10:01:27','2023-06-23 10:52:23'),
(7,0,'administrator',1089,'1','Application.cashAcctReceipt.cashAcctReceiptinsertprocess','administrator','Add Cash Receipt','2023-05-11 15:18:31','2023-05-11 15:18:31','2023-06-23 10:52:23'),
(8,0,'administrator',1089,'1','Application.cashAcctReceipt.cashAcctReceiptinsertprocess','administrator','Add Cash Receipt','2023-05-11 15:18:31','2023-05-11 15:18:31','2023-06-23 10:52:23'),
(9,0,'administrator',1089,'1','Application.cashAcctReceipt.cashAcctReceiptinsertprocess','administrator','Add Cash Receipt','2023-05-11 16:02:45','2023-05-11 16:02:45','2023-06-23 10:52:23'),
(10,0,'administrator',1089,'1','Application.cashAcctReceipt.cashAcctReceiptinsertprocess','administrator','Add Cash Receipt','2023-05-11 16:09:04','2023-05-11 16:09:04','2023-06-23 10:52:23'),
(11,0,'administrator',1089,'1','Application.cashAcctReceipt.cashAcctReceiptinsertprocess','administrator','Add Cash Receipt','2023-05-11 16:20:53','2023-05-11 16:20:53','2023-06-23 10:52:23'),
(12,0,'administrator',1089,'1','Application.cashAcctReceipt.cashAcctReceiptinsertprocess','administrator','Add Cash Receipt','2023-05-11 16:24:03','2023-05-11 16:24:03','2023-06-23 10:52:23'),
(13,0,'administrator',1089,'1','Application.cashAcctReceipt.cashAcctReceiptinsertprocess','administrator','Add Cash Receipt','2023-05-11 16:26:37','2023-05-11 16:26:37','2023-06-23 10:52:23'),
(14,0,'administrator',1089,'1','Application.cashAcctReceipt.cashAcctReceiptinsertprocess','administrator','Add Cash Receipt','2023-05-11 16:34:13','2023-05-11 16:34:13','2023-06-23 10:52:23'),
(15,0,'administrator',1089,'1','Application.cashAcctReceipt.cashAcctReceiptinsertprocess','administrator','Add Cash Receipt','2023-05-11 16:41:29','2023-05-11 16:41:29','2023-06-23 10:52:23'),
(16,0,'administrator',1089,'1','Application.cashAcctReceipt.cashAcctReceiptinsertprocess','administrator','Add Cash Receipt','2023-05-11 22:49:59','2023-05-11 22:49:59','2023-06-23 10:52:23'),
(17,0,'administrator',1089,'1','Application.cashAcctReceipt.cashAcctReceiptinsertprocess','administrator','Add Cash Receipt','2023-05-11 22:52:46','2023-05-11 22:52:46','2023-06-23 10:52:23'),
(18,0,'administrator',1089,'1','Application.cashAcctReceipt.cashAcctReceiptinsertprocess','administrator','Add Cash Receipt','2023-05-11 23:08:21','2023-05-11 23:08:21','2023-06-23 10:52:23'),
(19,0,'administrator',1089,'1','Application.cashAcctReceipt.cashAcctReceiptinsertprocess','administrator','Add Cash Receipt','2023-05-12 00:06:13','2023-05-12 00:06:13','2023-06-23 10:52:23'),
(20,0,'administrator',1089,'1','Application.cashAcctReceipt.cashAcctReceiptinsertprocess','administrator','Add Cash Receipt','2023-05-12 00:10:18','2023-05-12 00:10:18','2023-06-23 10:52:23'),
(21,0,'administrator',1089,'1','Application.cashAcctReceipt.cashAcctReceiptinsertprocess','administrator','Add Cash Receipt','2023-05-12 00:14:44','2023-05-12 00:14:44','2023-06-23 10:52:23'),
(22,0,'administrator',1089,'1','Application.cashAcctReceipt.cashAcctReceiptinsertprocess','administrator','Add Cash Receipt','2023-05-12 17:43:25','2023-05-12 17:43:25','2023-06-23 10:52:23'),
(23,0,'administrator',1089,'1','Application.cashAcctReceipt.cashAcctReceiptinsertprocess','administrator','Add Cash Receipt','2023-05-12 22:00:24','2023-05-12 22:00:24','2023-06-23 10:52:23'),
(24,0,'administrator',1089,'1','Application.cashAcctDisbursement.cashAcctDisbursementinsertprocess','administrator','Add Cash Disbursement','2023-05-12 23:11:39','2023-05-12 23:11:39','2023-06-23 10:52:23'),
(25,0,'administrator',1089,'1','Application.cashAcctDisbursement.cashAcctDisbursementinsertprocess','administrator','Add Cash Disbursement','2023-05-12 23:11:39','2023-05-12 23:11:39','2023-06-23 10:52:23'),
(26,0,'administrator',1089,'1','Application.cashAcctDisbursement.cashAcctDisbursementinsertprocess','administrator','Add Cash Disbursement','2023-05-12 23:12:17','2023-05-12 23:12:17','2023-06-23 10:52:23'),
(27,0,'administrator',1089,'1','Application.cashAcctDisbursement.cashAcctDisbursementinsertprocess','administrator','Add Cash Disbursement','2023-05-12 23:12:17','2023-05-12 23:12:17','2023-06-23 10:52:23'),
(28,0,'administrator',1089,'1','Application.cashAcctDisbursement.cashAcctDisbursementinsertprocess','administrator','Add Cash Disbursement','2023-05-12 23:33:28','2023-05-12 23:33:28','2023-06-23 10:52:23'),
(29,0,'administrator',1089,'1','Application.cashAcctDisbursement.cashAcctDisbursementinsertprocess','administrator','Add Cash Disbursement','2023-05-12 23:35:04','2023-05-12 23:35:04','2023-06-23 10:52:23'),
(30,0,'administrator',1089,'1','Application.cashAcctDisbursement.cashAcctDisbursementinsertprocess','administrator','Add Cash Disbursement','2023-05-12 23:36:24','2023-05-12 23:36:24','2023-06-23 10:52:23'),
(31,0,'administrator',1089,'1','Application.cashAcctDisbursement.cashAcctDisbursementinsertprocess','administrator','Add Cash Disbursement','2023-05-13 00:16:37','2023-05-13 00:16:37','2023-06-23 10:52:23'),
(32,0,'administrator',1089,'1','Application.cashAcctDisbursement.cashAcctDisbursementinsertprocess','administrator','Add Cash Disbursement','2023-05-13 00:18:54','2023-05-13 00:18:54','2023-06-23 10:52:23'),
(33,0,'administrator',1089,'1','Application.cashAcctDisbursement.cashAcctDisbursementinsertprocess','administrator','Add Cash Disbursement','2023-05-13 00:21:15','2023-05-13 00:21:15','2023-06-23 10:52:23'),
(34,0,'administrator',1089,'1','Application.cashAcctDisbursement.cashAcctDisbursementinsertprocess','administrator','Add Cash Disbursement','2023-05-13 00:21:51','2023-05-13 00:21:51','2023-06-23 10:52:23'),
(35,0,'administrator',1089,'1','Application.cashAcctDisbursement.cashAcctDisbursementinsertprocess','administrator','Add Cash Disbursement','2023-05-13 00:23:10','2023-05-13 00:23:10','2023-06-23 10:52:23'),
(36,0,'administrator',1089,'1','Application.cashAcctDisbursement.cashAcctDisbursementinsertprocess','administrator','Add Cash Disbursement','2023-05-13 00:55:05','2023-05-13 00:55:05','2023-06-23 10:52:23'),
(37,0,'administrator',1089,'1','Application.cashAcctDisbursement.cashAcctDisbursementinsertprocess','administrator','Add Cash Disbursement','2023-05-13 00:55:05','2023-05-13 00:55:05','2023-06-23 10:52:23'),
(38,0,'administrator',1089,'1','Application.cashAcctDisbursement.cashAcctDisbursementinsertprocess','administrator','Add Cash Disbursement','2023-05-13 01:03:37','2023-05-13 01:03:37','2023-06-23 10:52:23'),
(39,0,'administrator',1089,'1','Application.cashAcctReceipt.cashAcctReceiptinsertprocess','administrator','Add Cash Receipt','2023-05-13 13:15:08','2023-05-13 13:15:08','2023-06-23 10:52:23'),
(40,0,'administrator',1089,'1','Application.cashAcctReceipt.cashAcctReceiptinsertprocess','administrator','Add Cash Receipt','2023-05-13 13:15:08','2023-05-13 13:15:08','2023-06-23 10:52:23'),
(41,0,'administrator',1089,'1','Application.cashAcctReceipt.cashAcctReceiptinsertprocess','administrator','Add Cash Receipt','2023-05-13 13:15:08','2023-05-13 13:15:08','2023-06-23 10:52:23'),
(42,0,'administrator',1089,'1','Application.cashAcctReceipt.cashAcctReceiptinsertprocess','administrator','Add Cash Receipt','2023-05-13 13:15:08','2023-05-13 13:15:08','2023-06-23 10:52:23'),
(43,0,'administrator',1089,'1','Application.cashAcctReceipt.cashAcctReceiptinsertprocess','administrator','Add Cash Receipt','2023-05-13 13:15:08','2023-05-13 13:15:08','2023-06-23 10:52:23'),
(44,0,'administrator',1089,'1','Application.cashAcctReceipt.cashAcctReceiptinsertprocess','administrator','Add Cash Receipt','2023-05-13 13:17:25','2023-05-13 13:17:25','2023-06-23 10:52:23'),
(45,0,'administrator',1089,'1','Application.cashAcctReceipt.cashAcctReceiptinsertprocess','administrator','Add Cash Receipt','2023-05-13 13:19:07','2023-05-13 13:19:07','2023-06-23 10:52:23'),
(46,0,'administrator',1089,'1','Application.cashAcctReceipt.cashAcctReceiptinsertprocess','administrator','Add Cash Receipt','2023-05-13 13:21:11','2023-05-13 13:21:11','2023-06-23 10:52:23'),
(47,0,'administrator',1089,'1','Application.cashAcctReceipt.cashAcctReceiptinsertprocess','administrator','Add Cash Receipt','2023-05-13 13:23:28','2023-05-13 13:23:28','2023-06-23 10:52:23'),
(48,0,'administrator',1089,'1','Application.cashAcctReceipt.cashAcctReceiptinsertprocess','administrator','Add Cash Receipt','2023-05-13 13:25:17','2023-05-13 13:25:17','2023-06-23 10:52:23'),
(49,0,'administrator',1089,'1','Application.cashAcctReceipt.cashAcctReceiptinsertprocess','administrator','Add Cash Receipt','2023-05-13 13:28:35','2023-05-13 13:28:35','2023-06-23 10:52:23'),
(50,0,'administrator',1089,'1','Application.cashAcctDisbursement.cashAcctDisbursementinsertprocess','administrator','Add Cash Disbursement','2023-05-14 19:19:26','2023-05-14 19:19:26','2023-06-23 10:52:23'),
(51,0,'administrator',1089,'1','Application.cashAcctDisbursement.cashAcctDisbursementinsertprocess','administrator','Add Cash Disbursement','2023-05-14 19:19:30','2023-05-14 19:19:30','2023-06-23 10:52:23'),
(52,0,'administrator',1089,'1','Application.cashAcctDisbursement.cashAcctDisbursementinsertprocess','administrator','Add Cash Disbursement','2023-05-14 19:24:44','2023-05-14 19:24:44','2023-06-23 10:52:23'),
(53,0,'administrator',1089,'1','Application.cashAcctDisbursement.cashAcctDisbursementinsertprocess','administrator','Add Cash Disbursement','2023-05-14 19:24:44','2023-05-14 19:24:44','2023-06-23 10:52:23'),
(54,0,'administrator',1089,'1','Application.cashAcctDisbursement.cashAcctDisbursementinsertprocess','administrator','Add Cash Disbursement','2023-05-14 19:36:25','2023-05-14 19:36:25','2023-06-23 10:52:23'),
(55,0,'administrator',1089,'1','Application.cashAcctDisbursement.cashAcctDisbursementinsertprocess','administrator','Add Cash Disbursement','2023-05-14 19:36:25','2023-05-14 19:36:25','2023-06-23 10:52:23'),
(56,0,'administrator',1089,'1','Application.cashAcctDisbursement.cashAcctDisbursementinsertprocess','administrator','Add Cash Disbursement','2023-05-14 19:36:25','2023-05-14 19:36:25','2023-06-23 10:52:23'),
(57,0,'administrator',1089,'1','Application.cashAcctReceipt.cashAcctReceiptinsertprocess','administrator','Add Cash Receipt','2023-06-15 21:22:21','2023-06-15 21:22:21','2023-06-23 10:52:23'),
(58,0,'administrator',1089,'1','Application.cashAcctDisbursement.cashAcctDisbursementinsertprocess','administrator','Add Cash Disbursement','2023-06-15 22:03:25','2023-06-15 22:03:25','2023-06-23 10:52:23'),
(59,0,'administrator',1089,'1','Application.cashAcctDisbursement.cashAcctDisbursementinsertprocess','administrator','Add Cash Disbursement','2023-06-15 22:08:11','2023-06-15 22:08:11','2023-06-23 10:52:23'),
(60,0,'administrator',1089,'1','Application.cashAcctDisbursement.cashAcctDisbursementinsertprocess','administrator','Add Cash Disbursement','2023-06-15 22:09:30','2023-06-15 22:09:30','2023-06-23 10:52:23'),
(61,0,'administrator',1089,'1','Application.cashAcctDisbursement.cashAcctDisbursementinsertprocess','administrator','Add Cash Disbursement','2023-06-15 22:11:01','2023-06-15 22:11:01','2023-06-23 10:52:23'),
(62,0,'administrator',1089,'1','Application.cashAcctDisbursement.cashAcctDisbursementinsertprocess','administrator','Add Cash Disbursement','2023-06-15 22:14:09','2023-06-15 22:14:09','2023-06-23 10:52:23'),
(63,0,'administrator',1089,'1','Application.cashAcctDisbursement.cashAcctDisbursementinsertprocess','administrator','Add Cash Disbursement','2023-06-15 22:17:32','2023-06-15 22:17:32','2023-06-23 10:52:23'),
(64,0,'administrator',1089,'1','Application.cashAcctDisbursement.cashAcctDisbursementinsertprocess','administrator','Add Cash Disbursement','2023-06-15 22:18:26','2023-06-15 22:18:26','2023-06-23 10:52:23'),
(65,0,'administrator',1089,'1','Application.cashAcctDisbursement.cashAcctDisbursementinsertprocess','administrator','Add Cash Disbursement','2023-06-15 22:21:06','2023-06-15 22:21:06','2023-06-23 10:52:23'),
(66,0,'administrator',1089,'1','Application.cashAcctDisbursement.cashAcctDisbursementinsertprocess','administrator','Add Cash Disbursement','2023-06-15 22:22:50','2023-06-15 22:22:50','2023-06-23 10:52:23'),
(67,0,'administrator',1089,'1','Application.cashAcctReceipt.cashAcctReceiptinsertprocess','administrator','Add Cash Receipt','2023-06-15 22:42:57','2023-06-15 22:42:57','2023-06-23 10:52:23'),
(68,0,'administrator',1089,'1','Application.cashAcctDisbursement.cashAcctDisbursementinsertprocess','administrator','Add Cash Disbursement','2023-06-15 22:45:14','2023-06-15 22:45:14','2023-06-23 10:52:23'),
(69,0,'administrator',1089,'1','Application.cashAcctDisbursement.cashAcctDisbursementinsertprocess','administrator','Add Cash Disbursement','2023-06-15 22:53:56','2023-06-15 22:53:57','2023-06-23 10:52:23'),
(70,0,'administrator',1089,'1','Application.cashAcctReceipt.cashAcctReceiptinsertprocess','administrator','Add Cash Receipt','2023-06-15 23:12:40','2023-06-15 23:12:40','2023-06-23 10:52:23'),
(71,0,'administrator',1089,'1','Application.cashAcctReceipt.cashAcctReceiptinsertprocess','administrator','Add Cash Receipt','2023-06-15 23:15:50','2023-06-15 23:15:50','2023-06-23 10:52:23'),
(72,0,'PBF',2141,'1','SalesInvoice.printSalesInvoice','PBF','Print Sales Invoice','2023-07-05 14:25:14','2023-07-05 14:25:14','2023-07-05 14:25:14'),
(73,0,'PBF',2141,'1','SalesInvoice.printSalesInvoice','PBF','Print Sales Invoice','2023-07-05 14:27:14','2023-07-05 14:27:14','2023-07-05 14:27:14'),
(74,0,'administrator',2141,'1','SalesInvoice.printSalesInvoice','administrator','Print Sales Invoice','2023-07-13 11:43:40','2023-07-13 11:43:40','2023-07-13 11:43:40'),
(75,0,'administrator',1089,'1','Application.cashAcctReceipt.cashAcctReceiptinsertprocess','administrator','Add Cash Receipt','2023-07-24 13:54:13','2023-07-24 13:54:13','2023-07-24 13:54:13'),
(76,0,'administrator',1089,'1','Application.cashAcctReceipt.cashAcctReceiptinsertprocess','administrator','Add Cash Receipt','2023-07-24 14:10:19','2023-07-24 14:10:19','2023-07-24 14:10:19'),
(77,0,'administrator',1089,'1','Application.cashAcctDisbursement.cashAcctDisbursementinsertprocess','administrator','Add Cash Disbursement','2023-07-24 14:16:59','2023-07-24 14:16:59','2023-07-24 14:16:59'),
(78,0,'administrator',1089,'1','Application.cashAcctReceipt.cashAcctReceiptinsertprocess','administrator','Add Cash Receipt','2023-07-24 14:17:25','2023-07-24 14:17:25','2023-07-24 14:17:25'),
(79,0,'administrator',1089,'1','Application.cashAcctDisbursement.cashAcctDisbursementinsertprocess','administrator','Add Cash Disbursement','2023-07-24 14:17:49','2023-07-24 14:17:49','2023-07-24 14:17:49'),
(80,0,'administrator',2141,'1','SalesInvoice.printSalesInvoice','administrator','Print Sales Invoice','2023-08-01 15:14:07','2023-08-01 15:14:07','2023-08-01 15:14:07'),
(81,0,'administrator',2141,'1','SalesInvoice.printSalesInvoice','administrator','Print Sales Invoice','2023-08-01 15:25:50','2023-08-01 15:25:50','2023-08-01 15:25:50'),
(82,0,'administrator',2141,'1','SalesInvoice.printSalesInvoice','administrator','Print Sales Invoice','2023-08-01 15:28:41','2023-08-01 15:28:41','2023-08-01 15:28:41'),
(83,0,'administrator',2141,'1','SalesInvoice.printSalesInvoice','administrator','Print Sales Invoice','2023-08-01 15:30:36','2023-08-01 15:30:36','2023-08-01 15:30:36'),
(84,0,'administrator',2141,'1','SalesInvoice.printSalesInvoice','administrator','Print Sales Invoice','2023-08-01 15:30:48','2023-08-01 15:30:48','2023-08-01 15:30:48'),
(85,0,'administrator',2141,'1','SalesInvoice.printSalesInvoice','administrator','Print Sales Invoice','2023-08-01 15:42:46','2023-08-01 15:42:46','2023-08-01 15:42:46'),
(86,0,'administrator',2141,'1','SalesInvoice.printSalesInvoice','administrator','Print Sales Invoice','2023-08-01 15:51:07','2023-08-01 15:51:07','2023-08-01 15:51:07'),
(87,0,'administrator',2141,'1','SalesInvoice.printSalesInvoice','administrator','Print Sales Invoice','2023-08-01 15:52:15','2023-08-01 15:52:15','2023-08-01 15:52:15'),
(88,0,'administrator',2141,'1','SalesInvoice.printSalesInvoice','administrator','Print Sales Invoice','2023-08-01 15:53:06','2023-08-01 15:53:06','2023-08-01 15:53:06'),
(89,0,'administrator',2141,'1','SalesInvoice.printSalesInvoice','administrator','Print Sales Invoice','2023-08-01 15:53:10','2023-08-01 15:53:10','2023-08-01 15:53:10'),
(90,0,'administrator',2141,'1','SalesInvoice.printSalesInvoice','administrator','Print Sales Invoice','2023-08-01 15:54:05','2023-08-01 15:54:05','2023-08-01 15:54:05'),
(91,0,'administrator',2141,'1','SalesInvoice.printSalesInvoice','administrator','Print Sales Invoice','2023-08-01 15:54:23','2023-08-01 15:54:23','2023-08-01 15:54:23'),
(92,0,'administrator',2141,'1','SalesInvoice.printSalesInvoice','administrator','Print Sales Invoice','2023-08-01 15:55:07','2023-08-01 15:55:07','2023-08-01 15:55:07'),
(93,0,'administrator',2141,'1','SalesInvoice.printSalesInvoice','administrator','Print Sales Invoice','2023-08-01 15:55:45','2023-08-01 15:55:45','2023-08-01 15:55:45'),
(94,0,'administrator',2141,'1','SalesInvoice.printSalesInvoice','administrator','Print Sales Invoice','2023-08-01 15:56:10','2023-08-01 15:56:10','2023-08-01 15:56:10'),
(95,0,'administrator',2141,'1','SalesInvoice.printSalesInvoice','administrator','Print Sales Invoice','2023-08-01 15:56:28','2023-08-01 15:56:28','2023-08-01 15:56:28'),
(96,0,'administrator',2141,'1','SalesInvoice.printSalesInvoice','administrator','Print Sales Invoice','2023-08-01 15:56:37','2023-08-01 15:56:37','2023-08-01 15:56:37'),
(97,0,'administrator',2141,'1','SalesInvoice.printSalesInvoice','administrator','Print Sales Invoice','2023-08-01 15:57:37','2023-08-01 15:57:37','2023-08-01 15:57:37'),
(98,0,'administrator',2141,'1','SalesInvoice.printSalesInvoice','administrator','Print Sales Invoice','2023-08-01 15:57:53','2023-08-01 15:57:53','2023-08-01 15:57:53'),
(99,0,'administrator',2141,'1','SalesInvoice.printSalesInvoice','administrator','Print Sales Invoice','2023-08-01 15:58:10','2023-08-01 15:58:10','2023-08-01 15:58:10'),
(100,0,'administrator',2141,'1','SalesInvoice.printSalesInvoice','administrator','Print Sales Invoice','2023-08-01 15:58:30','2023-08-01 15:58:30','2023-08-01 15:58:30'),
(101,0,'PBF',2141,'1','SalesInvoice.printSalesInvoice','PBF','Print Sales Invoice','2023-08-11 12:57:39','2023-08-11 12:57:39','2023-08-11 12:57:39'),
(102,0,'PBF',2141,'1','SalesInvoice.printSalesInvoice','PBF','Print Sales Invoice','2023-08-11 13:20:18','2023-08-11 13:20:18','2023-08-11 13:20:18'),
(103,0,'administrator',2141,'1','SalesInvoice.printSalesInvoice','administrator','Print Sales Invoice','2023-08-11 13:27:00','2023-08-11 13:27:00','2023-08-11 13:27:00'),
(104,0,'PBF',2141,'1','SalesInvoice.printSalesInvoice','PBF','Print Sales Invoice','2023-08-11 13:41:27','2023-08-11 13:41:27','2023-08-11 13:41:27'),
(105,0,'administrator',2141,'1','SalesInvoice.printSalesInvoice','administrator','Print Sales Invoice','2023-08-15 11:13:23','2023-08-15 11:13:23','2023-08-15 11:13:23'),
(106,0,'administrator',2141,'1','SalesInvoice.printSalesInvoice','administrator','Print Sales Invoice','2023-08-15 11:15:26','2023-08-15 11:15:26','2023-08-15 11:15:26'),
(107,0,'administrator',2141,'1','SalesInvoice.printSalesInvoice','administrator','Print Sales Invoice','2023-08-15 11:16:02','2023-08-15 11:16:02','2023-08-15 11:16:02'),
(108,0,'administrator',2141,'1','SalesInvoice.printSalesInvoice','administrator','Print Sales Invoice','2023-08-15 11:16:25','2023-08-15 11:16:25','2023-08-15 11:16:25'),
(109,0,'administrator',2141,'1','SalesInvoice.printSalesInvoice','administrator','Print Sales Invoice','2023-08-15 11:26:22','2023-08-15 11:26:22','2023-08-15 11:26:22'),
(110,0,'administrator',2141,'1','SalesInvoice.printSalesInvoice','administrator','Print Sales Invoice','2023-08-15 11:27:12','2023-08-15 11:27:12','2023-08-15 11:27:12'),
(111,0,'administrator',2141,'1','SalesInvoice.printSalesInvoice','administrator','Print Sales Invoice','2023-08-15 11:27:43','2023-08-15 11:27:43','2023-08-15 11:27:43'),
(112,0,'administrator',2141,'1','SalesInvoice.printSalesInvoice','administrator','Print Sales Invoice','2023-08-15 11:32:26','2023-08-15 11:32:26','2023-08-15 11:32:26'),
(113,0,'administrator',2141,'1','SalesInvoice.printSalesInvoice','administrator','Print Sales Invoice','2023-08-15 11:42:11','2023-08-15 11:42:11','2023-08-15 11:42:11'),
(114,0,'administrator',2141,'1','SalesInvoice.printSalesInvoice','administrator','Print Sales Invoice','2023-08-16 09:49:26','2023-08-16 09:49:26','2023-08-16 09:49:26'),
(115,0,'administrator',2141,'1','SalesInvoice.printSalesInvoice','administrator','Print Sales Invoice','2023-08-16 10:11:22','2023-08-16 10:11:22','2023-08-16 10:11:22'),
(116,0,'administrator',2141,'1','SalesInvoice.printSalesInvoice','administrator','Print Sales Invoice','2023-08-16 10:11:57','2023-08-16 10:11:57','2023-08-16 10:11:57'),
(117,0,'administrator',2141,'1','SalesInvoice.printSalesInvoice','administrator','Print Sales Invoice','2023-08-16 10:12:14','2023-08-16 10:12:14','2023-08-16 10:12:14'),
(118,0,'administrator',2141,'1','SalesInvoice.printSalesInvoice','administrator','Print Sales Invoice','2023-08-16 10:20:48','2023-08-16 10:20:48','2023-08-16 10:20:48'),
(119,0,'administrator',2141,'1','SalesInvoice.printSalesInvoice','administrator','Print Sales Invoice','2023-08-16 10:21:33','2023-08-16 10:21:33','2023-08-16 10:21:33'),
(120,0,'administrator',2141,'1','SalesInvoice.printSalesInvoice','administrator','Print Sales Invoice','2023-08-16 10:21:52','2023-08-16 10:21:52','2023-08-16 10:21:52'),
(121,0,'administrator',2141,'1','SalesInvoice.printSalesInvoice','administrator','Print Sales Invoice','2023-08-16 10:22:08','2023-08-16 10:22:08','2023-08-16 10:22:08'),
(122,0,'administrator',2141,'1','SalesInvoice.printSalesInvoice','administrator','Print Sales Invoice','2023-08-16 10:22:20','2023-08-16 10:22:20','2023-08-16 10:22:20'),
(123,0,'administrator',2141,'1','SalesInvoice.printSalesInvoice','administrator','Print Sales Invoice','2023-08-16 10:22:27','2023-08-16 10:22:27','2023-08-16 10:22:27'),
(124,0,'administrator',2141,'1','SalesInvoice.printSalesInvoice','administrator','Print Sales Invoice','2023-08-16 10:22:33','2023-08-16 10:22:33','2023-08-16 10:22:33'),
(125,0,'administrator',2141,'1','SalesInvoice.printSalesInvoice','administrator','Print Sales Invoice','2023-08-16 10:22:37','2023-08-16 10:22:37','2023-08-16 10:22:37'),
(126,0,'administrator',2141,'1','SalesInvoice.printSalesInvoice','administrator','Print Sales Invoice','2023-08-16 10:22:54','2023-08-16 10:22:54','2023-08-16 10:22:54'),
(127,0,'administrator',2141,'1','SalesInvoice.printSalesInvoice','administrator','Print Sales Invoice','2023-08-16 10:23:01','2023-08-16 10:23:01','2023-08-16 10:23:01'),
(128,0,'administrator',2141,'1','SalesInvoice.printSalesInvoice','administrator','Print Sales Invoice','2023-08-16 10:23:24','2023-08-16 10:23:24','2023-08-16 10:23:24'),
(129,0,'administrator',2141,'1','SalesInvoice.printSalesInvoice','administrator','Print Sales Invoice','2023-08-16 10:23:40','2023-08-16 10:23:40','2023-08-16 10:23:40'),
(130,0,'administrator',2141,'1','SalesInvoice.printSalesInvoice','administrator','Print Sales Invoice','2023-08-16 10:24:01','2023-08-16 10:24:01','2023-08-16 10:24:01'),
(131,0,'administrator',2141,'1','SalesInvoice.printSalesInvoice','administrator','Print Sales Invoice','2023-08-16 10:24:24','2023-08-16 10:24:24','2023-08-16 10:24:24'),
(132,0,'administrator',2141,'1','SalesInvoice.printSalesInvoice','administrator','Print Sales Invoice','2023-08-16 10:24:50','2023-08-16 10:24:50','2023-08-16 10:24:50'),
(133,0,'administrator',2141,'1','SalesInvoice.printSalesInvoice','administrator','Print Sales Invoice','2023-08-16 10:25:47','2023-08-16 10:25:47','2023-08-16 10:25:47'),
(134,0,'administrator',2141,'1','SalesInvoice.printSalesInvoice','administrator','Print Sales Invoice','2023-08-16 10:26:20','2023-08-16 10:26:20','2023-08-16 10:26:20'),
(135,0,'administrator',2141,'1','SalesInvoice.printSalesInvoice','administrator','Print Sales Invoice','2023-08-16 10:26:46','2023-08-16 10:26:46','2023-08-16 10:26:46'),
(136,0,'administrator',2141,'1','SalesInvoice.printSalesInvoice','administrator','Print Sales Invoice','2023-08-16 10:26:51','2023-08-16 10:26:51','2023-08-16 10:26:51'),
(137,0,'administrator',2141,'1','SalesInvoice.printSalesInvoice','administrator','Print Sales Invoice','2023-08-16 10:27:02','2023-08-16 10:27:02','2023-08-16 10:27:02'),
(138,0,'administrator',2141,'1','SalesInvoice.printSalesInvoice','administrator','Print Sales Invoice','2023-08-16 10:27:07','2023-08-16 10:27:07','2023-08-16 10:27:07'),
(139,0,'administrator',2141,'1','SalesInvoice.printSalesInvoice','administrator','Print Sales Invoice','2023-08-16 10:27:28','2023-08-16 10:27:28','2023-08-16 10:27:28'),
(140,0,'administrator',2141,'1','SalesInvoice.printSalesInvoice','administrator','Print Sales Invoice','2023-08-16 10:27:42','2023-08-16 10:27:42','2023-08-16 10:27:42'),
(141,0,'administrator',2141,'1','SalesInvoice.printSalesInvoice','administrator','Print Sales Invoice','2023-08-16 10:28:07','2023-08-16 10:28:07','2023-08-16 10:28:07'),
(142,0,'PBF',2141,'1','SalesInvoice.printSalesInvoice','PBF','Print Sales Invoice','2023-08-16 10:53:35','2023-08-16 10:53:35','2023-08-16 10:53:35'),
(143,0,'administrator',2141,'1','SalesInvoice.printSalesInvoice','administrator','Print Sales Invoice','2023-08-16 11:13:42','2023-08-16 11:13:42','2023-08-16 11:13:42'),
(144,0,'PBF',2141,'1','SalesInvoice.printSalesInvoice','PBF','Print Sales Invoice','2023-08-23 13:29:36','2023-08-23 13:29:36','2023-08-23 13:29:36'),
(145,0,'PBF',2141,'1','SalesInvoice.printSalesInvoice','PBF','Print Sales Invoice','2023-08-23 13:38:10','2023-08-23 13:38:10','2023-08-23 13:38:10'),
(146,0,'PBF',2141,'1','SalesInvoice.printSalesInvoice','PBF','Print Sales Invoice','2023-08-23 13:38:10','2023-08-23 13:38:10','2023-08-23 13:38:10'),
(147,0,'PBF',2141,'1','SalesInvoice.printSalesInvoice','PBF','Print Sales Invoice','2023-08-23 13:38:10','2023-08-23 13:38:10','2023-08-23 13:38:10'),
(148,0,'PBF',2141,'1','SalesInvoice.printSalesInvoice','PBF','Print Sales Invoice','2023-08-23 14:15:17','2023-08-23 14:15:17','2023-08-23 14:15:17'),
(149,0,'PBF',2141,'1','SalesInvoice.printSalesInvoice','PBF','Print Sales Invoice','2023-08-23 14:17:40','2023-08-23 14:17:40','2023-08-23 14:17:40'),
(150,0,'PBF',2141,'1','SalesInvoice.printSalesInvoice','PBF','Print Sales Invoice','2023-08-23 14:20:11','2023-08-23 14:20:11','2023-08-23 14:20:11'),
(151,0,'PBF',2141,'1','SalesInvoice.printSalesInvoice','PBF','Print Sales Invoice','2023-08-23 14:20:16','2023-08-23 14:20:16','2023-08-23 14:20:16'),
(152,0,'PBF',2141,'1','SalesInvoice.printSalesInvoice','PBF','Print Sales Invoice','2023-08-23 14:21:55','2023-08-23 14:21:55','2023-08-23 14:21:55'),
(153,0,'PBF',2141,'1','SalesInvoice.printSalesInvoice','PBF','Print Sales Invoice','2023-08-23 14:22:53','2023-08-23 14:22:53','2023-08-23 14:22:53'),
(154,0,'PBF',2141,'1','SalesInvoice.printSalesInvoice','PBF','Print Sales Invoice','2023-08-25 12:53:40','2023-08-25 12:53:40','2023-08-25 12:53:40'),
(155,0,'PBF',2141,'1','SalesInvoice.printSalesInvoice','PBF','Print Sales Invoice','2023-08-25 12:53:46','2023-08-25 12:53:46','2023-08-25 12:53:46'),
(156,0,'PBF',2141,'1','SalesInvoice.printSalesInvoice','PBF','Print Sales Invoice','2023-08-29 13:34:46','2023-08-29 13:34:46','2023-08-29 13:34:46'),
(157,0,'PBF',2141,'1','SalesInvoice.printSalesInvoice','PBF','Print Sales Invoice','2023-08-29 13:40:48','2023-08-29 13:40:48','2023-08-29 13:40:48'),
(158,0,'PBF',2141,'1','SalesInvoice.printSalesInvoice','PBF','Print Sales Invoice','2023-08-29 13:48:22','2023-08-29 13:48:22','2023-08-29 13:48:22'),
(159,0,'PBF',2141,'1','SalesInvoice.printSalesInvoice','PBF','Print Sales Invoice','2023-08-29 13:51:50','2023-08-29 13:51:50','2023-08-29 13:51:50'),
(160,0,'PBF',2141,'1','SalesInvoice.printSalesInvoice','PBF','Print Sales Invoice','2023-08-29 13:56:56','2023-08-29 13:56:56','2023-08-29 13:56:56'),
(161,0,'PBF',2141,'1','SalesInvoice.printSalesInvoice','PBF','Print Sales Invoice','2023-08-29 13:59:36','2023-08-29 13:59:36','2023-08-29 13:59:36'),
(162,0,'PBF',2141,'1','SalesInvoice.printSalesInvoice','PBF','Print Sales Invoice','2023-08-29 14:27:10','2023-08-29 14:27:10','2023-08-29 14:27:10'),
(163,0,'PBF',2141,'1','SalesInvoice.printSalesInvoice','PBF','Print Sales Invoice','2023-09-06 13:20:41','2023-09-06 13:20:41','2023-09-06 13:20:41'),
(164,0,'PBF',2141,'1','SalesInvoice.printSalesInvoice','PBF','Print Sales Invoice','2023-09-11 14:41:59','2023-09-11 14:41:59','2023-09-11 14:41:59'),
(165,0,'PBF',2141,'1','SalesInvoice.printSalesInvoice','PBF','Print Sales Invoice','2023-09-11 15:30:56','2023-09-11 15:30:56','2023-09-11 15:30:56'),
(166,0,'PBF',2141,'1','SalesInvoice.printSalesInvoice','PBF','Print Sales Invoice','2023-10-09 10:21:37','2023-10-09 10:21:37','2023-10-09 10:21:37'),
(167,0,'PBF',2141,'1','SalesInvoice.printSalesInvoice','PBF','Print Sales Invoice','2023-10-10 14:37:28','2023-10-10 14:37:28','2023-10-10 14:37:28'),
(168,0,'PBF',2141,'1','SalesInvoice.printSalesInvoice','PBF','Print Sales Invoice','2023-10-19 13:39:12','2023-10-19 13:39:12','2023-10-19 13:39:12'),
(169,0,'administrator',2141,'1','SalesInvoice.printSalesInvoice','administrator','Print Sales Invoice','2023-12-07 10:31:50','2023-12-07 10:31:50','2023-12-07 10:31:50'),
(170,0,'administrator',2141,'1','SalesInvoice.printSalesInvoice','administrator','Print Sales Invoice','2023-12-07 13:24:58','2023-12-07 13:24:58','2023-12-07 13:24:58'),
(171,0,'administrator',2141,'1','SalesInvoice.printSalesInvoice','administrator','Print Sales Invoice','2023-12-09 11:09:18','2023-12-09 11:09:18','2023-12-09 11:09:18'),
(172,0,'administrator',2141,'1','SalesInvoice.printSalesInvoice','administrator','Print Sales Invoice','2023-12-10 05:02:16','2023-12-10 05:02:17','2023-12-10 05:02:17'),
(173,0,'administrator',2141,'1','SalesInvoice.printSalesInvoice','administrator','Print Sales Invoice','2023-12-10 05:09:46','2023-12-10 05:09:46','2023-12-10 05:09:46'),
(174,0,'administrator',2141,'1','SalesInvoice.printSalesInvoice','administrator','Print Sales Invoice','2023-12-10 05:11:28','2023-12-10 05:11:28','2023-12-10 05:11:28'),
(175,0,'administrator',2141,'1','SalesInvoice.printSalesInvoice','administrator','Print Sales Invoice','2023-12-10 05:12:03','2023-12-10 05:12:03','2023-12-10 05:12:03'),
(176,0,'administrator',2141,'1','SalesInvoice.printSalesInvoice','administrator','Print Sales Invoice','2023-12-10 05:12:31','2023-12-10 05:12:31','2023-12-10 05:12:31'),
(177,0,'administrator',2141,'1','SalesInvoice.printSalesInvoice','administrator','Print Sales Invoice','2023-12-10 05:14:11','2023-12-10 05:14:11','2023-12-10 05:14:11'),
(178,0,'administrator',2141,'1','SalesInvoice.printSalesInvoice','administrator','Print Sales Invoice','2023-12-10 05:14:43','2023-12-10 05:14:43','2023-12-10 05:14:43'),
(179,0,'administrator',2141,'1','SalesInvoice.printSalesInvoice','administrator','Print Sales Invoice','2023-12-10 05:15:48','2023-12-10 05:15:48','2023-12-10 05:15:48'),
(180,0,'administrator',2141,'1','SalesInvoice.printSalesInvoice','administrator','Print Sales Invoice','2023-12-10 05:16:02','2023-12-10 05:16:02','2023-12-10 05:16:02'),
(181,0,'administrator',2141,'1','SalesInvoice.printSalesInvoice','administrator','Print Sales Invoice','2023-12-10 05:17:48','2023-12-10 05:17:48','2023-12-10 05:17:48'),
(182,0,'administrator',2141,'1','SalesInvoice.printSalesInvoice','administrator','Print Sales Invoice','2023-12-10 05:18:31','2023-12-10 05:18:31','2023-12-10 05:18:31'),
(183,0,'administrator',2141,'1','SalesInvoice.printSalesInvoice','administrator','Print Sales Invoice','2023-12-10 05:18:48','2023-12-10 05:18:48','2023-12-10 05:18:48'),
(184,0,'administrator',2141,'1','SalesInvoice.printSalesInvoice','administrator','Print Sales Invoice','2023-12-10 05:31:05','2023-12-10 05:31:05','2023-12-10 05:31:05'),
(185,0,'administrator',2141,'1','SalesInvoice.printSalesInvoice','administrator','Print Sales Invoice','2023-12-10 05:31:34','2023-12-10 05:31:34','2023-12-10 05:31:34'),
(186,0,'administrator',2141,'1','SalesInvoice.printSalesInvoice','administrator','Print Sales Invoice','2023-12-10 05:32:27','2023-12-10 05:32:27','2023-12-10 05:32:27'),
(187,0,'administrator',2141,'1','SalesInvoice.printSalesInvoice','administrator','Print Sales Invoice','2023-12-10 05:34:18','2023-12-10 05:34:18','2023-12-10 05:34:18'),
(188,0,'administrator',2141,'1','SalesInvoice.printSalesInvoice','administrator','Print Sales Invoice','2023-12-10 08:16:54','2023-12-10 08:16:54','2023-12-10 08:16:54'),
(189,0,'administrator',2141,'1','SalesInvoice.printSalesInvoice','administrator','Print Sales Invoice','2023-12-10 08:36:25','2023-12-10 08:36:25','2023-12-10 08:36:25'),
(190,0,'administrator',2141,'1','SalesInvoice.printSalesInvoice','administrator','Print Sales Invoice','2023-12-14 10:21:47','2023-12-14 10:21:47','2023-12-14 10:21:47'),
(191,0,'administrator',2141,'1','SalesInvoice.printSalesInvoice','administrator','Print Sales Invoice','2023-12-14 10:27:45','2023-12-14 10:27:45','2023-12-14 10:27:45'),
(192,0,'administrator',2141,'1','SalesInvoice.printSalesInvoice','administrator','Print Sales Invoice','2023-12-14 10:28:00','2023-12-14 10:28:00','2023-12-14 10:28:00'),
(193,0,'administrator',2141,'1','SalesInvoice.printSalesInvoice','administrator','Print Sales Invoice','2023-12-14 10:28:27','2023-12-14 10:28:27','2023-12-14 10:28:27'),
(194,0,'administrator',2141,'1','SalesInvoice.printSalesInvoice','administrator','Print Sales Invoice','2023-12-14 10:29:05','2023-12-14 10:29:05','2023-12-14 10:29:05'),
(195,0,'administrator',2141,'1','SalesInvoice.printSalesInvoice','administrator','Print Sales Invoice','2023-12-14 10:29:22','2023-12-14 10:29:22','2023-12-14 10:29:22'),
(196,0,'administrator',2141,'1','SalesInvoice.printSalesInvoice','administrator','Print Sales Invoice','2023-12-14 10:30:10','2023-12-14 10:30:10','2023-12-14 10:30:10'),
(197,0,'administrator',2141,'1','SalesInvoice.printSalesInvoice','administrator','Print Sales Invoice','2023-12-14 10:30:21','2023-12-14 10:30:21','2023-12-14 10:30:21'),
(198,0,'administrator',2141,'1','SalesInvoice.printSalesInvoice','administrator','Print Sales Invoice','2023-12-14 10:30:35','2023-12-14 10:30:35','2023-12-14 10:30:35'),
(199,0,'administrator',2141,'1','SalesInvoice.printSalesInvoice','administrator','Print Sales Invoice','2023-12-14 14:03:44','2023-12-14 14:03:45','2023-12-14 14:03:45'),
(200,0,'administrator',2141,'1','SalesInvoice.printSalesInvoice','administrator','Print Sales Invoice','2023-12-16 09:51:21','2023-12-16 09:51:21','2023-12-16 09:51:21'),
(201,0,'administrator',2141,'1','SalesInvoice.printSalesInvoice','administrator','Print Sales Invoice','2023-12-16 10:41:37','2023-12-16 10:41:37','2023-12-16 10:41:37');

/*Table structure for table `system_menu` */

DROP TABLE IF EXISTS `system_menu`;

CREATE TABLE `system_menu` (
  `id_menu` varchar(10) NOT NULL,
  `id` varchar(100) DEFAULT NULL,
  `type` enum('folder','file','function') DEFAULT NULL,
  `indent_level` int DEFAULT NULL,
  `text` varchar(50) DEFAULT NULL,
  `image` varchar(50) DEFAULT NULL,
  `last_update` timestamp NULL DEFAULT CURRENT_TIMESTAMP ON UPDATE CURRENT_TIMESTAMP
) ENGINE=InnoDB DEFAULT CHARSET=latin1;

/*Data for the table `system_menu` */

insert  into `system_menu`(`id_menu`,`id`,`type`,`indent_level`,`text`,`image`,`last_update`) values 
('0','#','folder',1,'System',NULL,'2023-06-23 10:52:23'),
('01','system-user-group','file',2,'System User Group',NULL,'2023-06-23 10:52:23'),
('02','system-user','file',2,'System User',NULL,'2023-06-23 10:52:23'),
('1','#','folder',1,'Persediaan',NULL,'2023-06-23 10:52:23'),
('11','#','folder',2,'Preferensi Produk',NULL,'2023-06-23 10:52:23'),
('111','inv-item','file',3,'Barang',NULL,'2023-06-23 10:52:23'),
('112','inv-item-type','file',3,'Tipe Barang',NULL,'2023-06-23 10:52:23'),
('113','inv-item-category','file',3,'Kategori Barang',NULL,'2023-06-23 10:52:23'),
('114','core-grade','file',3,'Grade',NULL,'2023-06-23 10:52:23'),
('115','inv-item-unit','file',3,'Satuan Barang',NULL,'2023-06-23 10:52:23'),
('116','core-package','file',3,'Package Barang',NULL,'2023-06-23 10:52:23'),
('12','#','folder',2,'Gudang',NULL,'2023-06-23 10:52:23'),
('121','warehouse-location','file',3,'Lokasi Gudang',NULL,'2023-06-23 10:52:23'),
('122','warehouse','file',3,'Gudang',NULL,'2023-06-23 10:52:23'),
('123','warehouse-transfer-type','file',3,'Tipe Transfer Gudang',NULL,'2023-06-23 10:52:23'),
('124','warehouse-transfer','file',3,'Transfer Gudang',NULL,'2023-06-23 10:52:23'),
('125','warehouse-transfer-received-note','file',3,'Penerimaan Transfer Gudang',NULL,'2023-06-23 10:52:23'),
('126','warehouse-out-type','file',3,'Tipe Pengeluaran Barang Gudang',NULL,'2023-06-23 10:52:23'),
('127','warehouse-out-requisition','file',3,'Pengeluaran Barang Gudang',NULL,'2023-06-23 10:52:23'),
('128','warehouse-out-approval','file',3,'Persetujuan Pengeluaran Barang Gudang',NULL,'2023-06-23 10:52:23'),
('14','goods-received-note','file',2,'Penerimaan Barang',NULL,'2023-06-23 10:52:23'),
('15','item-stock','file',2,'Stock Barang',NULL,'2023-06-23 10:52:23'),
('16','item-stock-adjustment','file',2,'Penyesuaian Stock Barang',NULL,'2023-06-23 10:52:23'),
('2','#','folder',1,'Pembelian',NULL,'2023-06-23 10:52:23'),
('21','#','folder',2,'Preferensi',NULL,'2023-06-23 10:52:23'),
('211','supplier','file',3,'Pemasok',NULL,'2023-06-23 10:52:23'),
('22','#','folder',2,'Order',NULL,'2023-06-23 10:52:23'),
('221','purchase-order','file',3,'Purchase Order',NULL,'2023-06-23 10:52:23'),
('222','purchase-order-approval','file',3,'Persetujuan Purchase Order',NULL,'2023-06-23 10:52:23'),
('23','#','folder',2,'Invoice',NULL,'2023-06-23 10:52:23'),
('231','purchase-invoice','file',3,'Inovice Pembelian',NULL,'2023-06-23 10:52:23'),
('3','#','folder',1,'Penjualan',NULL,'2023-06-23 10:52:23'),
('31','#','folder',2,'Preferensi',NULL,'2023-06-23 10:52:23'),
('311','customer','file',3,'Pelanggan',NULL,'2023-06-23 10:52:23'),
('312','agency','file',3,'Agensi',NULL,'2023-06-23 10:52:23'),
('32','#','folder',2,'Order',NULL,'2023-06-23 10:52:23'),
('321','sales-order','file',3,'Sales Order',NULL,'2023-06-23 10:52:23'),
('322','sales-order-approval','file',3,'Persetujuan Sales Order',NULL,'2023-06-23 10:52:23'),
('33','#','folder',2,'Invoice',NULL,'2023-06-23 10:52:23'),
('331','sales-invoice','file',3,'Invoice Penjualan',NULL,'2023-06-23 10:52:23'),
('4','#','folder',1,'Expedisi',NULL,'2023-06-23 10:52:23'),
('41','#','folder',2,'Preferensi',NULL,'2023-06-23 10:52:23'),
('411','expedition','file',3,'Expedisi',NULL,'2023-06-23 10:52:23'),
('42','#','folder',2,'Sales Delivery',NULL,'2023-06-23 10:52:23'),
('421','sales-delivery-order','file',3,'Sales Delivery Order',NULL,'2023-06-23 10:52:23'),
('422','sales-delivery-note','file',3,'Sales Delivery Note',NULL,'2023-06-23 10:52:23'),
('5','#','folder',1,'Produksi',NULL,'2023-06-23 10:52:23'),
('51','grading','file',2,'Grading',NULL,'2023-06-23 10:52:23'),
('6','#','folder',1,'Keuangan',NULL,'2023-06-23 10:52:23'),
('61','#','folder',2,'Kas dan Bank',NULL,'2023-06-23 10:52:23'),
('611','cash-receipt','file',3,'Penerimaan Kas',NULL,'2023-06-23 10:52:23'),
('612','cash-disbursement','file',3,'Pengeluaran Kas',NULL,'2023-06-23 10:52:23'),
('613','bank-receipt','file',3,'Penerimaan Bank',NULL,'2023-06-23 10:52:23'),
('614','bank-disbursement','file',3,'Pengeluaran Bank',NULL,'2023-06-23 10:52:23'),
('62','#','folder',2,'Laporan',NULL,'2023-06-23 10:52:23'),
('621','report-cash-receipt','file',3,'Laporan Penerimaan Kas',NULL,'2023-06-23 10:52:23'),
('622','report-cash-disbursement','file',3,'Laporan Pengeluaran Kas',NULL,'2023-06-23 10:52:23'),
('623','report-bank-receipt','file',3,'Laporan Penerimaan Bank',NULL,'2023-06-23 10:52:23'),
('7','#','folder',1,'Akuntansi',NULL,'2023-06-23 10:52:23'),
('71','#','folder',2,'Preferensi',NULL,'2023-06-23 10:52:23'),
('711','account','file',3,'No. Perkiraan',NULL,'2023-06-23 10:52:23'),
('72','#','folder',2,'Jurnal',NULL,'2023-06-23 10:52:23'),
('721','journal','file',3,'Jurnal Umum',NULL,'2023-06-23 10:52:23'),
('73','ledger-report','file',2,'Buku Besar',NULL,'2023-12-07 14:17:07'),
('8','#','folder',1,'Preference',NULL,'2023-06-23 10:52:23'),
('81','preference-company','file',2,'Preferensi Perusahaan',NULL,'2023-06-23 10:52:23'),
('129','warehouse-in-type','file',3,'Tipe Penambahan Barang Gudang',NULL,'2023-06-23 10:52:23'),
('130','warehouse-in-requisition','file',3,'Penambahan Barang Gudang',NULL,'2023-06-23 10:52:23'),
('131','warehouse-in-approval','file',3,'Persetujuan Penambahan Barang Gudang',NULL,'2023-06-23 10:52:23'),
('17','item-stock-card','file',2,'Kartu Stock',NULL,'2023-06-23 10:52:23'),
('241','purchase-order-return','file',2,'Return Pembelian',NULL,'2023-06-23 10:52:23'),
('34','sales-order-return','file',2,'Return Penjualan',NULL,'2023-06-23 10:52:23'),
('43','return-pdp','file',2,'Return Perjalanan',NULL,'2023-07-14 09:16:00'),
('44','return-pdp-lost-on-expedition','file',2,'PDP Hilang Di Expedisi',NULL,'2023-06-23 10:52:23'),
('615','check-receipt','file',3,'Penerimaan Giro',NULL,'2023-06-23 10:52:23'),
('616','check-disbursement','file',3,'Pengeluaran Giro',NULL,'2023-06-23 10:52:23'),
('617','purchase-payment','file',3,'Pelunasan Hutang',NULL,'2023-06-23 10:52:23'),
('618','sales-collection','file',3,'Pelunasan Piutang',NULL,'2023-06-23 10:52:23'),
('624','report-bank-disbursement','file',3,'Laporan Pengeluaran Bank',NULL,'2023-06-23 10:52:23'),
('625','debt-card','file',3,'Kartu Hutang',NULL,'2023-06-23 10:52:23'),
('45','buyers-acknowledgment','file',2,'Penerimaan Pihak Pembeli',NULL,'2023-09-01 11:15:34'),
('74','profit-loss-report','file',2,'PHU',NULL,'2023-06-27 23:07:17'),
('75','balance-sheet-report','file',2,'Neraca',NULL,'2023-06-23 10:54:43'),
('63','sales-collection-piece','file',2,'Potongan',NULL,'2023-09-06 11:39:36'),
('722','journal-Purchase','file',3,'Jurnal Pembelian',NULL,'2023-07-22 10:49:27'),
('723','journal-Sales','file',3,'Jurnal Penjualan',NULL,'2023-07-24 11:35:43'),
('724','journal-CashBank','file',3,'Jurnal Kas Dan Bank',NULL,'2023-07-24 14:31:34'),
('82','ppn','file',2,'Setting Default PPN',NULL,'2023-07-24 15:01:41'),
('24','#','folder',2,'Laporan',NULL,'2023-07-26 15:36:17'),
('240','purchase-order-return-report','file',3,'Laporan Retur Pembelian',NULL,'2023-07-26 15:40:54'),
('35','print-kwitansi','file',2,'Cetak Kwitansi',NULL,'2023-09-04 10:54:55'),
('64','sales-promotion','file',2,'Cetak Promosi',NULL,'2023-09-06 12:02:42'),
('619','sales-discount-collection','file',3,'Pelunasan Piutang Diskon',NULL,'2023-12-11 12:09:13'),
('36','#','folder',2,'Laporan',NULL,'2023-12-14 16:55:21'),
('361','sales-invoice-report','file',3,'Laporan Penjualan',NULL,'2023-12-14 16:56:11');

/*Table structure for table `system_menu_mapping` */

DROP TABLE IF EXISTS `system_menu_mapping`;

CREATE TABLE `system_menu_mapping` (
  `menu_mapping_id` int NOT NULL,
  `user_group_level` int DEFAULT NULL,
  `id_menu` varchar(10) CHARACTER SET latin1 COLLATE latin1_swedish_ci DEFAULT NULL,
  `created_at` datetime DEFAULT NULL,
  `updated_at` timestamp NULL DEFAULT CURRENT_TIMESTAMP,
  PRIMARY KEY (`menu_mapping_id`)
) ENGINE=InnoDB DEFAULT CHARSET=utf8mb3;

/*Data for the table `system_menu_mapping` */

insert  into `system_menu_mapping`(`menu_mapping_id`,`user_group_level`,`id_menu`,`created_at`,`updated_at`) values 
(0,1,'64',NULL,'2023-09-06 12:02:54'),
(297,2,'0','2022-01-11 00:19:24','2023-06-23 10:52:23'),
(300,2,'1','2022-01-11 00:19:24','2023-06-23 10:52:23'),
(301,2,'11','2022-01-11 00:19:24','2023-06-23 10:52:23'),
(303,2,'112','2022-01-11 00:19:24','2023-06-23 10:52:23'),
(304,2,'113','2022-01-11 00:19:24','2023-06-23 10:52:23'),
(306,2,'115','2022-01-11 00:19:24','2023-06-23 10:52:23'),
(308,2,'12','2022-01-11 00:19:24','2023-06-23 10:52:23'),
(309,2,'121','2022-01-11 00:19:24','2023-06-23 10:52:23'),
(310,2,'122','2022-01-11 00:19:24','2023-06-23 10:52:23'),
(311,2,'123','2022-01-11 00:19:24','2023-06-23 10:52:23'),
(312,2,'124','2022-01-11 00:19:24','2023-06-23 10:52:23'),
(313,2,'125','2022-01-11 00:19:24','2023-06-23 10:52:23'),
(314,2,'126','2022-01-11 00:19:24','2023-06-23 10:52:23'),
(315,2,'127','2022-01-11 00:19:24','2023-06-23 10:52:23'),
(316,2,'128','2022-01-11 00:19:24','2023-06-23 10:52:23'),
(317,2,'13','2022-01-11 00:19:24','2023-06-23 10:52:23'),
(318,2,'14','2022-01-11 00:19:24','2023-06-23 10:52:23'),
(319,2,'2','2022-01-11 00:19:24','2023-06-23 10:52:23'),
(320,2,'21','2022-01-11 00:19:24','2023-06-23 10:52:23'),
(321,2,'211','2022-01-11 00:19:24','2023-06-23 10:52:23'),
(322,2,'22','2022-01-11 00:19:24','2023-06-23 10:52:23'),
(323,2,'221','2022-01-11 00:19:24','2023-06-23 10:52:23'),
(324,2,'222','2022-01-11 00:19:24','2023-06-23 10:52:23'),
(325,2,'23','2022-01-11 00:19:24','2023-06-23 10:52:23'),
(326,2,'231','2022-01-11 00:19:24','2023-06-23 10:52:23'),
(327,2,'3','2022-01-11 00:19:24','2023-06-23 10:52:23'),
(328,2,'31','2022-01-11 00:19:24','2023-06-23 10:52:23'),
(329,2,'311','2022-01-11 00:19:24','2023-06-23 10:52:23'),
(330,2,'312','2022-01-11 00:19:24','2023-06-23 10:52:23'),
(331,2,'32','2022-01-11 00:19:24','2023-06-23 10:52:23'),
(332,2,'321','2022-01-11 00:19:24','2023-06-23 10:52:23'),
(333,2,'322','2022-01-11 00:19:24','2023-06-23 10:52:23'),
(334,2,'33','2022-01-11 00:19:24','2023-06-23 10:52:23'),
(335,2,'331','2022-01-11 00:19:24','2023-06-23 10:52:23'),
(336,2,'4','2022-01-11 00:19:24','2023-06-23 10:52:23'),
(337,2,'41','2022-01-11 00:19:24','2023-06-23 10:52:23'),
(338,2,'411','2022-01-11 00:19:24','2023-06-23 10:52:23'),
(339,2,'42','2022-01-11 00:19:24','2023-06-23 10:52:23'),
(340,2,'421','2022-01-11 00:19:24','2023-06-23 10:52:23'),
(341,2,'422','2022-01-11 00:19:24','2023-06-23 10:52:23'),
(344,2,'6','2022-01-11 00:19:24','2023-06-23 10:52:23'),
(345,2,'61','2022-01-11 00:19:24','2023-06-23 10:52:23'),
(346,2,'611','2022-01-11 00:19:24','2023-06-23 10:52:23'),
(347,2,'612','2022-01-11 00:19:24','2023-06-23 10:52:23'),
(348,2,'613','2022-01-11 00:19:24','2023-06-23 10:52:23'),
(349,2,'614','2022-01-11 00:19:24','2023-06-23 10:52:23'),
(350,2,'62','2022-01-11 00:19:24','2023-06-23 10:52:23'),
(351,2,'621','2022-01-11 00:19:24','2023-06-23 10:52:23'),
(352,2,'622','2022-01-11 00:19:24','2023-06-23 10:52:23'),
(353,2,'7','2022-01-11 00:19:24','2023-06-23 10:52:23'),
(354,2,'71','2022-01-11 00:19:24','2023-06-23 10:52:23'),
(355,2,'711','2022-01-11 00:19:24','2023-06-23 10:52:23'),
(356,2,'72','2022-01-11 00:19:24','2023-06-23 10:52:23'),
(357,2,'721','2022-01-11 00:19:24','2023-06-23 10:52:23'),
(358,2,'73','2022-01-11 00:19:24','2023-06-23 10:52:23'),
(359,2,'8','2022-01-11 00:19:24','2023-06-23 10:52:23'),
(360,2,'81','2022-01-11 00:19:24','2023-06-23 10:52:23'),
(425,4,'14','2022-01-11 00:21:39','2023-06-23 10:52:23'),
(426,4,'221','2022-01-11 00:21:39','2023-06-23 10:52:23'),
(427,4,'321','2022-01-11 00:21:39','2023-06-23 10:52:23'),
(428,4,'33','2022-01-11 00:21:39','2023-06-23 10:52:23'),
(429,4,'331','2022-01-11 00:21:39','2023-06-23 10:52:23'),
(430,4,'4','2022-01-11 00:21:39','2023-06-23 10:52:23'),
(431,4,'421','2022-01-11 00:21:39','2023-06-23 10:52:23'),
(432,4,'422','2022-01-11 00:21:39','2023-06-23 10:52:23'),
(435,3,'124','2022-01-11 00:22:14','2023-06-23 10:52:23'),
(436,3,'125','2022-01-11 00:22:14','2023-06-23 10:52:23'),
(437,3,'127','2022-01-11 00:22:14','2023-06-23 10:52:23'),
(438,3,'13','2022-01-11 00:22:14','2023-06-23 10:52:23'),
(439,3,'14','2022-01-11 00:22:14','2023-06-23 10:52:23'),
(440,3,'211','2022-01-11 00:22:14','2023-06-23 10:52:23'),
(441,3,'221','2022-01-11 00:22:14','2023-06-23 10:52:23'),
(442,3,'311','2022-01-11 00:22:14','2023-06-23 10:52:23'),
(443,3,'321','2022-01-11 00:22:14','2023-06-23 10:52:23'),
(444,3,'331','2022-01-11 00:22:14','2023-06-23 10:52:23'),
(445,3,'421','2022-01-11 00:22:14','2023-06-23 10:52:23'),
(446,3,'422','2022-01-11 00:22:14','2023-06-23 10:52:23'),
(447,3,'51','2022-01-11 00:22:14','2023-06-23 10:52:23'),
(764,1,'0','2022-01-11 03:46:01','2023-06-23 10:52:23'),
(767,1,'1','2022-01-11 03:46:01','2023-06-23 10:52:23'),
(768,1,'11','2022-01-11 03:46:01','2023-06-23 10:52:23'),
(770,1,'112','2022-01-11 03:46:01','2023-06-23 10:52:23'),
(771,1,'113','2022-01-11 03:46:01','2023-06-23 10:52:23'),
(773,1,'115','2022-01-11 03:46:01','2023-06-23 10:52:23'),
(775,1,'12','2022-01-11 03:46:01','2023-06-23 10:52:23'),
(776,1,'121','2022-01-11 03:46:01','2023-06-23 10:52:23'),
(777,1,'122','2022-01-11 03:46:01','2023-06-23 10:52:23'),
(778,1,'123','2022-01-11 03:46:01','2023-06-23 10:52:23'),
(779,1,'124','2022-01-11 03:46:01','2023-06-23 10:52:23'),
(780,1,'125','2022-01-11 03:46:01','2023-06-23 10:52:23'),
(781,1,'126','2022-01-11 03:46:01','2023-06-23 10:52:23'),
(782,1,'127','2022-01-11 03:46:01','2023-06-23 10:52:23'),
(783,1,'128','2022-01-11 03:46:01','2023-06-23 10:52:23'),
(784,1,'13','2022-01-11 03:46:01','2023-06-23 10:52:23'),
(785,1,'14','2022-01-11 03:46:01','2023-06-23 10:52:23'),
(786,1,'2','2022-01-11 03:46:01','2023-06-23 10:52:23'),
(787,1,'21','2022-01-11 03:46:01','2023-06-23 10:52:23'),
(788,1,'211','2022-01-11 03:46:01','2023-06-23 10:52:23'),
(789,1,'22','2022-01-11 03:46:01','2023-06-23 10:52:23'),
(790,1,'221','2022-01-11 03:46:01','2023-06-23 10:52:23'),
(791,1,'222','2022-01-11 03:46:01','2023-06-23 10:52:23'),
(792,1,'23','2022-01-11 03:46:01','2023-06-23 10:52:23'),
(793,1,'231','2022-01-11 03:46:01','2023-06-23 10:52:23'),
(794,1,'3','2022-01-11 03:46:01','2023-06-23 10:52:23'),
(795,1,'31','2022-01-11 03:46:01','2023-06-23 10:52:23'),
(796,1,'311','2022-01-11 03:46:01','2023-06-23 10:52:23'),
(797,1,'312','2022-01-11 03:46:01','2023-06-23 10:52:23'),
(798,1,'32','2022-01-11 03:46:01','2023-06-23 10:52:23'),
(799,1,'321','2022-01-11 03:46:01','2023-06-23 10:52:23'),
(800,1,'322','2022-01-11 03:46:01','2023-06-23 10:52:23'),
(801,1,'33','2022-01-11 03:46:01','2023-06-23 10:52:23'),
(802,1,'331','2022-01-11 03:46:01','2023-06-23 10:52:23'),
(803,1,'4','2022-01-11 03:46:01','2023-06-23 10:52:23'),
(804,1,'41','2022-01-11 03:46:01','2023-06-23 10:52:23'),
(805,1,'411','2022-01-11 03:46:01','2023-06-23 10:52:23'),
(806,1,'42','2022-01-11 03:46:01','2023-06-23 10:52:23'),
(807,1,'421','2022-01-11 03:46:01','2023-06-23 10:52:23'),
(808,1,'422','2022-01-11 03:46:01','2023-06-23 10:52:23'),
(811,1,'6','2022-01-11 03:46:01','2023-06-23 10:52:23'),
(812,1,'61','2022-01-11 03:46:01','2023-06-23 10:52:23'),
(813,1,'611','2022-01-11 03:46:01','2023-06-23 10:52:23'),
(814,1,'612','2022-01-11 03:46:01','2023-06-23 10:52:23'),
(815,1,'613','2022-01-11 03:46:01','2023-06-23 10:52:23'),
(816,1,'614','2022-01-11 03:46:01','2023-06-23 10:52:23'),
(817,1,'62','2022-01-11 03:46:01','2023-06-23 10:52:23'),
(818,1,'621','2022-01-11 03:46:01','2023-06-23 10:52:23'),
(819,1,'622','2022-01-11 03:46:01','2023-06-23 10:52:23'),
(820,1,'7','2022-01-11 03:46:01','2023-06-23 10:52:23'),
(821,1,'71','2022-01-11 03:46:01','2023-06-23 10:52:23'),
(822,1,'711','2022-01-11 03:46:01','2023-06-23 10:52:23'),
(823,1,'72','2022-01-11 03:46:01','2023-06-23 10:52:23'),
(824,1,'721','2022-01-11 03:46:01','2023-06-23 10:52:23'),
(825,1,'73','2022-01-11 03:46:01','2023-06-23 10:52:23'),
(826,1,'8','2022-01-11 03:46:01','2023-06-23 10:52:23'),
(827,1,'81','2022-01-11 03:46:01','2023-06-23 10:52:23'),
(828,1,'01',NULL,'2023-06-23 10:52:23'),
(829,2,'01',NULL,'2023-06-23 10:52:23'),
(831,1,'02',NULL,'2023-06-23 10:52:23'),
(832,2,'02',NULL,'2023-06-23 10:52:23'),
(833,5,'02',NULL,'2023-06-23 10:52:23'),
(834,1,'623','2023-02-02 15:09:50','2023-06-23 10:52:23'),
(835,1,'15','2023-02-03 16:41:42','2023-06-23 10:52:23'),
(837,5,'2','2023-02-14 03:32:35','2023-06-23 10:52:23'),
(838,5,'1','2023-02-14 03:32:35','2023-06-23 10:52:23'),
(839,5,'11','2023-02-14 03:32:35','2023-06-23 10:52:23'),
(841,5,'112','2023-02-14 03:32:35','2023-06-23 10:52:23'),
(842,5,'113','2023-02-14 03:32:35','2023-06-23 10:52:23'),
(844,5,'115','2023-02-14 03:32:35','2023-06-23 10:52:23'),
(846,5,'12','2023-02-14 03:32:35','2023-06-23 10:52:23'),
(847,5,'121','2023-02-14 03:32:35','2023-06-23 10:52:23'),
(848,5,'122','2023-02-14 03:32:35','2023-06-23 10:52:23'),
(849,5,'123','2023-02-14 03:32:35','2023-06-23 10:52:23'),
(850,5,'124','2023-02-14 03:32:35','2023-06-23 10:52:23'),
(851,5,'125','2023-02-14 03:32:35','2023-06-23 10:52:23'),
(852,5,'126','2023-02-14 03:32:35','2023-06-23 10:52:23'),
(853,5,'127','2023-02-14 03:32:35','2023-06-23 10:52:23'),
(854,5,'128','2023-02-14 03:32:35','2023-06-23 10:52:23'),
(855,5,'13','2023-02-14 03:32:35','2023-06-23 10:52:23'),
(856,5,'14','2023-02-14 03:32:35','2023-06-23 10:52:23'),
(857,5,'2','2023-02-14 03:32:36','2023-06-23 10:52:23'),
(858,5,'21','2023-02-14 03:32:36','2023-06-23 10:52:23'),
(859,5,'211','2023-02-14 03:32:36','2023-06-23 10:52:23'),
(860,5,'22','2023-02-14 03:32:36','2023-06-23 10:52:23'),
(861,5,'221','2023-02-14 03:32:36','2023-06-23 10:52:23'),
(862,5,'222','2023-02-14 03:32:36','2023-06-23 10:52:23'),
(863,5,'23','2023-02-14 03:32:36','2023-06-23 10:52:23'),
(864,5,'231','2023-02-14 03:32:36','2023-06-23 10:52:23'),
(865,5,'3','2023-02-14 03:32:36','2023-06-23 10:52:23'),
(866,5,'31','2023-02-14 03:32:36','2023-06-23 10:52:23'),
(867,5,'311','2023-02-14 03:32:36','2023-06-23 10:52:23'),
(868,5,'312','2023-02-14 03:32:36','2023-06-23 10:52:23'),
(869,5,'32','2023-02-14 03:32:36','2023-06-23 10:52:23'),
(870,5,'321','2023-02-14 03:32:36','2023-06-23 10:52:23'),
(871,5,'322','2023-02-14 03:32:36','2023-06-23 10:52:23'),
(872,5,'33','2023-02-14 03:32:36','2023-06-23 10:52:23'),
(873,5,'331','2023-02-14 03:32:36','2023-06-23 10:52:23'),
(874,5,'4','2023-02-14 03:32:36','2023-06-23 10:52:23'),
(875,5,'41','2023-02-14 03:32:36','2023-06-23 10:52:23'),
(876,5,'411','2023-02-14 03:32:36','2023-06-23 10:52:23'),
(877,5,'42','2023-02-14 03:32:36','2023-06-23 10:52:23'),
(878,5,'421','2023-02-14 03:32:36','2023-06-23 10:52:23'),
(879,5,'422','2023-02-14 03:32:36','2023-06-23 10:52:23'),
(882,5,'6','2023-02-14 03:32:36','2023-06-23 10:52:23'),
(883,5,'61','2023-02-14 03:32:36','2023-06-23 10:52:23'),
(884,5,'611','2023-02-14 03:32:36','2023-06-23 10:52:23'),
(885,5,'612','2023-02-14 03:32:36','2023-06-23 10:52:23'),
(886,5,'613','2023-02-14 03:32:36','2023-06-23 10:52:23'),
(887,5,'614','2023-02-14 03:32:36','2023-06-23 10:52:23'),
(888,5,'62','2023-02-14 03:32:36','2023-06-23 10:52:23'),
(889,5,'621','2023-02-14 03:32:36','2023-06-23 10:52:23'),
(890,5,'622','2023-02-14 03:32:36','2023-06-23 10:52:23'),
(891,5,'7','2023-02-14 03:32:36','2023-06-23 10:52:23'),
(892,5,'71','2023-02-14 03:32:36','2023-06-23 10:52:23'),
(893,5,'711','2023-02-14 03:32:36','2023-06-23 10:52:23'),
(894,5,'72','2023-02-14 03:32:36','2023-06-23 10:52:23'),
(895,5,'721','2023-02-14 03:32:36','2023-06-23 10:52:23'),
(896,5,'73','2023-02-14 03:32:36','2023-06-23 10:52:23'),
(897,5,'8','2023-02-14 03:32:36','2023-06-23 10:52:23'),
(898,5,'81','2023-02-14 03:32:36','2023-06-23 10:52:23'),
(899,1,'129',NULL,'2023-06-23 10:52:23'),
(900,1,'130',NULL,'2023-06-23 10:52:23'),
(901,1,'131',NULL,'2023-06-23 10:52:23'),
(902,2,'0','2023-03-01 06:51:21','2023-06-23 10:52:23'),
(903,2,'1','2023-03-01 06:51:21','2023-06-23 10:52:23'),
(904,2,'2','2023-03-01 06:51:21','2023-06-23 10:52:23'),
(905,2,'1','2023-03-01 06:51:21','2023-06-23 10:52:23'),
(906,2,'11','2023-03-01 06:51:21','2023-06-23 10:52:23'),
(908,2,'112','2023-03-01 06:51:21','2023-06-23 10:52:23'),
(909,2,'113','2023-03-01 06:51:21','2023-06-23 10:52:23'),
(910,2,'115','2023-03-01 06:51:21','2023-06-23 10:52:23'),
(912,2,'12','2023-03-01 06:51:21','2023-06-23 10:52:23'),
(913,2,'121','2023-03-01 06:51:21','2023-06-23 10:52:23'),
(914,2,'122','2023-03-01 06:51:21','2023-06-23 10:52:23'),
(915,2,'123','2023-03-01 06:51:21','2023-06-23 10:52:23'),
(916,2,'124','2023-03-01 06:51:21','2023-06-23 10:52:23'),
(917,2,'125','2023-03-01 06:51:21','2023-06-23 10:52:23'),
(918,2,'126','2023-03-01 06:51:21','2023-06-23 10:52:23'),
(919,2,'127','2023-03-01 06:51:21','2023-06-23 10:52:23'),
(920,2,'128','2023-03-01 06:51:21','2023-06-23 10:52:23'),
(921,2,'14','2023-03-01 06:51:21','2023-06-23 10:52:23'),
(922,2,'15','2023-03-01 06:51:21','2023-06-23 10:52:23'),
(923,2,'16','2023-03-01 06:51:21','2023-06-23 10:52:23'),
(924,2,'2','2023-03-01 06:51:21','2023-06-23 10:52:23'),
(925,2,'21','2023-03-01 06:51:21','2023-06-23 10:52:23'),
(926,2,'211','2023-03-01 06:51:21','2023-06-23 10:52:23'),
(927,2,'22','2023-03-01 06:51:21','2023-06-23 10:52:23'),
(928,2,'221','2023-03-01 06:51:21','2023-06-23 10:52:23'),
(929,2,'222','2023-03-01 06:51:21','2023-06-23 10:52:23'),
(930,2,'23','2023-03-01 06:51:21','2023-06-23 10:52:23'),
(931,2,'231','2023-03-01 06:51:21','2023-06-23 10:52:23'),
(932,2,'3','2023-03-01 06:51:21','2023-06-23 10:52:23'),
(933,2,'31','2023-03-01 06:51:21','2023-06-23 10:52:23'),
(934,2,'311','2023-03-01 06:51:21','2023-06-23 10:52:23'),
(935,2,'312','2023-03-01 06:51:21','2023-06-23 10:52:23'),
(936,2,'32','2023-03-01 06:51:21','2023-06-23 10:52:23'),
(937,2,'321','2023-03-01 06:51:21','2023-06-23 10:52:23'),
(938,2,'322','2023-03-01 06:51:21','2023-06-23 10:52:23'),
(939,2,'33','2023-03-01 06:51:21','2023-06-23 10:52:23'),
(940,2,'331','2023-03-01 06:51:21','2023-06-23 10:52:23'),
(941,2,'4','2023-03-01 06:51:21','2023-06-23 10:52:23'),
(942,2,'41','2023-03-01 06:51:21','2023-06-23 10:52:23'),
(943,2,'411','2023-03-01 06:51:21','2023-06-23 10:52:23'),
(944,2,'42','2023-03-01 06:51:21','2023-06-23 10:52:23'),
(945,2,'421','2023-03-01 06:51:21','2023-06-23 10:52:23'),
(946,2,'422','2023-03-01 06:51:21','2023-06-23 10:52:23'),
(947,2,'6','2023-03-01 06:51:21','2023-06-23 10:52:23'),
(948,2,'61','2023-03-01 06:51:21','2023-06-23 10:52:23'),
(949,2,'611','2023-03-01 06:51:21','2023-06-23 10:52:23'),
(950,2,'612','2023-03-01 06:51:21','2023-06-23 10:52:23'),
(951,2,'613','2023-03-01 06:51:21','2023-06-23 10:52:23'),
(952,2,'614','2023-03-01 06:51:21','2023-06-23 10:52:23'),
(953,2,'62','2023-03-01 06:51:21','2023-06-23 10:52:23'),
(954,2,'621','2023-03-01 06:51:21','2023-06-23 10:52:23'),
(955,2,'622','2023-03-01 06:51:21','2023-06-23 10:52:23'),
(956,2,'623','2023-03-01 06:51:21','2023-06-23 10:52:23'),
(957,2,'7','2023-03-01 06:51:21','2023-06-23 10:52:23'),
(958,2,'71','2023-03-01 06:51:21','2023-06-23 10:52:23'),
(959,2,'711','2023-03-01 06:51:21','2023-06-23 10:52:23'),
(960,2,'72','2023-03-01 06:51:21','2023-06-23 10:52:23'),
(961,2,'721','2023-03-01 06:51:21','2023-06-23 10:52:23'),
(962,2,'73','2023-03-01 06:51:21','2023-06-23 10:52:23'),
(963,2,'8','2023-03-01 06:51:21','2023-06-23 10:52:23'),
(964,2,'81','2023-03-01 06:51:21','2023-06-23 10:52:23'),
(965,2,'129','2023-03-01 06:51:21','2023-06-23 10:52:23'),
(966,2,'130','2023-03-01 06:51:21','2023-06-23 10:52:23'),
(967,2,'131','2023-03-01 06:51:21','2023-06-23 10:52:23'),
(969,1,'17','2023-03-16 13:21:59','2023-06-23 10:52:23'),
(970,1,'241','2023-05-01 15:03:57','2023-06-23 10:52:23'),
(971,1,'34','2023-04-04 10:00:15','2023-06-23 10:52:23'),
(972,1,'43',NULL,'2023-06-23 10:52:23'),
(977,1,'617',NULL,'2023-06-23 10:52:23'),
(978,1,'618',NULL,'2023-06-23 10:52:23'),
(979,1,'624','2023-06-18 19:56:02','2023-06-23 10:52:23'),
(980,1,'625',NULL,'2023-06-23 10:52:23'),
(981,1,'45',NULL,'2023-06-23 10:52:23'),
(982,1,'74',NULL,'2023-06-23 10:53:56'),
(983,1,'75',NULL,'2023-06-23 10:54:07'),
(984,1,'16',NULL,'2023-07-06 13:51:47'),
(985,1,'63',NULL,'2023-07-20 09:15:53'),
(989,1,'724',NULL,'2023-07-24 14:31:55'),
(991,1,'82',NULL,'2023-07-24 15:02:34'),
(992,1,'24',NULL,'2023-07-26 15:36:57'),
(993,1,'240',NULL,'2023-07-26 15:39:10'),
(994,1,'35',NULL,'2023-09-04 10:55:17'),
(995,1,'619',NULL,'2023-12-11 12:05:07'),
(996,1,'36',NULL,'2023-12-14 16:56:32'),
(997,1,'361',NULL,'2023-12-14 16:56:40');

/*Table structure for table `system_user` */

DROP TABLE IF EXISTS `system_user`;

CREATE TABLE `system_user` (
  `user_id` int NOT NULL AUTO_INCREMENT,
  `user_group_id` int DEFAULT NULL,
  `name` varchar(255) CHARACTER SET utf8mb4 COLLATE utf8mb4_unicode_ci DEFAULT '',
  `branch_id` int DEFAULT '0',
  `email` varchar(255) CHARACTER SET utf8mb4 COLLATE utf8mb4_unicode_ci DEFAULT NULL,
  `email_verified_at` timestamp NULL DEFAULT NULL,
  `password` varchar(255) CHARACTER SET utf8mb4 COLLATE utf8mb4_unicode_ci NOT NULL,
  `remember_token` varchar(100) CHARACTER SET utf8mb4 COLLATE utf8mb4_unicode_ci DEFAULT NULL,
  `data_state` int DEFAULT '0',
  `created_at` timestamp NULL DEFAULT NULL,
  `updated_at` timestamp NULL DEFAULT NULL,
  PRIMARY KEY (`user_id`)
) ENGINE=InnoDB AUTO_INCREMENT=76 DEFAULT CHARSET=utf8mb4 COLLATE=utf8mb4_unicode_ci;

/*Data for the table `system_user` */

insert  into `system_user`(`user_id`,`user_group_id`,`name`,`branch_id`,`email`,`email_verified_at`,`password`,`remember_token`,`data_state`,`created_at`,`updated_at`) values 
(3,1,'administrator',1,NULL,NULL,'$2y$10$E8BvoK6I2D7CDzz/mjKmE.3LQ4AW4rdcpU1ynbVqXzZCZYEGOcH0O',NULL,0,'2021-09-18 02:14:46','2023-02-06 04:15:25'),
(65,25,'Rahmadani Isti, S.Farm, Apt.',1,NULL,NULL,'$2y$10$w6NE.bJminFOPTvhHOO5cuBHqQtwV8GY1I9WdpoWK/bJ33Ygu.Mce',NULL,0,'2023-03-01 06:54:47','2023-03-01 06:54:47'),
(71,25,'bagas',0,NULL,NULL,'$2y$10$gKb7Vms3fAVMBZOIYyggZ.ucYX0cWKBibb06Lwf7gpBEcMYn1xdp.',NULL,0,'2023-03-01 07:11:29','2023-03-01 07:11:29'),
(72,1,'acil',0,NULL,NULL,'$2y$10$IOKyAifkGZFziWn.Il9HZ.IrmAYTxFgPLMZRbQw0Pxka8/qD3uZFS',NULL,0,'2023-03-01 07:11:37','2023-03-01 07:11:37'),
(73,1,'farhan',0,NULL,NULL,'$2y$10$K1yF47tXDW3uC8mHnetpG.6KJ6P.IPvrEUS3CLfhOecq4EFjKUsxm',NULL,0,'2023-03-01 07:12:01','2023-03-01 07:12:01'),
(74,1,'CST',0,NULL,NULL,'$2y$10$W/ol3cfuXD7zLANAFb7VruOGrij5XsPDMZfpf9sPVPiTrkNiQaCJS',NULL,0,'2023-07-01 03:28:19','2023-07-01 03:28:51'),
(75,1,'PBF',1,NULL,NULL,'$2y$10$cW5W6gxZuW6DIulYsrj1QOIWRxqdidVMw.o0ss75rWEVrZi8xBSXe',NULL,0,'2023-07-03 02:26:08','2023-07-03 02:26:08');

/*Table structure for table `system_user_group` */

DROP TABLE IF EXISTS `system_user_group`;

CREATE TABLE `system_user_group` (
  `user_group_id` int NOT NULL,
  `user_group_level` int DEFAULT NULL,
  `user_group_name` varchar(50) DEFAULT NULL,
  `user_group_token` varchar(250) DEFAULT '',
  `data_state` int DEFAULT '0',
  `created_id` int DEFAULT '0',
  `created_at` datetime DEFAULT NULL,
  `updated_id` int DEFAULT '0',
  `updated_on` datetime DEFAULT NULL,
  `deleted_id` int DEFAULT '0',
  `deleted_on` datetime DEFAULT NULL,
  `updated_at` timestamp NULL DEFAULT CURRENT_TIMESTAMP ON UPDATE CURRENT_TIMESTAMP,
  PRIMARY KEY (`user_group_id`)
) ENGINE=InnoDB DEFAULT CHARSET=latin1;

/*Data for the table `system_user_group` */

insert  into `system_user_group`(`user_group_id`,`user_group_level`,`user_group_name`,`user_group_token`,`data_state`,`created_id`,`created_at`,`updated_id`,`updated_on`,`deleted_id`,`deleted_on`,`updated_at`) values 
(1,1,'admin','',0,0,NULL,0,NULL,0,NULL,'2023-06-23 10:52:23'),
(25,2,'APJ (Apoteker Penanggung Jawab)','',0,0,'2023-03-01 06:51:21',0,NULL,0,NULL,'2023-06-23 10:52:23');

/* Trigger structure for table `acct_bank_disbursement` */

DELIMITER $$

/*!50003 DROP TRIGGER*//*!50032 IF EXISTS */ /*!50003 `insert_acct_bank_disbursement` */$$

/*!50003 CREATE */ /*!50017 DEFINER = 'root'@'localhost' */ /*!50003 TRIGGER `insert_acct_bank_disbursement` BEFORE INSERT ON `acct_bank_disbursement` FOR EACH ROW BEGIN
	DECLARE year_period 		VARCHAR(20);
	DECLARE month_period 		VARCHAR(20);
	DECLARE day_period 		VARCHAR(20);
	DECLARE period 			VARCHAR(20);
	DECLARE tPeriod			INT;
	DECLARE nDisbursementNo		VARCHAR(20);
	
	
	DECLARE nOpeningBalance		DECIMAL(20,2);
	DECLARE nLastBalance		DECIMAL(20,2);
	DECLARE nTransactionType	DECIMAL(10);
	DECLARE nTransactionCode	VARCHAR(20);
	DECLARE nTransactionID		INT(10);
	DECLARE nTransactionDate	DATE;
	
	SET year_period = (SELECT RIGHT(YEAR(new.bank_disbursement_date),2));
	
	SET month_period = (SELECT RIGHT(CONCAT('0', MONTH(new.bank_disbursement_date)), 2));
	
	SET day_period = (SELECT RIGHT(CONCAT('0', DAY(new.bank_disbursement_date)), 2));
	
	SET nDisbursementNo = CONCAT('BBK', year_period, month_period);
		
	SET period = (SELECT RIGHT(TRIM(bank_disbursement_no), 4) 
		FROM acct_bank_disbursement
		WHERE LEFT(TRIM(bank_disbursement_no), 7) = nDisbursementNo
		ORDER BY bank_disbursement_id DESC 
		LIMIT 1);
	
	IF (period IS NULL ) THEN 
		SET period = "0000";
	END IF;
	
	SET tPeriod = CAST(period AS DECIMAL(10));
	
	SET tPeriod = tPeriod + 1;
	
	SET period = RIGHT(CONCAT('000', TRIM(CAST(tPeriod AS CHAR(4)))), 4);
	
	SET nDisbursementNo = CONCAT(nDisbursementNo, period);
		
	SET new.bank_disbursement_no = nDisbursementNo;
	
    END */$$


DELIMITER ;

/* Trigger structure for table `acct_bank_receipt` */

DELIMITER $$

/*!50003 DROP TRIGGER*//*!50032 IF EXISTS */ /*!50003 `insert_acct_bank_receipt` */$$

/*!50003 CREATE */ /*!50017 DEFINER = 'root'@'localhost' */ /*!50003 TRIGGER `insert_acct_bank_receipt` BEFORE INSERT ON `acct_bank_receipt` FOR EACH ROW BEGIN
	DECLARE year_period 		VARCHAR(20);
	DECLARE month_period 		VARCHAR(20);
	DECLARE day_period 		VARCHAR(20);
	DECLARE period 			VARCHAR(20);
	DECLARE tPeriod			INT;
	DECLARE nReceiptNo		VARCHAR(20);
	
	DECLARE nOpeningBalance		DECIMAL(20,2);
	DECLARE nLastBalance		DECIMAL(20,2);
	DECLARE nTransactionType	DECIMAL(10);
	DECLARE nTransactionCode	VARCHAR(20);
	DECLARE nTransactionID		INT(10);
	DECLARE nTransactionDate	DATE;
	
	SET year_period = (SELECT RIGHT(YEAR(new.bank_receipt_date),2));
	
	SET month_period = (SELECT RIGHT(CONCAT('0', MONTH(new.bank_receipt_date)), 2));
	
	SET day_period = (SELECT RIGHT(CONCAT('0', DAY(new.bank_receipt_date)), 2));
	
	SET nReceiptNo = CONCAT('BBM', year_period, month_period);
		
	SET period = (SELECT RIGHT(TRIM(bank_receipt_no), 4) 
		FROM acct_bank_receipt
		WHERE LEFT(TRIM(bank_receipt_no), 7) = nReceiptNo
		ORDER BY bank_receipt_id DESC 
		LIMIT 1);
	
	IF (period IS NULL ) THEN 
		SET period = "0000";
	END IF;
	
	SET tPeriod = CAST(period AS DECIMAL(10));
	
	SET tPeriod = tPeriod + 1;
	
	SET period = RIGHT(CONCAT('000', TRIM(CAST(tPeriod AS CHAR(4)))), 4);
	
	SET nReceiptNo = CONCAT(nReceiptNo, period);
		
	SET new.bank_receipt_no = nReceiptNo;
	
    END */$$


DELIMITER ;

/* Trigger structure for table `acct_cash_disbursement` */

DELIMITER $$

/*!50003 DROP TRIGGER*//*!50032 IF EXISTS */ /*!50003 `insert_acct_cash_disbursement` */$$

/*!50003 CREATE */ /*!50017 DEFINER = 'root'@'localhost' */ /*!50003 TRIGGER `insert_acct_cash_disbursement` BEFORE INSERT ON `acct_cash_disbursement` FOR EACH ROW BEGIN
	DECLARE year_period 		VARCHAR(20);
	DECLARE month_period 		VARCHAR(20);
	DECLARE day_period 		VARCHAR(20);
	DECLARE period 			VARCHAR(20);
	DECLARE tPeriod			INT;
	DECLARE nDisbursementNo		VARCHAR(20);
	
	
	DECLARE nOpeningBalance		DECIMAL(20,2);
	DECLARE nLastBalance		DECIMAL(20,2);
	DECLARE nTransactionType	DECIMAL(10);
	DECLARE nTransactionCode	VARCHAR(20);
	DECLARE nTransactionID		INT(10);
	DECLARE nTransactionDate	DATE;
	
	SET year_period = (SELECT RIGHT(YEAR(new.cash_disbursement_date),2));
	
	SET month_period = (SELECT RIGHT(CONCAT('0', MONTH(new.cash_disbursement_date)), 2));
	
	SET day_period = (SELECT RIGHT(CONCAT('0', DAY(new.cash_disbursement_date)), 2));
	
	SET nDisbursementNo = CONCAT('BKK', year_period, month_period);
		
	SET period = (SELECT RIGHT(TRIM(cash_disbursement_no), 4) 
		FROM acct_cash_disbursement
		WHERE LEFT(TRIM(cash_disbursement_no), 7) = nDisbursementNo
		ORDER BY cash_disbursement_id DESC 
		LIMIT 1);
	
	IF (period IS NULL ) THEN 
		SET period = "0000";
	END IF;
	
	SET tPeriod = CAST(period AS DECIMAL(10));
	
	SET tPeriod = tPeriod + 1;
	
	SET period = RIGHT(CONCAT('000', TRIM(CAST(tPeriod AS CHAR(4)))), 4);
	
	SET nDisbursementNo = CONCAT(nDisbursementNo, period);
		
	SET new.cash_disbursement_no = nDisbursementNo;
	
    END */$$


DELIMITER ;

/* Trigger structure for table `acct_cash_receipt` */

DELIMITER $$

/*!50003 DROP TRIGGER*//*!50032 IF EXISTS */ /*!50003 `insert_acct_cash_receipt` */$$

/*!50003 CREATE */ /*!50017 DEFINER = 'root'@'localhost' */ /*!50003 TRIGGER `insert_acct_cash_receipt` BEFORE INSERT ON `acct_cash_receipt` FOR EACH ROW BEGIN
	DECLARE year_period 		VARCHAR(20);
	DECLARE month_period 		VARCHAR(20);
	DECLARE day_period 		VARCHAR(20);
	DECLARE period 			VARCHAR(20);
	DECLARE tPeriod			INT;
	DECLARE nReceiptNo		VARCHAR(20);
	
	DECLARE nOpeningBalance		DECIMAL(20,2);
	DECLARE nLastBalance		DECIMAL(20,2);
	DECLARE nTransactionType	DECIMAL(10);
	DECLARE nTransactionCode	VARCHAR(20);
	DECLARE nTransactionID		INT(10);
	DECLARE nTransactionDate	DATE;
	
	SET year_period = (SELECT RIGHT(YEAR(new.cash_receipt_date),2));
	
	SET month_period = (SELECT RIGHT(CONCAT('0', MONTH(new.cash_receipt_date)), 2));
	
	SET day_period = (SELECT RIGHT(CONCAT('0', DAY(new.cash_receipt_date)), 2));
	
	SET nReceiptNo = CONCAT('BKM', year_period, month_period);
		
	SET period = (SELECT RIGHT(TRIM(cash_receipt_no), 4) 
		FROM acct_cash_receipt
		WHERE LEFT(TRIM(cash_receipt_no), 7) = nReceiptNo
		ORDER BY cash_receipt_id DESC 
		LIMIT 1);
	
	IF (period IS NULL ) THEN 
		SET period = "0000";
	END IF;
	
	SET tPeriod = CAST(period AS DECIMAL(10));
	
	SET tPeriod = tPeriod + 1;
	
	SET period = RIGHT(CONCAT('000', TRIM(CAST(tPeriod AS CHAR(4)))), 4);
	
	SET nReceiptNo = CONCAT(nReceiptNo, period);
		
	SET new.cash_receipt_no = nReceiptNo;
	
    END */$$


DELIMITER ;

/* Trigger structure for table `acct_check_disbursement` */

DELIMITER $$

/*!50003 DROP TRIGGER*//*!50032 IF EXISTS */ /*!50003 `insert_acct_check_disbursement` */$$

/*!50003 CREATE */ /*!50017 DEFINER = 'root'@'localhost' */ /*!50003 TRIGGER `insert_acct_check_disbursement` BEFORE INSERT ON `acct_check_disbursement` FOR EACH ROW BEGIN
	DECLARE year_period 		VARCHAR(20);
	DECLARE month_period 		VARCHAR(20);
	DECLARE day_period 		VARCHAR(20);
	DECLARE period 			VARCHAR(20);
	DECLARE tPeriod			INT;
	DECLARE nDisbursementNo		VARCHAR(20);
	
	
	DECLARE nOpeningBalance		DECIMAL(20,2);
	DECLARE nLastBalance		DECIMAL(20,2);
	DECLARE nTransactionType	DECIMAL(10);
	DECLARE nTransactionCode	VARCHAR(20);
	DECLARE nTransactionID		INT(10);
	DECLARE nTransactionDate	DATE;
	
	SET year_period = (SELECT RIGHT(YEAR(new.check_disbursement_date),2));
	
	SET month_period = (SELECT RIGHT(CONCAT('0', MONTH(new.check_disbursement_date)), 2));
	
	SET day_period = (SELECT RIGHT(CONCAT('0', DAY(new.check_disbursement_date)), 2));
	
	SET nDisbursementNo = CONCAT('BGK', year_period, month_period);
		
	SET period = (SELECT RIGHT(TRIM(check_disbursement_no), 4) 
		FROM acct_check_disbursement
		WHERE LEFT(TRIM(check_disbursement_no), 7) = nDisbursementNo
		ORDER BY check_disbursement_id DESC 
		LIMIT 1);
	
	IF (period IS NULL ) THEN 
		SET period = "0000";
	END IF;
	
	SET tPeriod = CAST(period AS DECIMAL(10));
	
	SET tPeriod = tPeriod + 1;
	
	SET period = RIGHT(CONCAT('000', TRIM(CAST(tPeriod AS CHAR(4)))), 4);
	
	SET nDisbursementNo = CONCAT(nDisbursementNo, period);
		
	SET new.check_disbursement_no = nDisbursementNo;
	
    END */$$


DELIMITER ;

/* Trigger structure for table `acct_check_receipt` */

DELIMITER $$

/*!50003 DROP TRIGGER*//*!50032 IF EXISTS */ /*!50003 `insert_acct_check_receipt` */$$

/*!50003 CREATE */ /*!50017 DEFINER = 'root'@'localhost' */ /*!50003 TRIGGER `insert_acct_check_receipt` BEFORE INSERT ON `acct_check_receipt` FOR EACH ROW BEGIN
	DECLARE year_period 		VARCHAR(20);
	DECLARE month_period 		VARCHAR(20);
	DECLARE day_period 		VARCHAR(20);
	DECLARE period 			VARCHAR(20);
	DECLARE tPeriod			INT;
	DECLARE nReceiptNo		VARCHAR(20);
	
	DECLARE nOpeningBalance		DECIMAL(20,2);
	DECLARE nLastBalance		DECIMAL(20,2);
	DECLARE nTransactionType	DECIMAL(10);
	DECLARE nTransactionCode	VARCHAR(20);
	DECLARE nTransactionID		INT(10);
	DECLARE nTransactionDate	DATE;
	
	SET year_period = (SELECT RIGHT(YEAR(new.check_receipt_date),2));
	
	SET month_period = (SELECT RIGHT(CONCAT('0', MONTH(new.check_receipt_date)), 2));
	
	SET day_period = (SELECT RIGHT(CONCAT('0', DAY(new.check_receipt_date)), 2));
	
	SET nReceiptNo = CONCAT('BGM', year_period, month_period);
		
	SET period = (SELECT RIGHT(TRIM(check_receipt_no), 4) 
		FROM acct_check_receipt
		WHERE LEFT(TRIM(check_receipt_no), 7) = nReceiptNo
		ORDER BY check_receipt_id DESC 
		LIMIT 1);
	
	IF (period IS NULL ) THEN 
		SET period = "0000";
	END IF;
	
	SET tPeriod = CAST(period AS DECIMAL(10));
	
	SET tPeriod = tPeriod + 1;
	
	SET period = RIGHT(CONCAT('000', TRIM(CAST(tPeriod AS CHAR(4)))), 4);
	
	SET nReceiptNo = CONCAT(nReceiptNo, period);
		
	SET new.check_receipt_no = nReceiptNo;
	
    END */$$


DELIMITER ;

/* Trigger structure for table `acct_journal_voucher` */

DELIMITER $$

/*!50003 DROP TRIGGER*//*!50032 IF EXISTS */ /*!50003 `insert_acct_journal_voucher` */$$

/*!50003 CREATE */ /*!50017 DEFINER = 'root'@'localhost' */ /*!50003 TRIGGER `insert_acct_journal_voucher` BEFORE INSERT ON `acct_journal_voucher` FOR EACH ROW BEGIN
	DECLARE year_period 		VARCHAR(20);
	DECLARE month_period 		VARCHAR(20);
	DECLARE PERIOD 			VARCHAR(20);
	DECLARE tPeriod			INT;
	DECLARE nJournalVoucherNo	VARCHAR(20);
	DECLARE monthPeriod		VARCHAR(20);
	
	SET year_period = (YEAR(new.journal_voucher_date));
	
	SET month_period = (SELECT RIGHT(CONCAT('0', MONTH(new.journal_voucher_date)), 2));
	
	IF (month_period) = '01' THEN 
		SET monthPeriod = 'I';
	END IF;
	
	IF (month_period) = '02' THEN 
		SET monthPeriod = 'II';
	END IF;
	
	IF (month_period) = '03' THEN 
		SET monthPeriod = 'III';
	END IF;
	
	IF (month_period) = '04' THEN 
		SET monthPeriod = 'IV';
	END IF;	
	
	IF (month_period) = '05' THEN 
		SET monthPeriod = 'V';
	END IF;
	
	IF (month_period) = '06' THEN 
		SET monthPeriod = 'VI';
	END IF;
	
	IF (month_period) = '07' THEN 
		SET monthPeriod = 'VII';
	END IF;
	
	IF (month_period) = '08' THEN 
		SET monthPeriod = 'VIII';
	END IF;
	
	IF (month_period) = '09' THEN 
		SET monthPeriod = 'IX';
	END IF;
	
	IF (month_period) = '10' THEN 
		SET monthPeriod = 'X';
	END IF;
	
	IF (month_period) = '11' THEN 
		SET monthPeriod = 'XI';
	END IF;
	
	IF (month_period) = '12' THEN 
		SET monthPeriod = 'XII';
	END IF;
		
	SET PERIOD = (SELECT LEFT(TRIM(journal_voucher_no), 4) 
			FROM acct_journal_voucher
			WHERE RIGHT(TRIM(journal_voucher_no), 4) = year_period
			ORDER BY journal_voucher_id DESC 
			LIMIT 1);
		
	IF (PERIOD IS NULL ) THEN 
		SET PERIOD = "0000";
	END IF;
	
	SET tPeriod = CAST(PERIOD AS DECIMAL(10));
	
	SET tPeriod = tPeriod + 1;
	
	SET PERIOD = RIGHT(CONCAT('0000', TRIM(CAST(tPeriod AS CHAR(4)))), 4);
	
	SET nJournalVoucherNo = CONCAT(PERIOD, '/JV/', monthPeriod, '/', year_period);
		
	SET new.journal_voucher_no = nJournalVoucherNo;
    END */$$


DELIMITER ;

/* Trigger structure for table `acct_journal_voucher_item` */

DELIMITER $$

/*!50003 DROP TRIGGER*//*!50032 IF EXISTS */ /*!50003 `insert_acct_journal_voucher_item` */$$

/*!50003 CREATE */ /*!50017 DEFINER = 'root'@'localhost' */ /*!50003 TRIGGER `insert_acct_journal_voucher_item` BEFORE INSERT ON `acct_journal_voucher_item` FOR EACH ROW BEGIN
	DECLARE nAccountIDDefaultStatus		DECIMAL(1);
	
	DECLARE nAccountID		INT(10);
	DECLARE nBranchID		INT(10);
	DECLARE nOpeningBalance		DECIMAL(20);
	DECLARE nLastBalance		DECIMAL(20);
	DECLARE nTransactionType	DECIMAL(10);
	DECLARE nTransactionCode	VARCHAR(20);
	DECLARE nTransactionID		INT(10);
	DECLARE nTransactionDate	DATE;
	DECLARE nAccountIn		DECIMAL(20);
	DECLARE nAccountOut		DECIMAL(20);
	DECLARE nCreatedId		INT(10);
	
	
	SET nCreatedId			= (SELECT created_id FROM acct_journal_voucher
						WHERE journal_voucher_id = new.journal_voucher_id);
	
	SET nBranchID 			= (SELECT company_id FROM acct_journal_voucher
						WHERE journal_voucher_id = new.journal_voucher_id);
						
	SET nOpeningBalance 		= (SELECT last_balance FROM acct_account_balance
						WHERE company_id = nBranchID
						AND account_id = new.account_id);
						
	IF ( nOpeningBalance IS NULL ) THEN
		SET nOpeningBalance = 0;
	END IF;
				
	SET nAccountIDDefaultStatus 	= (SELECT account_default_status FROM acct_account 
						WHERE account_id = new.account_id);
						
	IF (new.account_id_status = nAccountIDDefaultStatus) THEN
		SET nLastBalance 	= nOpeningBalance + new.journal_voucher_amount;
		SET nAccountIn 		= new.journal_voucher_amount;
		SET nAccountOut		= 0;
	ELSE
		SET nLastBalance 	= nOpeningBalance - new.journal_voucher_amount;
		SET nAccountIn 		= 0;
		SET nAccountOut		= new.journal_voucher_amount;
	END IF; 
	
	SET nAccountID 			= (SELECT account_id FROM acct_account_balance 
						WHERE company_id = nBranchID
						AND account_id = new.account_id);
	
	IF (nAccountID IS NULL) THEN
		INSERT INTO acct_account_balance (company_id, account_id, last_balance, created_id) VALUES (nBranchID, new.account_id, nLastBalance, nCreatedId);
	ELSE 
		UPDATE acct_account_balance SET last_balance = nLastBalance
			WHERE account_id = new.account_id
			AND company_id = nBranchID;
	END IF;
	
		
	SET nTransactionType 		= (SELECT transaction_module_id FROM acct_journal_voucher WHERE journal_voucher_id = new.journal_voucher_id);
		
	SET nTransactionCode 		= (SELECT transaction_module_code FROM acct_journal_voucher WHERE journal_voucher_id = new.journal_voucher_id);
	
	SET nTransactionID 		= new.journal_voucher_id;
		
	SET nTransactionDate 		= (SELECT journal_voucher_date FROM acct_journal_voucher WHERE journal_voucher_id = new.journal_voucher_id);
		
	INSERT INTO acct_account_balance_detail (company_id, transaction_type, transaction_code, transaction_id, transaction_date, 
		account_id, opening_balance, account_in, account_out, last_balance, created_id)
		VALUES (nBranchID, nTransactionType, nTransactionCode, nTransactionID, nTransactionDate, 
			new.account_id, nOpeningBalance, nAccountIn, nAccountOut, nLastBalance, nCreatedId);
    END */$$


DELIMITER ;

/* Trigger structure for table `inv_goods_received_note` */

DELIMITER $$

/*!50003 DROP TRIGGER*//*!50032 IF EXISTS */ /*!50003 `insert_inv_goods_received_note` */$$

/*!50003 CREATE */ /*!50017 DEFINER = 'root'@'localhost' */ /*!50003 TRIGGER `insert_inv_goods_received_note` BEFORE INSERT ON `inv_goods_received_note` FOR EACH ROW BEGIN
	DECLARE year_period 			VARCHAR(20);
	DECLARE month_period 			VARCHAR(20);
	DECLARE PERIOD 				VARCHAR(20);
	DECLARE tPeriod				INT;
	DECLARE nInvGoodsReceivedNoteNo		VARCHAR(20);
	DECLARE monthPeriod			VARCHAR(20);
	DECLARE lenInvGoodsReceivedNoteNo	DECIMAL(10);
	
	SET year_period = (YEAR(new.goods_received_note_date));
	
	SET month_period = (SELECT RIGHT(CONCAT('0', MONTH(new.goods_received_note_date)), 2));
	
	IF (month_period) = '01' THEN 
		SET monthPeriod = 'I';
	END IF;
	
	IF (month_period) = '02' THEN 
		SET monthPeriod = 'II';
	END IF;
	
	IF (month_period) = '03' THEN 
		SET monthPeriod = 'III';
	END IF;
	
	IF (month_period) = '04' THEN 
		SET monthPeriod = 'IV';
	END IF;	
	
	IF (month_period) = '05' THEN 
		SET monthPeriod = 'V';
	END IF;
	
	IF (month_period) = '06' THEN 
		SET monthPeriod = 'VI';
	END IF;
	
	IF (month_period) = '07' THEN 
		SET monthPeriod = 'VII';
	END IF;
	
	IF (month_period) = '08' THEN 
		SET monthPeriod = 'VIII';
	END IF;
	
	IF (month_period) = '09' THEN 
		SET monthPeriod = 'IX';
	END IF;
	
	IF (month_period) = '10' THEN 
		SET monthPeriod = 'X';
	END IF;
	
	IF (month_period) = '11' THEN 
		SET monthPeriod = 'XI';
	END IF;
	
	IF (month_period) = '12' THEN 
		SET monthPeriod = 'XII';
	END IF;
		
	SET PERIOD = (SELECT LEFT(TRIM(goods_received_note_no), 4) 
			FROM inv_goods_received_note
			WHERE RIGHT(TRIM(goods_received_note_no), 4) = year_period
			ORDER BY goods_received_note_id DESC 
			LIMIT 1);
		
	IF (PERIOD IS NULL ) THEN 
		SET PERIOD = "0000";
	END IF;
	
	SET tPeriod = CAST(PERIOD AS DECIMAL(10));
	
	SET tPeriod = tPeriod + 1;
	
	SET PERIOD = RIGHT(CONCAT('0000', TRIM(CAST(tPeriod AS CHAR(4)))), 4);
	
	SET nInvGoodsReceivedNoteNo = CONCAT(PERIOD, '/IGRN/', monthPeriod, '/', year_period);
		
	SET new.goods_received_note_no = nInvGoodsReceivedNoteNo;
    END */$$


DELIMITER ;

/* Trigger structure for table `inv_goods_received_note_item` */

DELIMITER $$

/*!50003 DROP TRIGGER*//*!50032 IF EXISTS */ /*!50003 `insert_inv_item_stock_card_in` */$$

/*!50003 CREATE */ /*!50017 DEFINER = 'root'@'localhost' */ /*!50003 TRIGGER `insert_inv_item_stock_card_in` AFTER INSERT ON `inv_goods_received_note_item` FOR EACH ROW BEGIN
	DECLARE nOpeningBalance 		DECIMAL(20,5); 
	DECLARE nLastOpeningBalance 		DECIMAL(20,5);  
	DECLARE nLastBalance	 		DECIMAL(20,5);
	DECLARE nQuantityReceived	 	DECIMAL(20,5);
	DECLARE nItemID				INT(18);
	DECLARE nWarehouseID			INT(10);
	DECLARE nSectionID			INT(10);
	
	DECLARE nTransactionID			BIGINT(22);
	DECLARE nTransactionType		DECIMAL(10);
	DECLARE nTransactionCode		VARCHAR(20);
	DECLARE nTransactionDate		DATE;
	
	DECLARE nQuantity 			DECIMAL(10,2);
	DECLARE nReceivedQuantity 		DECIMAL(10,2);
	DECLARE nItemStockID			BIGINT(22);
	DECLARE nLastItemStockID		BIGINT(22);
	DECLARE nFirstItemStockID			BIGINT(22);
	DECLARE nSecondItemStockID			BIGINT(22);
	
	
	SET nWarehouseID 	= (SELECT warehouse_id FROM inv_goods_received_note 
						WHERE goods_received_note_id = new.goods_received_note_id);
				
	SET nTransactionType 	= 1;
	
	SET nTransactionID 	= new.goods_received_note_id;
	
	SET nTransactionCode 	= 'INVT_GDS_RCV_NOTE';
	
	SET nTransactionDate 	= (SELECT goods_received_note_date FROM inv_goods_received_note
					WHERE goods_received_note_id = new.goods_received_note_id);
					
	SET nLastOpeningBalance = (SELECT last_balance FROM inv_item_stock_card
					WHERE item_type_id = new.item_type_id AND item_batch_number = new.item_batch_number
					ORDER BY item_stock_card_id DESC LIMIT 1);
					
	SET nSecondItemStockID 	= (SELECT item_stock_id FROM inv_item_stock
					ORDER BY item_stock_id DESC LIMIT 1);
	
	SET nLastItemStockID 	= (SELECT item_stock_id FROM inv_item_stock 
					WHERE item_type_id = new.item_type_id AND item_batch_number = new.item_batch_number
					ORDER BY item_stock_id DESC LIMIT 1);
					
					
	select auto_increment into nFirstItemStockID
	from information_schema.tables
	where table_name = 'inv_item_stock'
	and table_schema = database();
	
					
	IF (nLastItemStockID IS NULL) THEN
		if (nSecondItemStockID is null) then
			SET nItemStockID     = nFirstItemStockID;
		else
			SET nItemStockID     = nSecondItemStockID + 1;
		end if;
	ELSE
		SET nItemStockID     = nLastItemStockID;
	END IF;	
	
	SET nQuantityReceived   = new.quantity_received;
						
		
	if (nLastOpeningBalance is null) then
		SET nOpeningBalance     = 0;
		set nLastOpeningBalance = 0 + nQuantityReceived;
	else
		SET nOpeningBalance     = nLastOpeningBalance;
		set nLastOpeningBalance = nLastOpeningBalance + nQuantityReceived;
	end if;
	
	
	INSERT INTO inv_item_stock_card (item_stock_id, item_category_id, item_type_id, item_unit_id, item_batch_number, warehouse_id, 
		transaction_id, transaction_type, transaction_code, transaction_date, 
		opening_balance, item_stock_card_in, last_balance)
		VALUES (nItemStockID, new.item_category_id, new.item_type_id, new.item_unit_id, new.item_batch_number, nWarehouseID, 
			nTransactionID, nTransactionType, nTransactionCode, nTransactionDate,
			nOpeningBalance, nQuantityReceived, nLastOpeningBalance);
			
    END */$$


DELIMITER ;

/* Trigger structure for table `inv_warehouse_in` */

DELIMITER $$

/*!50003 DROP TRIGGER*//*!50032 IF EXISTS */ /*!50003 `insert_inv_warehouse_in` */$$

/*!50003 CREATE */ /*!50017 DEFINER = 'root'@'localhost' */ /*!50003 TRIGGER `insert_inv_warehouse_in` BEFORE INSERT ON `inv_warehouse_in` FOR EACH ROW BEGIN
	DECLARE year_period 			VARCHAR(20);
	DECLARE month_period 			VARCHAR(20);
	DECLARE PERIOD 				VARCHAR(20);
	DECLARE tPeriod				INT;
	DECLARE nInvWarehouseInNo		VARCHAR(20);
	DECLARE monthPeriod			VARCHAR(20);
	DECLARE lenInvWarehouseInNo		DECIMAL(10);
	
	SET year_period = (YEAR(new.warehouse_in_date));
	
	SET month_period = (SELECT RIGHT(CONCAT('0', MONTH(new.warehouse_in_date)), 2));
	
	IF (month_period) = '01' THEN 
		SET monthPeriod = 'I';
	END IF;
	
	IF (month_period) = '02' THEN 
		SET monthPeriod = 'II';
	END IF;
	
	IF (month_period) = '03' THEN 
		SET monthPeriod = 'III';
	END IF;
	
	IF (month_period) = '04' THEN 
		SET monthPeriod = 'IV';
	END IF;	
	
	IF (month_period) = '05' THEN 
		SET monthPeriod = 'V';
	END IF;
	
	IF (month_period) = '06' THEN 
		SET monthPeriod = 'VI';
	END IF;
	
	IF (month_period) = '07' THEN 
		SET monthPeriod = 'VII';
	END IF;
	
	IF (month_period) = '08' THEN 
		SET monthPeriod = 'VIII';
	END IF;
	
	IF (month_period) = '09' THEN 
		SET monthPeriod = 'IX';
	END IF;
	
	IF (month_period) = '10' THEN 
		SET monthPeriod = 'X';
	END IF;
	
	IF (month_period) = '11' THEN 
		SET monthPeriod = 'XI';
	END IF;
	
	IF (month_period) = '12' THEN 
		SET monthPeriod = 'XII';
	END IF;
		
	SET PERIOD = (SELECT LEFT(TRIM(warehouse_in_no), 4) 
			FROM inv_warehouse_in
			WHERE RIGHT(TRIM(warehouse_in_no), 4) = year_period
			ORDER BY warehouse_in_id DESC 
			LIMIT 1);
		
	IF (PERIOD IS NULL ) THEN 
		SET PERIOD = "0000";
	END IF;
	
	SET tPeriod = CAST(PERIOD AS DECIMAL(10));
	
	SET tPeriod = tPeriod + 1;
	
	SET PERIOD = RIGHT(CONCAT('0000', TRIM(CAST(tPeriod AS CHAR(4)))), 4);
	
	SET nInvWarehouseInNo = CONCAT(PERIOD, '/WI/', monthPeriod, '/', year_period);
		
	SET new.warehouse_in_no = nInvWarehouseInNo;
    END */$$


DELIMITER ;

/* Trigger structure for table `inv_warehouse_out` */

DELIMITER $$

/*!50003 DROP TRIGGER*//*!50032 IF EXISTS */ /*!50003 `insert_inv_warehouse_out` */$$

/*!50003 CREATE */ /*!50017 DEFINER = 'root'@'localhost' */ /*!50003 TRIGGER `insert_inv_warehouse_out` BEFORE INSERT ON `inv_warehouse_out` FOR EACH ROW BEGIN
	DECLARE year_period 			VARCHAR(20);
	DECLARE month_period 			VARCHAR(20);
	DECLARE PERIOD 				VARCHAR(20);
	DECLARE tPeriod				INT;
	DECLARE nInvWarehouseOutNo		VARCHAR(20);
	DECLARE monthPeriod			VARCHAR(20);
	DECLARE lenInvWarehouseOutNo		DECIMAL(10);
	
	SET year_period = (YEAR(new.warehouse_out_date));
	
	SET month_period = (SELECT RIGHT(CONCAT('0', MONTH(new.warehouse_out_date)), 2));
	
	IF (month_period) = '01' THEN 
		SET monthPeriod = 'I';
	END IF;
	
	IF (month_period) = '02' THEN 
		SET monthPeriod = 'II';
	END IF;
	
	IF (month_period) = '03' THEN 
		SET monthPeriod = 'III';
	END IF;
	
	IF (month_period) = '04' THEN 
		SET monthPeriod = 'IV';
	END IF;	
	
	IF (month_period) = '05' THEN 
		SET monthPeriod = 'V';
	END IF;
	
	IF (month_period) = '06' THEN 
		SET monthPeriod = 'VI';
	END IF;
	
	IF (month_period) = '07' THEN 
		SET monthPeriod = 'VII';
	END IF;
	
	IF (month_period) = '08' THEN 
		SET monthPeriod = 'VIII';
	END IF;
	
	IF (month_period) = '09' THEN 
		SET monthPeriod = 'IX';
	END IF;
	
	IF (month_period) = '10' THEN 
		SET monthPeriod = 'X';
	END IF;
	
	IF (month_period) = '11' THEN 
		SET monthPeriod = 'XI';
	END IF;
	
	IF (month_period) = '12' THEN 
		SET monthPeriod = 'XII';
	END IF;
		
	SET PERIOD = (SELECT LEFT(TRIM(warehouse_out_no), 4) 
			FROM inv_warehouse_out
			WHERE RIGHT(TRIM(warehouse_out_no), 4) = year_period
			ORDER BY warehouse_out_id DESC 
			LIMIT 1);
		
	IF (PERIOD IS NULL ) THEN 
		SET PERIOD = "0000";
	END IF;
	
	SET tPeriod = CAST(PERIOD AS DECIMAL(10));
	
	SET tPeriod = tPeriod + 1;
	
	SET PERIOD = RIGHT(CONCAT('0000', TRIM(CAST(tPeriod AS CHAR(4)))), 4);
	
	SET nInvWarehouseOutNo = CONCAT(PERIOD, '/WO/', monthPeriod, '/', year_period);
		
	SET new.warehouse_out_no = nInvWarehouseOutNo;
    END */$$


DELIMITER ;

/* Trigger structure for table `inv_warehouse_transfer` */

DELIMITER $$

/*!50003 DROP TRIGGER*//*!50032 IF EXISTS */ /*!50003 `insert_inv_warehouse_transfer` */$$

/*!50003 CREATE */ /*!50017 DEFINER = 'root'@'localhost' */ /*!50003 TRIGGER `insert_inv_warehouse_transfer` BEFORE INSERT ON `inv_warehouse_transfer` FOR EACH ROW BEGIN
	DECLARE year_period 			VARCHAR(20);
	DECLARE month_period 			VARCHAR(20);
	DECLARE PERIOD 				VARCHAR(20);
	DECLARE tPeriod				INT;
	DECLARE nInvWarehouseTransferNo		VARCHAR(20);
	DECLARE monthPeriod			VARCHAR(20);
	DECLARE lenInvWarehouseTransferNo	DECIMAL(10);
	
	SET year_period = (YEAR(new.warehouse_transfer_date));
	
	SET month_period = (SELECT RIGHT(CONCAT('0', MONTH(new.warehouse_transfer_date)), 2));
	
	IF (month_period) = '01' THEN 
		SET monthPeriod = 'I';
	END IF;
	
	IF (month_period) = '02' THEN 
		SET monthPeriod = 'II';
	END IF;
	
	IF (month_period) = '03' THEN 
		SET monthPeriod = 'III';
	END IF;
	
	IF (month_period) = '04' THEN 
		SET monthPeriod = 'IV';
	END IF;	
	
	IF (month_period) = '05' THEN 
		SET monthPeriod = 'V';
	END IF;
	
	IF (month_period) = '06' THEN 
		SET monthPeriod = 'VI';
	END IF;
	
	IF (month_period) = '07' THEN 
		SET monthPeriod = 'VII';
	END IF;
	
	IF (month_period) = '08' THEN 
		SET monthPeriod = 'VIII';
	END IF;
	
	IF (month_period) = '09' THEN 
		SET monthPeriod = 'IX';
	END IF;
	
	IF (month_period) = '10' THEN 
		SET monthPeriod = 'X';
	END IF;
	
	IF (month_period) = '11' THEN 
		SET monthPeriod = 'XI';
	END IF;
	
	IF (month_period) = '12' THEN 
		SET monthPeriod = 'XII';
	END IF;
		
	SET PERIOD = (SELECT LEFT(TRIM(warehouse_transfer_no), 4) 
			FROM inv_warehouse_transfer
			WHERE RIGHT(TRIM(warehouse_transfer_no), 4) = year_period
			ORDER BY warehouse_transfer_id DESC 
			LIMIT 1);
		
	IF (PERIOD IS NULL ) THEN 
		SET PERIOD = "0000";
	END IF;
	
	SET tPeriod = CAST(PERIOD AS DECIMAL(10));
	
	SET tPeriod = tPeriod + 1;
	
	SET PERIOD = RIGHT(CONCAT('0000', TRIM(CAST(tPeriod AS CHAR(4)))), 4);
	
	SET nInvWarehouseTransferNo = CONCAT(PERIOD, '/WT/', monthPeriod, '/', year_period);
		
	SET new.warehouse_transfer_no = nInvWarehouseTransferNo;
    END */$$


DELIMITER ;

/* Trigger structure for table `inv_warehouse_transfer_received_note` */

DELIMITER $$

/*!50003 DROP TRIGGER*//*!50032 IF EXISTS */ /*!50003 `insert_inv_warehouse_transfer_received_note` */$$

/*!50003 CREATE */ /*!50017 DEFINER = 'root'@'localhost' */ /*!50003 TRIGGER `insert_inv_warehouse_transfer_received_note` BEFORE INSERT ON `inv_warehouse_transfer_received_note` FOR EACH ROW BEGIN
	DECLARE year_period 				VARCHAR(20);
	DECLARE month_period 				VARCHAR(20);
	DECLARE PERIOD 					VARCHAR(20);
	DECLARE tPeriod					INT;
	DECLARE nInvWarehouseTransferReceivedNoteNo	VARCHAR(20);
	DECLARE monthPeriod				VARCHAR(20);
	DECLARE lenInvWarehouseTransferReceivedNoteNo	DECIMAL(10);
	
	SET year_period = (YEAR(new.warehouse_transfer_received_note_date));
	
	SET month_period = (SELECT RIGHT(CONCAT('0', MONTH(new.warehouse_transfer_received_note_date)), 2));
	
	IF (month_period) = '01' THEN 
		SET monthPeriod = 'I';
	END IF;
	
	IF (month_period) = '02' THEN 
		SET monthPeriod = 'II';
	END IF;
	
	IF (month_period) = '03' THEN 
		SET monthPeriod = 'III';
	END IF;
	
	IF (month_period) = '04' THEN 
		SET monthPeriod = 'IV';
	END IF;	
	
	IF (month_period) = '05' THEN 
		SET monthPeriod = 'V';
	END IF;
	
	IF (month_period) = '06' THEN 
		SET monthPeriod = 'VI';
	END IF;
	
	IF (month_period) = '07' THEN 
		SET monthPeriod = 'VII';
	END IF;
	
	IF (month_period) = '08' THEN 
		SET monthPeriod = 'VIII';
	END IF;
	
	IF (month_period) = '09' THEN 
		SET monthPeriod = 'IX';
	END IF;
	
	IF (month_period) = '10' THEN 
		SET monthPeriod = 'X';
	END IF;
	
	IF (month_period) = '11' THEN 
		SET monthPeriod = 'XI';
	END IF;
	
	IF (month_period) = '12' THEN 
		SET monthPeriod = 'XII';
	END IF;
		
	SET PERIOD = (SELECT LEFT(TRIM(warehouse_transfer_received_note_no), 4) 
			FROM inv_warehouse_transfer_received_note
			WHERE RIGHT(TRIM(warehouse_transfer_received_note_no), 4) = year_period
			ORDER BY warehouse_transfer_received_note_id DESC 
			LIMIT 1);
		
	IF (PERIOD IS NULL ) THEN 
		SET PERIOD = "0000";
	END IF;
	
	SET tPeriod = CAST(PERIOD AS DECIMAL(10));
	
	SET tPeriod = tPeriod + 1;
	
	SET PERIOD = RIGHT(CONCAT('0000', TRIM(CAST(tPeriod AS CHAR(4)))), 4);
	
	SET nInvWarehouseTransferReceivedNoteNo = CONCAT(PERIOD, '/WTRN/', monthPeriod, '/', year_period);
		
	SET new.warehouse_transfer_received_note_no = nInvWarehouseTransferReceivedNoteNo;
    END */$$


DELIMITER ;

/* Trigger structure for table `purchase_invoice` */

DELIMITER $$

/*!50003 DROP TRIGGER*//*!50032 IF EXISTS */ /*!50003 `insert_purchase_invoice` */$$

/*!50003 CREATE */ /*!50017 DEFINER = 'root'@'localhost' */ /*!50003 TRIGGER `insert_purchase_invoice` BEFORE INSERT ON `purchase_invoice` FOR EACH ROW BEGIN
	DECLARE year_period 		VARCHAR(20);
	DECLARE month_period 		VARCHAR(20);
	DECLARE PERIOD 			VARCHAR(20);
	DECLARE tPeriod			INT;
	DECLARE nPurchaseInvoiceNo	VARCHAR(20);
	DECLARE monthPeriod		VARCHAR(20);
	DECLARE lenPurchaseInvoiceNo	DECIMAL(10);
	
	SET year_period = (YEAR(new.purchase_invoice_date));
	
	SET month_period = (SELECT RIGHT(CONCAT('0', MONTH(new.purchase_invoice_date)), 2));
	
	IF (month_period) = '01' THEN 
		SET monthPeriod = 'I';
	END IF;
	
	IF (month_period) = '02' THEN 
		SET monthPeriod = 'II';
	END IF;
	
	IF (month_period) = '03' THEN 
		SET monthPeriod = 'III';
	END IF;
	
	IF (month_period) = '04' THEN 
		SET monthPeriod = 'IV';
	END IF;	
	
	IF (month_period) = '05' THEN 
		SET monthPeriod = 'V';
	END IF;
	
	IF (month_period) = '06' THEN 
		SET monthPeriod = 'VI';
	END IF;
	
	IF (month_period) = '07' THEN 
		SET monthPeriod = 'VII';
	END IF;
	
	IF (month_period) = '08' THEN 
		SET monthPeriod = 'VIII';
	END IF;
	
	IF (month_period) = '09' THEN 
		SET monthPeriod = 'IX';
	END IF;
	
	IF (month_period) = '10' THEN 
		SET monthPeriod = 'X';
	END IF;
	
	IF (month_period) = '11' THEN 
		SET monthPeriod = 'XI';
	END IF;
	
	IF (month_period) = '12' THEN 
		SET monthPeriod = 'XII';
	END IF;
		
	SET PERIOD = (SELECT LEFT(TRIM(purchase_invoice_no), 4) 
			FROM purchase_invoice
			WHERE RIGHT(TRIM(purchase_invoice_no), 4) = year_period
			ORDER BY purchase_invoice_id DESC 
			LIMIT 1);
		
	IF (PERIOD IS NULL ) THEN 
		SET PERIOD = "0000";
	END IF;
	
	SET tPeriod = CAST(PERIOD AS DECIMAL(10));
	
	SET tPeriod = tPeriod + 1;
	
	SET PERIOD = RIGHT(CONCAT('0000', TRIM(CAST(tPeriod AS CHAR(4)))), 4);
	
	SET nPurchaseInvoiceNo = CONCAT(PERIOD, '/PI/', monthPeriod, '/', year_period);
		
	SET new.purchase_invoice_no = nPurchaseInvoiceNo;
    END */$$


DELIMITER ;

/* Trigger structure for table `purchase_order` */

DELIMITER $$

/*!50003 DROP TRIGGER*//*!50032 IF EXISTS */ /*!50003 `insert_purchase_order` */$$

/*!50003 CREATE */ /*!50017 DEFINER = 'root'@'localhost' */ /*!50003 TRIGGER `insert_purchase_order` BEFORE INSERT ON `purchase_order` FOR EACH ROW BEGIN
	DECLARE year_period 		VARCHAR(20);
	DECLARE month_period 		VARCHAR(20);
	DECLARE PERIOD 			VARCHAR(20);
	DECLARE tPeriod			INT;
	DECLARE nPurchaseOrderNo	VARCHAR(20);
	DECLARE monthPeriod		VARCHAR(20);
	DECLARE lenPurchaseOrderNo	DECIMAL(10);
	
	SET year_period = (YEAR(new.purchase_order_date));
	
	SET month_period = (SELECT RIGHT(CONCAT('0', MONTH(new.purchase_order_date)), 2));
	
	IF (month_period) = '01' THEN 
		SET monthPeriod = 'I';
	END IF;
	
	IF (month_period) = '02' THEN 
		SET monthPeriod = 'II';
	END IF;
	
	IF (month_period) = '03' THEN 
		SET monthPeriod = 'III';
	END IF;
	
	IF (month_period) = '04' THEN 
		SET monthPeriod = 'IV';
	END IF;	
	
	IF (month_period) = '05' THEN 
		SET monthPeriod = 'V';
	END IF;
	
	IF (month_period) = '06' THEN 
		SET monthPeriod = 'VI';
	END IF;
	
	IF (month_period) = '07' THEN 
		SET monthPeriod = 'VII';
	END IF;
	
	IF (month_period) = '08' THEN 
		SET monthPeriod = 'VIII';
	END IF;
	
	IF (month_period) = '09' THEN 
		SET monthPeriod = 'IX';
	END IF;
	
	IF (month_period) = '10' THEN 
		SET monthPeriod = 'X';
	END IF;
	
	IF (month_period) = '11' THEN 
		SET monthPeriod = 'XI';
	END IF;
	
	IF (month_period) = '12' THEN 
		SET monthPeriod = 'XII';
	END IF;
		
	SET PERIOD = (SELECT LEFT(TRIM(purchase_order_no), 4) 
			FROM purchase_order
			WHERE RIGHT(TRIM(purchase_order_no), 4) = year_period
			ORDER BY purchase_order_id DESC 
			LIMIT 1);
		
	IF (PERIOD IS NULL ) THEN 
		SET PERIOD = "0000";
	END IF;
	
	SET tPeriod = CAST(PERIOD AS DECIMAL(10));
	
	SET tPeriod = tPeriod + 1;
	
	SET PERIOD = RIGHT(CONCAT('0000', TRIM(CAST(tPeriod AS CHAR(4)))), 4);
	
	SET nPurchaseOrderNo = CONCAT(PERIOD, '/PO/', monthPeriod, '/', year_period);
		
	SET new.purchase_order_no = nPurchaseOrderNo;
    END */$$


DELIMITER ;

/* Trigger structure for table `purchase_order_return` */

DELIMITER $$

/*!50003 DROP TRIGGER*//*!50032 IF EXISTS */ /*!50003 `insert_purchase_order_return` */$$

/*!50003 CREATE */ /*!50017 DEFINER = 'root'@'localhost' */ /*!50003 TRIGGER `insert_purchase_order_return` BEFORE INSERT ON `purchase_order_return` FOR EACH ROW BEGIN
	DECLARE year_period 			VARCHAR(20);
	DECLARE month_period 			VARCHAR(20);
	DECLARE PERIOD 				VARCHAR(20);
	DECLARE tPeriod				INT;
	DECLARE nPurchaseOrderReturnNo		VARCHAR(20);
	DECLARE monthPeriod			VARCHAR(20);
	DECLARE lenPurchaseOrderReturnNo	DECIMAL(10);
	
	SET year_period = (YEAR(new.purchase_order_return_date));
	
	SET month_period = (SELECT RIGHT(CONCAT('0', MONTH(new.purchase_order_return_date)), 2));
	
	IF (month_period) = '01' THEN 
		SET monthPeriod = 'I';
	END IF;
	
	IF (month_period) = '02' THEN 
		SET monthPeriod = 'II';
	END IF;
	
	IF (month_period) = '03' THEN 
		SET monthPeriod = 'III';
	END IF;
	
	IF (month_period) = '04' THEN 
		SET monthPeriod = 'IV';
	END IF;	
	
	IF (month_period) = '05' THEN 
		SET monthPeriod = 'V';
	END IF;
	
	IF (month_period) = '06' THEN 
		SET monthPeriod = 'VI';
	END IF;
	
	IF (month_period) = '07' THEN 
		SET monthPeriod = 'VII';
	END IF;
	
	IF (month_period) = '08' THEN 
		SET monthPeriod = 'VIII';
	END IF;
	
	IF (month_period) = '09' THEN 
		SET monthPeriod = 'IX';
	END IF;
	
	IF (month_period) = '10' THEN 
		SET monthPeriod = 'X';
	END IF;
	
	IF (month_period) = '11' THEN 
		SET monthPeriod = 'XI';
	END IF;
	
	IF (month_period) = '12' THEN 
		SET monthPeriod = 'XII';
	END IF;
		
	SET PERIOD = (SELECT LEFT(TRIM(purchase_order_return_no), 4) 
			FROM purchase_order_return
			WHERE RIGHT(TRIM(purchase_order_return_no), 4) = year_period
			ORDER BY purchase_order_return_id DESC 
			LIMIT 1);
		
	IF (PERIOD IS NULL ) THEN 
		SET PERIOD = "0000";
	END IF;
	
	SET tPeriod = CAST(PERIOD AS DECIMAL(10));
	
	SET tPeriod = tPeriod + 1;
	
	SET PERIOD = RIGHT(CONCAT('0000', TRIM(CAST(tPeriod AS CHAR(4)))), 4);
	
	SET nPurchaseOrderReturnNo = CONCAT(PERIOD, '/PR/', monthPeriod, '/', year_period);
		
	SET new.purchase_order_return_no = nPurchaseOrderReturnNo;
    END */$$


DELIMITER ;

/* Trigger structure for table `purchase_payment` */

DELIMITER $$

/*!50003 DROP TRIGGER*//*!50032 IF EXISTS */ /*!50003 `insert_purchase_payment` */$$

/*!50003 CREATE */ /*!50017 DEFINER = 'root'@'localhost' */ /*!50003 TRIGGER `insert_purchase_payment` BEFORE INSERT ON `purchase_payment` FOR EACH ROW BEGIN
	DECLARE year_period 		VARCHAR(20);
	DECLARE month_period 		VARCHAR(20);
	DECLARE PERIOD 			VARCHAR(20);
	DECLARE tPeriod			INT;
	DECLARE nPurchasePaymentNo	VARCHAR(20);
	DECLARE monthPeriod		VARCHAR(20);
	DECLARE lenPurchasePaymentNo	DECIMAL(10);
	
	SET year_period = (YEAR(new.payment_date));
	
	SET month_period = (SELECT RIGHT(CONCAT('0', MONTH(new.payment_date)), 2));
	
	IF (month_period) = '01' THEN 
		SET monthPeriod = 'I';
	END IF;
	
	IF (month_period) = '02' THEN 
		SET monthPeriod = 'II';
	END IF;
	
	IF (month_period) = '03' THEN 
		SET monthPeriod = 'III';
	END IF;
	
	IF (month_period) = '04' THEN 
		SET monthPeriod = 'IV';
	END IF;	
	
	IF (month_period) = '05' THEN 
		SET monthPeriod = 'V';
	END IF;
	
	IF (month_period) = '06' THEN 
		SET monthPeriod = 'VI';
	END IF;
	
	IF (month_period) = '07' THEN 
		SET monthPeriod = 'VII';
	END IF;
	
	IF (month_period) = '08' THEN 
		SET monthPeriod = 'VIII';
	END IF;
	
	IF (month_period) = '09' THEN 
		SET monthPeriod = 'IX';
	END IF;
	
	IF (month_period) = '10' THEN 
		SET monthPeriod = 'X';
	END IF;
	
	IF (month_period) = '11' THEN 
		SET monthPeriod = 'XI';
	END IF;
	
	IF (month_period) = '12' THEN 
		SET monthPeriod = 'XII';
	END IF;
		
	SET PERIOD = (SELECT LEFT(TRIM(payment_no), 4) 
			FROM purchase_payment
			WHERE RIGHT(TRIM(payment_no), 4) = year_period
			ORDER BY payment_id DESC 
			LIMIT 1);
		
	IF (PERIOD IS NULL ) THEN 
		SET PERIOD = "0000";
	END IF;
	
	SET tPeriod = CAST(PERIOD AS DECIMAL(10));
	
	SET tPeriod = tPeriod + 1;
	
	SET PERIOD = RIGHT(CONCAT('0000', TRIM(CAST(tPeriod AS CHAR(4)))), 4);
	
	SET nPurchasePaymentNo = CONCAT(PERIOD, '/PH/', monthPeriod, '/', year_period);
		
	SET new.payment_no = nPurchasePaymentNo;
    END */$$


DELIMITER ;

/* Trigger structure for table `sales_collection` */

DELIMITER $$

/*!50003 DROP TRIGGER*//*!50032 IF EXISTS */ /*!50003 `insert_sales_collection` */$$

/*!50003 CREATE */ /*!50017 DEFINER = 'root'@'localhost' */ /*!50003 TRIGGER `insert_sales_collection` BEFORE INSERT ON `sales_collection` FOR EACH ROW BEGIN
	DECLARE year_period 		VARCHAR(20);
	DECLARE month_period 		VARCHAR(20);
	DECLARE PERIOD 			VARCHAR(20);
	DECLARE tPeriod			INT;
	DECLARE nSalesCollectionNo	VARCHAR(20);
	DECLARE monthPeriod		VARCHAR(20);
	DECLARE lenSalesCollectionNo	DECIMAL(10);
	
	SET year_period = (YEAR(new.collection_date));
	
	SET month_period = (SELECT RIGHT(CONCAT('0', MONTH(new.collection_date)), 2));
	
	IF (month_period) = '01' THEN 
		SET monthPeriod = 'I';
	END IF;
	
	IF (month_period) = '02' THEN 
		SET monthPeriod = 'II';
	END IF;
	
	IF (month_period) = '03' THEN 
		SET monthPeriod = 'III';
	END IF;
	
	IF (month_period) = '04' THEN 
		SET monthPeriod = 'IV';
	END IF;	
	
	IF (month_period) = '05' THEN 
		SET monthPeriod = 'V';
	END IF;
	
	IF (month_period) = '06' THEN 
		SET monthPeriod = 'VI';
	END IF;
	
	IF (month_period) = '07' THEN 
		SET monthPeriod = 'VII';
	END IF;
	
	IF (month_period) = '08' THEN 
		SET monthPeriod = 'VIII';
	END IF;
	
	IF (month_period) = '09' THEN 
		SET monthPeriod = 'IX';
	END IF;
	
	IF (month_period) = '10' THEN 
		SET monthPeriod = 'X';
	END IF;
	
	IF (month_period) = '11' THEN 
		SET monthPeriod = 'XI';
	END IF;
	
	IF (month_period) = '12' THEN 
		SET monthPeriod = 'XII';
	END IF;
		
	SET PERIOD = (SELECT LEFT(TRIM(collection_no), 4) 
			FROM sales_collection
			WHERE RIGHT(TRIM(collection_no), 4) = year_period
			ORDER BY collection_id DESC 
			LIMIT 1);
		
	IF (PERIOD IS NULL ) THEN 
		SET PERIOD = "0000";
	END IF;
	
	SET tPeriod = CAST(PERIOD AS DECIMAL(10));
	
	SET tPeriod = tPeriod + 1;
	
	SET PERIOD = RIGHT(CONCAT('0000', TRIM(CAST(tPeriod AS CHAR(4)))), 4);
	
	SET nSalesCollectionNo = CONCAT(PERIOD, '/PO/', monthPeriod, '/', year_period);
		
	SET new.collection_no = nSalesCollectionNo;
    END */$$


DELIMITER ;

/* Trigger structure for table `sales_delivery_note` */

DELIMITER $$

/*!50003 DROP TRIGGER*//*!50032 IF EXISTS */ /*!50003 `insert_sales_delivery_note` */$$

/*!50003 CREATE */ /*!50017 DEFINER = 'root'@'localhost' */ /*!50003 TRIGGER `insert_sales_delivery_note` BEFORE INSERT ON `sales_delivery_note` FOR EACH ROW BEGIN
	DECLARE year_period 			VARCHAR(20);
	DECLARE month_period 			VARCHAR(20);
	DECLARE PERIOD 				VARCHAR(20);
	DECLARE tPeriod				INT;
	DECLARE nSalesDeliveryNoteNo		VARCHAR(20);
	DECLARE monthPeriod			VARCHAR(20);
	DECLARE lenSalesDeliveryNoteNo		DECIMAL(10);
	
	SET year_period = (YEAR(new.sales_delivery_note_date));
	
	SET month_period = (SELECT RIGHT(CONCAT('0', MONTH(new.sales_delivery_note_date)), 2));
	
	IF (month_period) = '01' THEN 
		SET monthPeriod = 'I';
	END IF;
	
	IF (month_period) = '02' THEN 
		SET monthPeriod = 'II';
	END IF;
	
	IF (month_period) = '03' THEN 
		SET monthPeriod = 'III';
	END IF;
	
	IF (month_period) = '04' THEN 
		SET monthPeriod = 'IV';
	END IF;	
	
	IF (month_period) = '05' THEN 
		SET monthPeriod = 'V';
	END IF;
	
	IF (month_period) = '06' THEN 
		SET monthPeriod = 'VI';
	END IF;
	
	IF (month_period) = '07' THEN 
		SET monthPeriod = 'VII';
	END IF;
	
	IF (month_period) = '08' THEN 
		SET monthPeriod = 'VIII';
	END IF;
	
	IF (month_period) = '09' THEN 
		SET monthPeriod = 'IX';
	END IF;
	
	IF (month_period) = '10' THEN 
		SET monthPeriod = 'X';
	END IF;
	
	IF (month_period) = '11' THEN 
		SET monthPeriod = 'XI';
	END IF;
	
	IF (month_period) = '12' THEN 
		SET monthPeriod = 'XII';
	END IF;
		
	SET PERIOD = (SELECT LEFT(TRIM(sales_delivery_note_no), 4) 
			FROM sales_delivery_note
			WHERE RIGHT(TRIM(sales_delivery_note_no), 4) = year_period
			ORDER BY sales_delivery_note_id DESC 
			LIMIT 1);
		
	IF (PERIOD IS NULL ) THEN 
		SET PERIOD = "0000";
	END IF;
	
	SET tPeriod = CAST(PERIOD AS DECIMAL(10));
	
	SET tPeriod = tPeriod + 1;
	
	SET PERIOD = RIGHT(CONCAT('0000', TRIM(CAST(tPeriod AS CHAR(4)))), 4);
	
	SET nSalesDeliveryNoteNo = CONCAT(PERIOD, '/SDN/', monthPeriod, '/', year_period);
		
	SET new.sales_delivery_note_no = nSalesDeliveryNoteNo;
    END */$$


DELIMITER ;

/* Trigger structure for table `sales_delivery_order` */

DELIMITER $$

/*!50003 DROP TRIGGER*//*!50032 IF EXISTS */ /*!50003 `insert_sales_delivery_order` */$$

/*!50003 CREATE */ /*!50017 DEFINER = 'root'@'localhost' */ /*!50003 TRIGGER `insert_sales_delivery_order` BEFORE INSERT ON `sales_delivery_order` FOR EACH ROW BEGIN
	DECLARE year_period 			VARCHAR(20);
	DECLARE month_period 			VARCHAR(20);
	DECLARE PERIOD 				VARCHAR(20);
	DECLARE tPeriod				INT;
	DECLARE nSalesDeliveryOrderNo		VARCHAR(20);
	DECLARE monthPeriod			VARCHAR(20);
	DECLARE lenSalesDeliveryOrderNo		DECIMAL(10);
	
	SET year_period = (YEAR(new.sales_delivery_order_date));
	
	SET month_period = (SELECT RIGHT(CONCAT('0', MONTH(new.sales_delivery_order_date)), 2));
	
	IF (month_period) = '01' THEN 
		SET monthPeriod = 'I';
	END IF;
	
	IF (month_period) = '02' THEN 
		SET monthPeriod = 'II';
	END IF;
	
	IF (month_period) = '03' THEN 
		SET monthPeriod = 'III';
	END IF;
	
	IF (month_period) = '04' THEN 
		SET monthPeriod = 'IV';
	END IF;	
	
	IF (month_period) = '05' THEN 
		SET monthPeriod = 'V';
	END IF;
	
	IF (month_period) = '06' THEN 
		SET monthPeriod = 'VI';
	END IF;
	
	IF (month_period) = '07' THEN 
		SET monthPeriod = 'VII';
	END IF;
	
	IF (month_period) = '08' THEN 
		SET monthPeriod = 'VIII';
	END IF;
	
	IF (month_period) = '09' THEN 
		SET monthPeriod = 'IX';
	END IF;
	
	IF (month_period) = '10' THEN 
		SET monthPeriod = 'X';
	END IF;
	
	IF (month_period) = '11' THEN 
		SET monthPeriod = 'XI';
	END IF;
	
	IF (month_period) = '12' THEN 
		SET monthPeriod = 'XII';
	END IF;
		
	SET PERIOD = (SELECT LEFT(TRIM(sales_delivery_order_no), 4) 
			FROM sales_delivery_order
			WHERE RIGHT(TRIM(sales_delivery_order_no), 4) = year_period
			ORDER BY sales_delivery_order_id DESC 
			LIMIT 1);
		
	IF (PERIOD IS NULL ) THEN 
		SET PERIOD = "0000";
	END IF;
	
	SET tPeriod = CAST(PERIOD AS DECIMAL(10));
	
	SET tPeriod = tPeriod + 1;
	
	SET PERIOD = RIGHT(CONCAT('0000', TRIM(CAST(tPeriod AS CHAR(4)))), 4);
	
	SET nSalesDeliveryOrderNo = CONCAT(PERIOD, '/SDO/', monthPeriod, '/', year_period);
		
	SET new.sales_delivery_order_no = nSalesDeliveryOrderNo;
    END */$$


DELIMITER ;

/* Trigger structure for table `sales_invoice` */

DELIMITER $$

/*!50003 DROP TRIGGER*//*!50032 IF EXISTS */ /*!50003 `insert_sales_invoice` */$$

/*!50003 CREATE */ /*!50017 DEFINER = 'root'@'localhost' */ /*!50003 TRIGGER `insert_sales_invoice` BEFORE INSERT ON `sales_invoice` FOR EACH ROW BEGIN
	DECLARE year_period 		VARCHAR(50);
	DECLARE month_period 		VARCHAR(50);
	DECLARE PERIOD 			VARCHAR(20);
	DECLARE tPeriod			INT;
	DECLARE nSalesInvoiceNo		VARCHAR(20);
	DECLARE monthPeriod		VARCHAR(20);
	DECLARE lenSalesInvoiceNo	DECIMAL(10);
	
	SET year_period = (YEAR(new.sales_invoice_date));
	
	SET month_period = (SELECT RIGHT(CONCAT('0', MONTH(new.sales_invoice_date)), 2));
	
		
	SET PERIOD = (SELECT LEFT(TRIM(sales_invoice_no), 4) 
			FROM sales_invoice
			WHERE RIGHT(TRIM(sales_invoice_no), 4) = year_period
			ORDER BY sales_invoice_id DESC 
			LIMIT 1);
		
	IF (PERIOD IS NULL ) THEN 
		SET PERIOD = "0000";
	END IF;
	
	SET tPeriod = CAST(PERIOD AS DECIMAL(10));
	
	SET tPeriod = tPeriod + 1;
	
	SET PERIOD = RIGHT(CONCAT('0000', TRIM(CAST(tPeriod AS CHAR(4)))), 4);
	
	SET nSalesInvoiceNo = CONCAT(PERIOD, '/TMO.ME/', month_period, '/', year_period);
		
	SET new.sales_invoice_no = nSalesInvoiceNo;
    END */$$


DELIMITER ;

/* Trigger structure for table `sales_kwitansi` */

DELIMITER $$

/*!50003 DROP TRIGGER*//*!50032 IF EXISTS */ /*!50003 `insert_sales_kwitansi` */$$

/*!50003 CREATE */ /*!50017 DEFINER = 'root'@'localhost' */ /*!50003 TRIGGER `insert_sales_kwitansi` BEFORE INSERT ON `sales_kwitansi` FOR EACH ROW BEGIN
	DECLARE year_period 		VARCHAR(50);
	DECLARE month_period 		VARCHAR(50);
	DECLARE PERIOD 			VARCHAR(20);
	DECLARE tPeriod			INT;
	DECLARE nSalesInvoiceNo		VARCHAR(20);
	DECLARE monthPeriod		VARCHAR(20);
	DECLARE lenSalesInvoiceNo	DECIMAL(10);
	
	SET year_period = (YEAR(new.sales_kwitansi_date));
	
	SET month_period = (SELECT RIGHT(CONCAT('0', MONTH(new.sales_kwitansi_date)), 2));
	
		
	SET PERIOD = (SELECT LEFT(TRIM(sales_kwitansi_no), 4) 
			FROM sales_kwitansi
			WHERE RIGHT(TRIM(sales_kwitansi_no), 4) = year_period
			ORDER BY sales_kwitansi_id DESC 
			LIMIT 1);
		
	IF (PERIOD IS NULL ) THEN 
		SET PERIOD = "0000";
	END IF;
	
	SET tPeriod = CAST(PERIOD AS DECIMAL(10));
	
	SET tPeriod = tPeriod + 1;
	
	SET PERIOD = RIGHT(CONCAT('0000', TRIM(CAST(tPeriod AS CHAR(4)))), 4);
	
	SET nSalesInvoiceNo = CONCAT(PERIOD, '/KW.ME/', month_period, '/', year_period);
		
	SET new.sales_kwitansi_no = nSalesInvoiceNo;
    END */$$


DELIMITER ;

/* Trigger structure for table `sales_order` */

DELIMITER $$

/*!50003 DROP TRIGGER*//*!50032 IF EXISTS */ /*!50003 `insert_sales_order` */$$

/*!50003 CREATE */ /*!50017 DEFINER = 'root'@'localhost' */ /*!50003 TRIGGER `insert_sales_order` BEFORE INSERT ON `sales_order` FOR EACH ROW BEGIN
	DECLARE year_period 		VARCHAR(20);
	DECLARE month_period 		VARCHAR(20);
	DECLARE PERIOD 			VARCHAR(20);
	DECLARE tPeriod			INT;
	DECLARE nSalesOrderNo		VARCHAR(20);
	DECLARE monthPeriod		VARCHAR(20);
	DECLARE lenSalesOrderNo		DECIMAL(10);
	
	SET year_period = (YEAR(new.sales_order_date));
	
	SET month_period = (SELECT RIGHT(CONCAT('0', MONTH(new.sales_order_date)), 2));
	
	IF (month_period) = '01' THEN 
		SET monthPeriod = 'I';
	END IF;
	
	IF (month_period) = '02' THEN 
		SET monthPeriod = 'II';
	END IF;
	
	IF (month_period) = '03' THEN 
		SET monthPeriod = 'III';
	END IF;
	
	IF (month_period) = '04' THEN 
		SET monthPeriod = 'IV';
	END IF;	
	
	IF (month_period) = '05' THEN 
		SET monthPeriod = 'V';
	END IF;
	
	IF (month_period) = '06' THEN 
		SET monthPeriod = 'VI';
	END IF;
	
	IF (month_period) = '07' THEN 
		SET monthPeriod = 'VII';
	END IF;
	
	IF (month_period) = '08' THEN 
		SET monthPeriod = 'VIII';
	END IF;
	
	IF (month_period) = '09' THEN 
		SET monthPeriod = 'IX';
	END IF;
	
	IF (month_period) = '10' THEN 
		SET monthPeriod = 'X';
	END IF;
	
	IF (month_period) = '11' THEN 
		SET monthPeriod = 'XI';
	END IF;
	
	IF (month_period) = '12' THEN 
		SET monthPeriod = 'XII';
	END IF;
		
	SET PERIOD = (SELECT LEFT(TRIM(sales_order_no), 4) 
			FROM sales_order
			WHERE RIGHT(TRIM(sales_order_no), 4) = year_period
			ORDER BY sales_order_id DESC 
			LIMIT 1);
		
	IF (PERIOD IS NULL ) THEN 
		SET PERIOD = "0000";
	END IF;
	
	SET tPeriod = CAST(PERIOD AS DECIMAL(10));
	
	SET tPeriod = tPeriod + 1;
	
	SET PERIOD = RIGHT(CONCAT('0000', TRIM(CAST(tPeriod AS CHAR(4)))), 4);
	
	SET nSalesOrderNo = CONCAT(PERIOD, '/SO/', monthPeriod, '/', year_period);
		
	SET new.sales_order_no = nSalesOrderNo;
    END */$$


DELIMITER ;

/*!40101 SET SQL_MODE=@OLD_SQL_MODE */;
/*!40014 SET FOREIGN_KEY_CHECKS=@OLD_FOREIGN_KEY_CHECKS */;
/*!40014 SET UNIQUE_CHECKS=@OLD_UNIQUE_CHECKS */;
/*!40111 SET SQL_NOTES=@OLD_SQL_NOTES */;
